id_proposta,data_entrada,canal_origem,cidade,uf,tipo_imovel,valor_imovel,valor_solicitado,prazo_meses,score_credito,idade_cliente,renda_mensal_declarada,flag_cliente_recorrente,consultor_id,etapa_max_funil,status_final,tempo_analise_dias,data_assinatura_contrato,taxa_juros_aa,ltv,contratada
PR-000001,2024-12-07,Mídia paga,Goiânia,GO,Apartamento,461158.85,313370.07,120.0,681.0,33.0,5270.65,0.0,CONS-016,6.0,Contratada,17.0,2024-07-29,1.37,0.6795273906160535,True
PR-000003,2025-03-02,Organico,Brasília,DF,Sala comercial,646299.62,296412.1,180.0,644.0,65.0,3144.5,0.0,CONS-012,3.0,Desistiu,33.0,,,0.45862954398766315,False
PR-000004,2025-11-03,Mídia paga,Santos,SP,Apartamento,523466.29,291062.73,180.0,847.0,45.0,19433.79,0.0,CONS-015,4.0,Problema garantia,37.0,,,0.5560295582739435,False
PR-000005,2025-03-31,Correspondente,Recife,PE,Imóvel rural,862253.74,383285.39,84.0,686.0,35.0,4667.16,0.0,CONS-029,2.0,Desistiu,14.0,,,0.4445157755998832,False
PR-000006,2024-09-28,Correspondente,Goiânia,GO,Apartamento,464652.37,258833.43,240.0,696.0,37.0,6905.22,0.0,CONS-007,1.0,Sem retorno,10.0,,,0.5570474761594351,False
PR-000007,2025-09-04,Parceria,Santos,SP,Casa,940249.89,614846.2,240.0,802.0,42.0,10593.46,0.0,CONS-021,4.0,Problema garantia,31.0,,,0.6539178643243446,False
PR-000008,2025-08-15,Organico,Curitiba,PR,Casa,471282.92,195591.63,180.0,782.0,30.0,3082.71,1.0,CONS-016,5.0,Desistiu,25.0,,,0.4150195598007244,False
PR-000010,2025-01-17,Correspondente,Campinas,SP,Casa,1849907.12,755008.73,60.0,686.0,37.0,5906.76,0.0,CONS-001,3.0,Reprovada crédito,32.0,,,0.4081333175256928,False
PR-000011,2025-06-29,Indicação,Porto Alegre,RS,Casa,435372.64,223725.67,120.0,731.0,33.0,2029.72,0.0,CONS-011,3.0,Sem retorno,45.0,,,0.5138716801313009,False
PR-000012,2025-06-28,Correspondente,Salvador,BA,Apartamento,491081.76,326276.57,84.0,596.0,24.0,5353.11,0.0,CONS-009,3.0,Reprovada crédito,21.0,,,0.6644037644566558,False
PR-000013,2025-11-01,Parceria,Florianópolis,SC,Imóvel rural,599465.34,473577.62,84.0,553.0,44.0,5825.98,1.0,CONS-013,1.0,Sem retorno,27.0,,,0.7900000023354145,False
PR-000014,2024-12-07,Correspondente,Belo Horizonte,MG,Apartamento,739770.19,446161.45,120.0,551.0,43.0,3378.76,0.0,CONS-015,3.0,Reprovada crédito,31.0,,,0.6031081760674893,False
PR-000015,2025-04-20,Parceria,Belo Horizonte,MG,Sala comercial,678105.73,510722.95,84.0,690.0,35.0,3347.77,0.0,CONS-011,5.0,Desistiu,36.0,,,0.7531612363753364,False
PR-000016,2025-04-15,Indicação,Recife,PE,Sala comercial,631127.68,342162.8,240.0,687.0,47.0,5849.83,1.0,CONS-028,6.0,Contratada,49.0,2025-03-06,1.5,0.5421451329784807,True
PR-000017,2024-12-08,Parceria,Campinas,SP,Apartamento,759252.44,457780.97,240.0,651.0,43.0,5791.87,0.0,CONS-029,4.0,Sem retorno,43.0,,,0.6029364489101938,False
PR-000018,2025-05-22,Indicação,Curitiba,PR,Casa,724354.1,508567.22,240.0,665.0,47.0,3596.52,0.0,CONS-010,3.0,Desistiu,39.0,,,0.7020975238491781,False
PR-000019,2025-01-18,Parceria,Belo Horizonte,MG,Sala comercial,651354.15,423908.73,84.0,693.0,49.0,2953.24,0.0,CONS-024,3.0,Sem retorno,11.0,,,0.6508114364512761,False
PR-000021,2025-01-09,Parceria,Porto Alegre,RS,Apartamento,399671.21,267191.29,60.0,686.0,48.0,5777.13,0.0,CONS-009,3.0,Reprovada crédito,17.0,,,0.6685277380875144,False
PR-000022,2025-08-25,Organico,Campinas,SP,Apartamento,595493.41,287472.79,180.0,765.0,38.0,9778.56,1.0,CONS-029,5.0,Documentação pendente,54.0,,,0.48274722301292966,False
PR-000023,2024-06-08,Mídia paga,Porto Alegre,RS,Casa,507109.92,246040.14,180.0,803.0,38.0,8054.6,0.0,CONS-003,5.0,Documentação pendente,34.0,,,0.48518108263391896,False
PR-000024,2024-12-20,Organico,São Paulo,SP,Casa,404895.1,172141.99,120.0,670.0,48.0,5710.96,0.0,CONS-006,4.0,Sem retorno,26.0,,,0.42515207025227025,False
PR-000026,2024-02-12,Correspondente,Florianópolis,SC,Apartamento,818716.72,410850.3,60.0,624.0,47.0,8910.04,0.0,CONS-019,5.0,Documentação pendente,31.0,,,0.5018222908651481,False
PR-000027,2025-06-28,Mídia paga,Recife,PE,Apartamento,582498.66,384923.39,240.0,627.0,64.0,3725.97,0.0,CONS-018,4.0,Problema garantia,40.0,,,0.660814206851566,False
PR-000028,2024-01-08,Organico,São Paulo,SP,Sala comercial,1055796.12,620988.29,60.0,527.0,42.0,9349.17,0.0,CONS-002,3.0,Sem retorno,37.0,,,0.5881706498409939,False
PR-000029,2024-07-11,Organico,Florianópolis,SC,Apartamento,819858.94,317134.62,120.0,725.0,23.0,5073.52,0.0,CONS-025,1.0,Sem retorno,41.0,,,0.3868160783853867,False
PR-000031,2024-11-24,Parceria,Porto Alegre,RS,Casa,683558.65,344218.97,180.0,680.0,55.0,5179.54,0.0,CONS-020,1.0,Sem retorno,23.0,,,0.5035690353709955,False
PR-000032,2025-09-08,Mídia paga,Belo Horizonte,MG,Sala comercial,3120356.53,1959972.0,60.0,804.0,31.0,10704.2,0.0,CONS-017,6.0,Contratada,44.0,2025-09-22,1.41,0.6281243765435996,True
PR-000033,2024-03-11,Organico,Salvador,BA,Sala comercial,468464.12,244673.71,120.0,753.0,57.0,4137.0,1.0,CONS-004,6.0,Contratada,51.0,2024-12-24,1.44,0.52228911362518,True
PR-000034,2024-03-08,Indicação,Florianópolis,SC,Apartamento,1331748.32,504026.3,180.0,708.0,38.0,4298.54,0.0,CONS-008,6.0,Contratada,53.0,2024-09-25,1.24,0.3784696345627828,True
PR-000035,2025-01-25,Indicação,São Paulo,SP,Apartamento,335244.08,133306.32,84.0,608.0,30.0,2140.13,0.0,CONS-028,3.0,Desistiu,10.0,,,0.39763959441133157,False
PR-000036,2024-06-10,Organico,Goiânia,GO,Apartamento,1069529.86,531243.05,60.0,748.0,37.0,8037.59,0.0,CONS-024,6.0,Contratada,33.0,2024-08-11,1.32,0.49670707650929913,True
PR-000037,2024-05-23,Organico,Goiânia,GO,Apartamento,577204.25,374765.59,180.0,618.0,32.0,6112.65,0.0,CONS-020,2.0,Desistiu,27.0,,,0.649277253242678,False
PR-000038,2024-08-12,Mídia paga,Campinas,SP,Casa,605984.65,360676.92,84.0,744.0,44.0,4811.98,0.0,CONS-028,3.0,Reprovada crédito,30.0,,,0.5951915118642032,False
PR-000039,2024-10-20,Correspondente,Brasília,DF,Apartamento,968712.95,504078.83,84.0,591.0,49.0,13265.38,0.0,CONS-001,2.0,Sem retorno,3.0,,,0.5203593386461903,False
PR-000040,2025-07-06,Mídia paga,Belo Horizonte,MG,Sala comercial,544985.77,270258.66,240.0,717.0,53.0,12631.04,1.0,CONS-028,5.0,Documentação pendente,46.0,,,0.4959003975461597,False
PR-000041,2025-02-06,Parceria,Brasília,DF,Apartamento,469944.22,238353.9,84.0,732.0,51.0,10885.62,0.0,CONS-013,6.0,Contratada,56.0,2025-07-28,1.08,0.5071961519177745,True
PR-000042,2024-03-12,Correspondente,Salvador,BA,Apartamento,867224.1,391286.75,240.0,677.0,36.0,2832.87,1.0,CONS-022,3.0,Desistiu,22.0,,,0.4511945067024775,False
PR-000043,2025-02-03,Correspondente,Campinas,SP,Apartamento,2491991.75,1831698.0,84.0,695.0,40.0,2745.94,0.0,CONS-009,4.0,Problema garantia,33.0,,,0.7350337335587086,False
PR-000044,2025-06-06,Parceria,Recife,PE,Casa,518093.25,145884.09,60.0,666.0,47.0,4935.13,0.0,CONS-014,2.0,Sem retorno,24.0,,,0.2815788277496377,False
PR-000045,2024-05-10,Organico,Porto Alegre,RS,Apartamento,921265.38,328722.9,84.0,708.0,44.0,3619.91,0.0,CONS-003,1.0,Desistiu,25.0,,,0.356816729615955,False
PR-000046,2024-12-19,Indicação,Santos,SP,Apartamento,535736.04,285883.51,84.0,590.0,44.0,4367.65,0.0,CONS-007,4.0,Sem retorno,33.0,,,0.533627549119152,False
PR-000047,2025-06-21,Correspondente,Recife,PE,Casa,652048.47,385427.67,60.0,760.0,35.0,9204.22,0.0,CONS-028,3.0,Desistiu,6.0,,,0.5911027902572948,False
PR-000048,2025-09-04,Mídia paga,Goiânia,GO,Casa,830269.83,355211.63,180.0,578.0,39.0,6925.06,0.0,CONS-002,3.0,Reprovada crédito,45.0,,,0.42782673435213225,False
PR-000050,2024-08-12,Indicação,Recife,PE,Apartamento,1300161.78,505570.01,120.0,788.0,42.0,4181.4,0.0,CONS-024,6.0,Contratada,43.0,2025-01-20,1.52,0.3888516166042044,True
PR-000051,2024-11-21,Parceria,Goiânia,GO,Apartamento,564567.14,223957.26,60.0,535.0,30.0,9509.7,0.0,CONS-030,6.0,Contratada,9.0,2024-11-30,1.3,0.3966884434683889,True
PR-000052,2024-10-08,Mídia paga,Recife,PE,Apartamento,600136.69,210581.76,240.0,765.0,31.0,2639.41,0.0,CONS-025,3.0,Reprovada crédito,29.0,,,0.3508896614869523,False
PR-000053,2025-12-08,Correspondente,Salvador,BA,Casa,915056.77,333828.5,60.0,628.0,29.0,6186.14,0.0,CONS-022,3.0,Sem retorno,24.0,,,0.36481725609220944,False
PR-000054,2025-09-13,Correspondente,Campinas,SP,Casa,404365.49,131905.59,180.0,612.0,37.0,6154.78,0.0,CONS-001,6.0,Contratada,53.0,2025-05-11,1.16,0.32620387560768355,True
PR-000055,2024-04-20,Parceria,Salvador,BA,Casa,711589.34,360709.35,60.0,536.0,21.0,1992.52,0.0,CONS-029,3.0,Desistiu,40.0,,,0.5069066239806235,False
PR-000056,2025-10-02,Parceria,São Paulo,SP,Apartamento,945095.16,517043.55,84.0,663.0,35.0,1800.0,0.0,CONS-028,4.0,Sem retorno,41.0,,,0.5470809415635987,False
PR-000057,2025-06-10,Indicação,Campinas,SP,Apartamento,1050759.33,444240.96,84.0,624.0,40.0,11342.3,0.0,CONS-020,4.0,Sem retorno,26.0,,,0.42278088551447834,False
PR-000058,2024-09-03,Mídia paga,Recife,PE,Casa,687225.15,264611.04,180.0,591.0,37.0,3097.47,1.0,CONS-026,2.0,Sem retorno,14.0,,,0.38504271853263805,False
PR-000059,2025-01-24,Parceria,Santos,SP,Apartamento,934032.63,339197.81,120.0,592.0,35.0,7659.77,0.0,CONS-009,1.0,Desistiu,18.0,,,0.36315413306278177,False
PR-000060,2025-03-19,Correspondente,Rio de Janeiro,RJ,Casa,1167381.67,756639.78,240.0,609.0,50.0,6811.08,0.0,CONS-007,3.0,Reprovada crédito,35.0,,,0.6481511569391012,False
PR-000061,2024-11-24,Parceria,Recife,PE,Apartamento,1651152.52,1304410.49,120.0,639.0,41.0,8996.17,0.0,CONS-003,3.0,Desistiu,30.0,,,0.7899999995154899,False
PR-000063,2024-08-24,Parceria,Florianópolis,SC,Apartamento,280093.41,157981.53,60.0,731.0,49.0,6480.83,0.0,CONS-003,6.0,Contratada,29.0,2024-09-22,1.29,0.5640315850344355,True
PR-000064,2025-07-16,Indicação,Brasília,DF,Casa,452455.7,331576.94,84.0,662.0,33.0,9584.67,0.0,CONS-014,4.0,Sem retorno,30.0,,,0.7328384635225061,False
PR-000065,2025-04-15,Correspondente,Rio de Janeiro,RJ,Apartamento,411217.04,303012.34,180.0,610.0,33.0,2293.8,0.0,CONS-002,5.0,Documentação pendente,44.0,,,0.7368671784612818,False
PR-000066,2025-08-29,Correspondente,São Paulo,SP,Casa,917155.53,377525.92,180.0,656.0,52.0,2867.83,1.0,CONS-011,2.0,Sem retorno,26.0,,,0.4116269352919891,False
PR-000067,2025-07-05,Correspondente,Florianópolis,SC,Apartamento,312283.4,155710.44,120.0,684.0,48.0,2973.58,1.0,CONS-010,4.0,Sem retorno,32.0,,,0.49861901080877175,False
PR-000068,2025-09-02,Correspondente,Campinas,SP,Casa,667633.46,325503.07,60.0,615.0,34.0,3272.47,0.0,CONS-003,3.0,Desistiu,35.0,,,0.4875475683917939,False
PR-000069,2024-10-29,Organico,Florianópolis,SC,Apartamento,439171.73,183123.91,240.0,671.0,48.0,3622.43,0.0,CONS-011,5.0,Documentação pendente,14.0,,,0.41697563274393823,False
PR-000070,2024-06-06,Indicação,Brasília,DF,Apartamento,1121094.42,640784.51,180.0,748.0,37.0,9271.56,0.0,CONS-029,3.0,Sem retorno,27.0,,,0.571570510537373,False
PR-000071,2025-04-30,Indicação,Goiânia,GO,Sala comercial,959129.63,366373.38,120.0,730.0,31.0,3703.04,1.0,CONS-011,5.0,Documentação pendente,37.0,,,0.381985258864331,False
PR-000073,2024-06-12,Organico,São Paulo,SP,Apartamento,1197665.66,644747.55,240.0,667.0,32.0,3644.99,0.0,CONS-027,6.0,Contratada,23.0,2024-12-29,1.11,0.5383368426877999,True
PR-000074,2025-03-03,Correspondente,Santos,SP,Imóvel rural,553259.13,238007.4,84.0,670.0,51.0,5426.17,0.0,CONS-003,6.0,Contratada,43.0,2025-04-15,1.24,0.43019154514449676,True
PR-000075,2025-09-30,Organico,Florianópolis,SC,Apartamento,837444.95,229186.58,180.0,621.0,56.0,4304.82,0.0,CONS-023,5.0,Documentação pendente,31.0,,,0.2736736068442469,False
PR-000076,2024-03-07,Parceria,Porto Alegre,RS,Apartamento,625249.29,241306.09,180.0,590.0,33.0,1800.0,0.0,CONS-003,3.0,Sem retorno,25.0,,,0.385935808099838,False
PR-000077,2024-04-25,Indicação,São Paulo,SP,Apartamento,871479.32,380732.0,120.0,618.0,52.0,8680.15,0.0,CONS-001,5.0,Documentação pendente,45.0,,,0.43688013159050065,False
PR-000078,2024-12-24,Correspondente,Santos,SP,Apartamento,1060344.88,250000.0,120.0,701.0,34.0,2916.28,0.0,CONS-019,4.0,Problema garantia,29.0,,,0.23577234606913935,False
PR-000079,2025-11-05,Organico,Brasília,DF,Casa,726257.84,218550.66,180.0,639.0,14.0,3413.93,0.0,CONS-006,3.0,Reprovada crédito,41.0,,,0.30092709222939334,False
PR-000080,2024-09-28,Mídia paga,Belo Horizonte,MG,Apartamento,782293.22,333238.77,120.0,990.0,62.0,9209.5,0.0,CONS-026,4.0,Sem retorno,18.0,,,0.4259768095650887,False
PR-000081,2025-04-05,Mídia paga,Brasília,DF,Casa,560213.94,215214.61,180.0,698.0,46.0,6920.03,0.0,CONS-020,6.0,Contratada,52.0,2025-06-25,1.36,0.38416503880642455,True
PR-000082,2025-07-03,Parceria,Florianópolis,SC,Apartamento,976666.57,493380.45,84.0,619.0,44.0,2960.61,0.0,CONS-011,2.0,Sem retorno,34.0,,,0.5051677462452718,False
PR-000083,2025-08-18,Mídia paga,Florianópolis,SC,Apartamento,504259.87,257451.16,180.0,648.0,46.0,6087.59,0.0,CONS-012,3.0,Sem retorno,22.0,,,0.5105525450597527,False
PR-000084,2025-07-19,Organico,Curitiba,PR,Casa,325796.67,199152.0,60.0,649.0,44.0,6474.17,0.0,CONS-029,5.0,Desistiu,33.0,,,0.6112769660905374,False
PR-000086,2025-07-14,Parceria,Porto Alegre,RS,Casa,1137113.14,513208.76,84.0,688.0,23.0,3726.32,0.0,CONS-022,3.0,Reprovada crédito,26.0,,,0.4513260307589094,False
PR-000087,2024-11-26,Mídia paga,Santos,SP,Apartamento,1383138.14,680423.07,60.0,828.0,41.0,6509.12,0.0,CONS-006,6.0,Contratada,44.0,2025-09-01,1.04,0.49194151352084037,True
PR-000088,2024-07-16,Indicação,Campinas,SP,Casa,943998.37,479260.91,180.0,615.0,48.0,8611.7,0.0,CONS-017,6.0,Contratada,34.0,2024-08-19,1.06,0.5076925185792429,True
PR-000089,2025-04-26,Organico,Curitiba,PR,Apartamento,1045552.17,435899.96,84.0,619.0,43.0,10531.2,0.0,CONS-012,6.0,Contratada,36.0,2025-01-06,1.53,0.4169088568770318,True
PR-000090,2025-10-01,Correspondente,São Paulo,SP,Sala comercial,539386.65,181756.21,240.0,670.0,49.0,2160.3,0.0,CONS-026,3.0,Sem retorno,21.0,,,0.3369683139172984,False
PR-000091,2025-01-19,Mídia paga,Goiânia,GO,Apartamento,544581.03,332311.92,240.0,608.0,52.0,4233.96,0.0,CONS-025,5.0,Desistiu,48.0,,,0.6102157469568853,False
PR-000092,2025-05-02,Organico,Campinas,SP,Apartamento,162909.03,45707.69,240.0,633.0,41.0,4676.89,1.0,CONS-010,2.0,Desistiu,8.0,,,0.2805718627138103,False
PR-000093,2024-11-20,Indicação,Porto Alegre,RS,Apartamento,844726.9,391257.79,84.0,639.0,35.0,4246.36,0.0,CONS-019,4.0,Problema garantia,41.0,,,0.46317666692039755,False
PR-000094,2025-07-02,Correspondente,Brasília,DF,Apartamento,1052415.07,242055.47,60.0,741.0,46.0,2358.99,0.0,CONS-018,6.0,Contratada,42.0,2025-03-21,1.0,0.2300000037057622,True
PR-000095,2025-05-14,Organico,São Paulo,SP,Sala comercial,449695.86,157496.34,240.0,705.0,36.0,5749.27,0.0,CONS-012,5.0,Documentação pendente,37.0,,,0.35022857448587585,False
PR-000096,2025-12-03,Indicação,Rio de Janeiro,RJ,Casa,748544.7,400529.58,180.0,536.0,37.0,7291.35,0.0,CONS-007,2.0,Reprovada crédito,34.0,,,0.5350777047783519,False
PR-000097,2025-04-14,Correspondente,Campinas,SP,Sala comercial,1122202.61,438267.22,84.0,625.0,27.0,3302.55,1.0,CONS-008,2.0,Reprovada crédito,39.0,,,0.39054197173895355,False
PR-000098,2025-09-05,Correspondente,Santos,SP,Casa,916927.59,424196.98,60.0,514.0,45.0,3619.61,0.0,CONS-023,3.0,Desistiu,33.0,,,0.4626286575148208,False
PR-000099,2025-10-15,Organico,Salvador,BA,Apartamento,786547.33,320288.79,84.0,650.0,40.0,6583.67,0.0,CONS-029,3.0,Desistiu,31.0,,,0.40720854013959973,False
PR-000100,2025-03-15,Correspondente,Belo Horizonte,MG,Sala comercial,498031.53,332915.66,60.0,579.0,43.0,5553.13,0.0,CONS-003,3.0,Sem retorno,14.0,,,0.6684630187972235,False
PR-000101,2025-07-30,Correspondente,Curitiba,PR,Casa,472934.51,252066.04,240.0,554.0,36.0,4466.87,0.0,CONS-013,2.0,Desistiu,17.0,,,0.532982970517419,False
PR-000102,2024-09-10,Correspondente,Porto Alegre,RS,Sala comercial,317561.92,149067.7,180.0,707.0,68.0,9086.52,0.0,CONS-024,3.0,Reprovada crédito,30.0,,,0.46941302030167853,False
PR-000104,2024-09-07,Indicação,Rio de Janeiro,RJ,Apartamento,426480.15,176528.59,180.0,667.0,24.0,8310.06,0.0,CONS-028,3.0,Reprovada crédito,25.0,,,0.4139198272182187,False
PR-000105,2025-06-20,Correspondente,Recife,PE,Sala comercial,647698.31,238513.73,84.0,657.0,43.0,5421.01,0.0,CONS-025,6.0,Contratada,40.0,2025-07-30,1.16,0.36824818950044813,True
PR-000107,2025-11-05,Indicação,Belo Horizonte,MG,Apartamento,501466.83,271147.16,84.0,544.0,49.0,4584.03,0.0,CONS-018,1.0,Sem retorno,31.0,,,0.5407080663740012,False
PR-000108,2024-04-09,Indicação,Salvador,BA,Casa,853752.22,396038.63,84.0,625.0,65.0,5403.18,0.0,CONS-027,3.0,Sem retorno,22.0,,,0.4638800587833318,False
PR-000109,2024-04-27,Organico,Curitiba,PR,Casa,586413.03,236519.96,240.0,693.0,30.0,2839.02,0.0,CONS-010,2.0,Desistiu,44.0,,,0.40333339796354795,False
PR-000110,2024-07-23,Indicação,Porto Alegre,RS,Apartamento,775493.22,511423.35,60.0,565.0,45.0,6964.84,0.0,CONS-005,1.0,Desistiu,31.0,,,0.6594813943054202,False
PR-000111,2025-08-10,Mídia paga,Curitiba,PR,Imóvel rural,806800.31,534804.89,180.0,686.0,34.0,8445.96,0.0,CONS-007,2.0,Reprovada crédito,23.0,,,0.6628714483265382,False
PR-000112,2024-07-25,Parceria,Goiânia,GO,Casa,497809.46,287772.06,84.0,674.0,38.0,8719.4,0.0,CONS-011,2.0,Reprovada crédito,20.0,,,0.5780767203580262,False
PR-000113,2024-02-20,Parceria,Brasília,DF,Casa,673306.82,334383.46,120.0,629.0,39.0,5890.18,0.0,CONS-027,5.0,Desistiu,47.0,,,0.4966286543778066,False
PR-000114,2024-07-23,Indicação,Campinas,SP,Casa,478160.86,225476.94,120.0,553.0,69.0,3169.17,0.0,CONS-019,3.0,Sem retorno,19.0,,,0.47155038996709187,False
PR-000115,2025-10-06,Organico,Goiânia,GO,Casa,465887.91,261699.43,240.0,681.0,37.0,6289.22,0.0,CONS-016,4.0,Problema garantia,17.0,,,0.5617218742594114,False
PR-000116,2024-05-07,Organico,Recife,PE,Imóvel rural,734708.65,392866.82,60.0,666.0,55.0,6863.54,0.0,CONS-002,2.0,Sem retorno,20.0,,,0.5347246422102149,False
PR-000117,2025-03-17,Correspondente,Salvador,BA,Apartamento,526133.26,254308.92,120.0,529.0,36.0,6207.08,0.0,CONS-024,1.0,Sem retorno,32.0,,,0.48335457826787076,False
PR-000118,2025-03-14,Parceria,Campinas,SP,Apartamento,833414.12,407910.64,60.0,741.0,42.0,7466.1,1.0,CONS-009,4.0,Sem retorno,30.0,,,0.48944531921297424,False
PR-000119,2025-07-03,Organico,Rio de Janeiro,RJ,Apartamento,878224.82,339650.56,120.0,713.0,30.0,14799.24,0.0,CONS-005,4.0,Sem retorno,38.0,,,0.386746710255809,False
PR-000120,2025-07-06,Mídia paga,Brasília,DF,Casa,871434.42,401069.58,60.0,652.0,58.0,8915.55,0.0,CONS-021,5.0,Desistiu,44.0,,,0.4602406914337857,False
PR-000121,2024-11-11,Correspondente,Campinas,SP,Casa,1115300.82,469435.99,120.0,631.0,38.0,2249.83,1.0,CONS-006,2.0,Reprovada crédito,30.0,,,0.4209052675133871,False
PR-000122,2024-06-20,Parceria,Santos,SP,Sala comercial,380354.44,146283.31,120.0,609.0,47.0,6882.48,0.0,CONS-022,2.0,Reprovada crédito,28.0,,,0.38459735082887425,False
PR-000123,2025-03-19,Organico,Santos,SP,Apartamento,784197.39,374913.01,84.0,750.0,51.0,6108.64,1.0,CONS-010,6.0,Contratada,31.0,2025-04-19,1.26,0.47808500102251045,True
PR-000124,2025-07-23,Organico,Brasília,DF,Sala comercial,750805.8,273497.12,240.0,491.0,40.0,5194.44,0.0,CONS-003,3.0,Desistiu,43.0,,,0.3642714534171153,False
PR-000125,2024-10-11,Organico,Florianópolis,SC,Casa,805115.95,559658.17,180.0,688.0,46.0,2531.89,1.0,CONS-028,2.0,Sem retorno,29.0,,,0.6951274161193801,False
PR-000126,2024-10-18,Organico,Campinas,SP,Sala comercial,883749.57,495562.93,120.0,705.0,52.0,10808.14,1.0,CONS-020,2.0,Desistiu,19.0,,,0.5607504057965199,False
PR-000127,2025-06-02,Parceria,Porto Alegre,RS,Sala comercial,923519.94,588647.9,120.0,631.0,52.0,16371.59,1.0,CONS-001,3.0,Sem retorno,47.0,,,0.6373959830255533,False
PR-000129,2025-02-26,Correspondente,Rio de Janeiro,RJ,Apartamento,1106978.01,456774.28,180.0,717.0,42.0,3270.09,0.0,CONS-014,2.0,Desistiu,25.0,,,0.41263175589188084,False
PR-000130,2024-11-28,Organico,Santos,SP,Sala comercial,1364583.01,947275.14,60.0,623.0,33.0,4734.44,0.0,CONS-004,5.0,Documentação pendente,35.0,,,0.6941865266225175,False
PR-000131,2024-09-17,Parceria,Recife,PE,Apartamento,1443534.04,711479.18,180.0,705.0,41.0,5800.54,0.0,CONS-003,4.0,Problema garantia,36.0,,,0.49287315732436765,False
PR-000132,2024-07-26,Correspondente,Santos,SP,Casa,774309.06,459495.24,180.0,546.0,27.0,3643.65,0.0,CONS-010,3.0,Desistiu,27.0,,,0.5934261443356997,False
PR-000133,2025-05-07,Indicação,Rio de Janeiro,RJ,Imóvel rural,1300379.54,652199.12,60.0,698.0,36.0,8448.09,0.0,CONS-018,6.0,Contratada,29.0,2025-03-08,1.61,0.5015452027182772,True
PR-000134,2025-06-08,Organico,Campinas,SP,Apartamento,1211674.19,934716.53,120.0,843.0,35.0,4855.53,0.0,CONS-007,3.0,Sem retorno,29.0,,,0.7714256338166287,False
PR-000135,2024-12-12,Mídia paga,Porto Alegre,RS,Casa,512618.8,292011.43,180.0,644.0,47.0,5223.95,0.0,CONS-017,2.0,Reprovada crédito,30.0,,,0.5696463531965663,False
PR-000136,2024-08-28,Parceria,Goiânia,GO,Casa,894385.18,467769.1,84.0,762.0,29.0,6818.9,0.0,CONS-007,1.0,Sem retorno,26.0,,,0.5230063181503074,False
PR-000137,2025-08-28,Mídia paga,Curitiba,PR,Apartamento,304193.2,116749.7,120.0,771.0,30.0,8192.23,1.0,CONS-012,3.0,Sem retorno,25.0,,,0.3838011500585812,False
PR-000138,2025-10-05,Indicação,Rio de Janeiro,RJ,Imóvel rural,1895442.92,934977.39,84.0,666.0,23.0,5733.38,1.0,CONS-030,6.0,Contratada,21.0,2025-05-31,1.07,0.49327646859447505,True
PR-000139,2025-01-19,Indicação,Salvador,BA,Apartamento,1725573.86,958107.33,180.0,681.0,29.0,3076.42,0.0,CONS-016,2.0,Sem retorno,18.0,,,0.5552398261294941,False
PR-000140,2025-05-08,Mídia paga,Florianópolis,SC,Imóvel rural,651780.72,297772.73,60.0,665.0,26.0,7464.29,0.0,CONS-015,5.0,Documentação pendente,37.0,,,0.45686029190921756,False
PR-000141,2024-07-15,Parceria,Campinas,SP,Sala comercial,997242.13,506431.36,60.0,566.0,36.0,4699.6,0.0,CONS-006,3.0,Sem retorno,30.0,,,0.5078318943464613,False
PR-000142,2025-12-06,Indicação,Curitiba,PR,Apartamento,715613.95,293221.65,84.0,570.0,54.0,6150.99,0.0,CONS-002,2.0,Sem retorno,22.0,,,0.4097483706123952,False
PR-000143,2024-11-20,Mídia paga,Salvador,BA,Casa,243229.45,110753.42,120.0,569.0,54.0,6187.53,1.0,CONS-012,3.0,Reprovada crédito,25.0,,,0.4553454361714833,False
PR-000144,2024-09-21,Correspondente,Salvador,BA,Apartamento,1082822.08,428076.07,240.0,730.0,33.0,6532.88,0.0,CONS-024,5.0,Desistiu,34.0,,,0.3953337098556394,False
PR-000145,2025-12-04,Organico,São Paulo,SP,Casa,1450036.8,569038.38,120.0,755.0,42.0,8957.72,1.0,CONS-023,6.0,Contratada,16.0,2025-04-28,1.35,0.3924303024585307,True
PR-000146,2025-08-16,Correspondente,Florianópolis,SC,Casa,781527.81,294495.0,84.0,626.0,40.0,6959.09,0.0,CONS-005,3.0,Sem retorno,24.0,,,0.3768196041545853,False
PR-000147,2025-02-22,Correspondente,Recife,PE,Casa,1426776.8,748566.87,60.0,486.0,38.0,7976.21,0.0,CONS-020,4.0,Problema garantia,36.0,,,0.5246559027312471,False
PR-000148,2024-10-10,Parceria,Goiânia,GO,Apartamento,704081.39,243861.26,84.0,760.0,21.0,11706.76,0.0,CONS-002,4.0,Sem retorno,12.0,,,0.3463537929897565,False
PR-000149,2024-11-21,Correspondente,Porto Alegre,RS,Apartamento,1003471.0,421566.15,180.0,669.0,28.0,11551.36,0.0,CONS-016,4.0,Sem retorno,37.0,,,0.42010795528719813,False
PR-000150,2024-11-28,Parceria,Porto Alegre,RS,Casa,288182.38,141903.16,60.0,762.0,42.0,6936.14,0.0,CONS-014,6.0,Contratada,34.0,2025-01-01,1.22,0.49240748167878967,True
PR-000151,2025-04-11,Parceria,Brasília,DF,Casa,309252.24,163904.66,84.0,689.0,30.0,11389.82,0.0,CONS-015,5.0,Documentação pendente,48.0,,,0.5300031456522353,False
PR-000152,2025-04-20,Mídia paga,Brasília,DF,Casa,571522.82,314182.46,84.0,675.0,44.0,2707.14,0.0,CONS-019,6.0,Contratada,40.0,2025-05-30,1.27,0.5497286355075026,True
PR-000153,2024-12-07,Parceria,Santos,SP,Casa,1155554.76,556811.6,84.0,703.0,56.0,5224.8,1.0,CONS-007,6.0,Contratada,29.0,2025-05-01,1.21,0.48185652404737617,True
PR-000154,2025-05-06,Indicação,Recife,PE,Casa,566527.44,287078.41,120.0,816.0,31.0,4187.6,0.0,CONS-003,6.0,Contratada,26.0,2025-01-07,1.16,0.5067334602539287,True
PR-000155,2025-05-01,Organico,Belo Horizonte,MG,Casa,380608.38,173094.03,120.0,660.0,41.0,2639.19,0.0,CONS-007,3.0,Desistiu,26.0,,,0.45478249848308644,False
PR-000156,2024-09-21,Indicação,Belo Horizonte,MG,Apartamento,1279434.6,751059.15,84.0,740.0,46.0,3286.66,0.0,CONS-001,1.0,Desistiu,42.0,,,0.5870242605600943,False
PR-000157,2025-03-02,Indicação,Campinas,SP,Apartamento,556247.39,249276.56,84.0,702.0,45.0,3816.65,1.0,CONS-005,3.0,Sem retorno,42.0,,,0.4481397386871334,False
PR-000158,2025-08-08,Mídia paga,Curitiba,PR,Apartamento,529552.07,224380.24,240.0,821.0,41.0,6419.82,0.0,CONS-014,6.0,Contratada,41.0,2025-09-18,1.18,0.42371704825929585,True
PR-000159,2024-06-09,Correspondente,Florianópolis,SC,Casa,536869.25,182556.66,84.0,643.0,31.0,2935.17,1.0,CONS-023,3.0,Desistiu,41.0,,,0.34003932987408014,False
PR-000160,2025-07-18,Organico,Brasília,DF,Apartamento,1291578.77,778040.93,60.0,778.0,52.0,5612.8,0.0,CONS-012,5.0,Documentação pendente,35.0,,,0.6023952608016312,False
PR-000161,2025-04-26,Organico,Florianópolis,SC,Casa,476892.29,185906.11,60.0,660.0,43.0,4771.86,1.0,CONS-006,3.0,Reprovada crédito,12.0,,,0.38982829854514944,False
PR-000163,2024-05-12,Correspondente,Porto Alegre,RS,Sala comercial,1681566.12,809518.31,60.0,674.0,39.0,4107.59,1.0,CONS-002,3.0,Reprovada crédito,32.0,,,0.4814073620845786,False
PR-000164,2025-09-29,Organico,Goiânia,GO,Apartamento,380090.35,155615.3,84.0,656.0,35.0,4581.62,1.0,CONS-017,5.0,Documentação pendente,41.0,,,0.4094166031839535,False
PR-000165,2024-09-30,Parceria,Goiânia,GO,Apartamento,558433.91,128621.09,180.0,631.0,37.0,3684.61,0.0,CONS-004,1.0,Sem retorno,41.0,,,0.2303246412811858,False
PR-000166,2024-04-23,Mídia paga,Belo Horizonte,MG,Apartamento,212675.2,83840.42,60.0,647.0,42.0,7686.51,0.0,CONS-013,6.0,Contratada,78.0,2024-10-07,1.4,0.3942181316862521,True
PR-000167,2024-10-29,Indicação,Santos,SP,Casa,778983.29,373461.11,240.0,534.0,33.0,2335.99,0.0,CONS-025,3.0,Reprovada crédito,42.0,,,0.4794212081237326,False
PR-000168,2024-11-26,Mídia paga,Santos,SP,Apartamento,464712.01,247651.33,120.0,734.0,45.0,3205.33,1.0,CONS-004,6.0,Contratada,38.0,2025-03-01,1.37,0.5329135565056732,True
PR-000169,2024-01-10,Mídia paga,Rio de Janeiro,RJ,Casa,501534.97,179159.23,84.0,759.0,41.0,4806.62,0.0,CONS-028,5.0,Documentação pendente,35.0,,,0.35722181047514995,False
PR-000170,2024-06-25,Correspondente,Recife,PE,Imóvel rural,515119.94,236609.64,120.0,684.0,37.0,4718.06,0.0,CONS-014,4.0,Sem retorno,27.0,,,0.4593292195211857,False
PR-000171,2025-02-19,Correspondente,Florianópolis,SC,Casa,648469.1,324222.94,240.0,598.0,45.0,5900.27,0.0,CONS-001,6.0,Contratada,25.0,2025-03-16,1.25,0.49998209629417967,True
PR-000172,2025-04-22,Correspondente,Porto Alegre,RS,Apartamento,765184.47,465765.25,60.0,712.0,41.0,4134.93,0.0,CONS-023,5.0,Documentação pendente,41.0,,,0.6086966846046941,False
PR-000173,2024-05-12,Correspondente,Rio de Janeiro,RJ,Casa,623927.45,349586.35,180.0,529.0,32.0,4529.65,1.0,CONS-030,2.0,Reprovada crédito,22.0,,,0.5602996790732641,False
PR-000174,2025-02-23,Correspondente,Florianópolis,SC,Apartamento,498456.93,180222.89,180.0,682.0,35.0,4975.9,0.0,CONS-020,3.0,Desistiu,48.0,,,0.36156160974630247,False
PR-000175,2025-01-15,Parceria,Goiânia,GO,Sala comercial,912428.18,505504.8,180.0,732.0,51.0,2114.51,0.0,CONS-009,4.0,Sem retorno,22.0,,,0.5540214682979212,False
PR-000176,2025-06-04,Organico,São Paulo,SP,Apartamento,720836.69,386389.55,180.0,613.0,44.0,6934.52,0.0,CONS-022,5.0,Documentação pendente,27.0,,,0.5360292495655292,False
PR-000177,2025-01-13,Correspondente,Curitiba,PR,Apartamento,757306.98,340043.98,180.0,619.0,43.0,9052.61,0.0,CONS-024,4.0,Problema garantia,16.0,,,0.4490173588522847,False
PR-000179,2024-01-11,Parceria,Recife,PE,Casa,290906.47,114542.36,120.0,735.0,47.0,10140.41,0.0,CONS-021,3.0,Reprovada crédito,34.0,,,0.3937429098775287,False
PR-000180,2024-03-10,Correspondente,Brasília,DF,Sala comercial,719552.36,173478.91,84.0,715.0,54.0,6823.47,0.0,CONS-009,3.0,Reprovada crédito,20.0,,,0.2410928233214328,False
PR-000181,2024-09-20,Organico,Goiânia,GO,Apartamento,361745.07,210883.48,240.0,639.0,59.0,4214.19,0.0,CONS-028,4.0,Problema garantia,45.0,,,0.582961586732889,False
PR-000182,2025-02-21,Organico,Rio de Janeiro,RJ,Casa,540465.22,337658.79,120.0,660.0,63.0,8141.5,1.0,CONS-022,3.0,Sem retorno,39.0,,,0.6247558168497873,False
PR-000183,2024-11-22,Organico,Rio de Janeiro,RJ,Apartamento,646659.25,180836.18,84.0,493.0,43.0,11376.52,0.0,CONS-019,5.0,Documentação pendente,38.0,,,0.279646784608741,False
PR-000184,2025-03-06,Parceria,Recife,PE,Casa,1131369.92,330490.3,240.0,765.0,45.0,5811.97,0.0,CONS-008,4.0,Sem retorno,24.0,,,0.29211515540381344,False
PR-000185,2024-09-30,Indicação,Goiânia,GO,Sala comercial,860012.66,397821.85,180.0,609.0,46.0,6944.19,0.0,CONS-014,3.0,Reprovada crédito,16.0,,,0.462576736951756,False
PR-000186,2025-09-18,Mídia paga,Florianópolis,SC,Sala comercial,480452.2,240718.83,180.0,768.0,41.0,5585.33,0.0,CONS-002,3.0,Reprovada crédito,44.0,,,0.5010255546753662,False
PR-000187,2024-07-08,Parceria,Santos,SP,Casa,528536.23,356298.62,84.0,630.0,36.0,3847.48,0.0,CONS-014,4.0,Problema garantia,41.0,,,0.6741233614202757,False
PR-000188,2025-02-03,Parceria,São Paulo,SP,Casa,1146629.49,704456.07,180.0,642.0,45.0,11581.0,0.0,CONS-007,4.0,Sem retorno,21.0,,,0.6143711426783555,False
PR-000189,2025-08-23,Organico,Belo Horizonte,MG,Imóvel rural,161001.08,80373.21,84.0,636.0,34.0,14591.26,0.0,CONS-021,3.0,Sem retorno,19.0,,,0.49920913573995906,False
PR-000190,2025-10-26,Correspondente,Brasília,DF,Apartamento,428413.32,177575.27,180.0,618.0,52.0,3168.05,0.0,CONS-006,6.0,Contratada,68.0,2026-02-01,1.23,0.41449521224036634,True
PR-000191,2024-08-14,Correspondente,Santos,SP,Apartamento,607996.08,293448.12,84.0,735.0,52.0,3361.97,0.0,CONS-005,3.0,Sem retorno,39.0,,,0.48264804602029676,False
PR-000192,2024-10-26,Mídia paga,Porto Alegre,RS,Apartamento,820864.39,383397.34,60.0,642.0,48.0,6368.49,0.0,CONS-011,3.0,Reprovada crédito,24.0,,,0.4670653821394299,False
PR-000193,2025-05-22,Mídia paga,Florianópolis,SC,Apartamento,509263.0,317769.0,240.0,707.0,42.0,5824.56,1.0,CONS-012,4.0,Problema garantia,37.0,,,0.6239781802330033,False
PR-000195,2025-04-21,Correspondente,Brasília,DF,Casa,1110755.79,624098.97,60.0,642.0,60.0,6700.39,0.0,CONS-011,2.0,Sem retorno,12.0,,,0.561868752446476,False
PR-000196,2024-11-28,Correspondente,Curitiba,PR,Casa,813879.85,361482.82,120.0,605.0,61.0,3816.22,0.0,CONS-017,3.0,Desistiu,17.0,,,0.4441476466090173,False
PR-000197,2025-12-06,Indicação,Goiânia,GO,Casa,871456.26,530769.9,180.0,668.0,40.0,1800.0,1.0,CONS-017,3.0,Sem retorno,32.0,,,0.6090608609547427,False
PR-000198,2025-11-25,Mídia paga,Florianópolis,SC,Apartamento,1154779.76,569993.83,60.0,658.0,40.0,4284.58,0.0,CONS-020,3.0,Desistiu,26.0,,,0.4935952722274938,False
PR-000199,2025-09-08,Organico,Salvador,BA,Sala comercial,417174.0,256114.08,180.0,596.0,30.0,1800.0,0.0,CONS-011,1.0,Desistiu,18.0,,,0.613926275367113,False
PR-000200,2024-07-30,Indicação,Recife,PE,Casa,800298.06,569499.27,84.0,632.0,52.0,3884.6,0.0,CONS-024,1.0,Sem retorno,16.0,,,0.7116089597918055,False
PR-000201,2024-02-03,Indicação,Curitiba,PR,Apartamento,372672.25,174025.69,120.0,684.0,36.0,2990.72,0.0,CONS-013,1.0,Sem retorno,26.0,,,0.4669671272814115,False
PR-000202,2024-05-06,Correspondente,Goiânia,GO,Apartamento,892911.01,261127.05,240.0,767.0,42.0,1944.75,0.0,CONS-022,4.0,Problema garantia,41.0,,,0.2924446524631833,False
PR-000203,2024-11-28,Correspondente,Goiânia,GO,Imóvel rural,385447.05,212830.68,120.0,724.0,42.0,12933.49,0.0,CONS-001,4.0,Problema garantia,22.0,,,0.5521658033185103,False
PR-000204,2024-04-12,Organico,Florianópolis,SC,Casa,990396.45,622897.72,120.0,703.0,29.0,9772.0,0.0,CONS-007,3.0,Desistiu,28.0,,,0.6289377551787468,False
PR-000205,2025-06-27,Organico,Porto Alegre,RS,Apartamento,2004912.88,1017835.57,180.0,760.0,40.0,6652.56,1.0,CONS-009,3.0,Sem retorno,46.0,,,0.5076707223308377,False
PR-000206,2024-10-12,Organico,Belo Horizonte,MG,Casa,581209.02,420488.96,120.0,697.0,37.0,4893.89,1.0,CONS-030,3.0,Sem retorno,16.0,,,0.7234728738380557,False
PR-000207,2025-02-02,Mídia paga,Goiânia,GO,Apartamento,905632.21,420588.45,120.0,729.0,41.0,2252.37,0.0,CONS-012,3.0,Desistiu,31.0,,,0.46441419083360563,False
PR-000208,2025-05-26,Correspondente,Florianópolis,SC,Casa,1031272.98,337345.22,120.0,579.0,53.0,11877.25,0.0,CONS-029,4.0,Problema garantia,26.0,,,0.3271153482562881,False
PR-000209,2025-01-23,Correspondente,Curitiba,PR,Sala comercial,955187.01,384388.02,120.0,560.0,39.0,5633.94,0.0,CONS-022,3.0,Reprovada crédito,23.0,,,0.4024217414765722,False
PR-000210,2024-06-15,Mídia paga,São Paulo,SP,Apartamento,610918.35,363174.84,60.0,568.0,42.0,3864.35,0.0,CONS-006,5.0,Desistiu,32.0,,,0.5944736150092725,False
PR-000211,2025-06-13,Organico,Salvador,BA,Apartamento,539147.7,308196.75,120.0,631.0,49.0,3363.39,0.0,CONS-016,3.0,Sem retorno,27.0,,,0.5716369558842596,False
PR-000212,2025-06-11,Organico,Santos,SP,Casa,532438.99,323031.58,240.0,768.0,38.0,4771.71,0.0,CONS-009,2.0,Sem retorno,10.0,,,0.6067015865986825,False
PR-000213,2024-05-09,Correspondente,São Paulo,SP,Imóvel rural,1375972.49,694385.11,240.0,713.0,42.0,5129.09,0.0,CONS-019,3.0,Desistiu,29.0,,,0.504650430910868,False
PR-000214,2025-04-26,Indicação,Porto Alegre,RS,Apartamento,749325.29,308793.31,180.0,637.0,30.0,6626.74,1.0,CONS-025,1.0,Desistiu,20.0,,,0.4120951396155333,False
PR-000215,2024-12-18,Organico,Goiânia,GO,Casa,796840.55,458259.83,240.0,603.0,38.0,6058.24,0.0,CONS-017,4.0,Problema garantia,34.0,,,0.5750960214060391,False
PR-000216,2025-03-02,Organico,Santos,SP,Apartamento,1472942.34,777787.47,240.0,562.0,38.0,5702.15,0.0,CONS-021,4.0,Problema garantia,40.0,,,0.5280501815162703,False
PR-000217,2025-04-18,Mídia paga,Salvador,BA,Casa,876662.71,353088.53,240.0,620.0,39.0,5530.42,1.0,CONS-004,3.0,Desistiu,20.0,,,0.40276439954883,False
PR-000218,2024-12-23,Mídia paga,Santos,SP,Sala comercial,629519.92,257919.12,180.0,672.0,44.0,5276.41,0.0,CONS-012,4.0,Sem retorno,48.0,,,0.4097076387987849,False
PR-000219,2024-10-31,Parceria,Santos,SP,Apartamento,884447.13,434754.49,180.0,577.0,35.0,4103.27,0.0,CONS-014,3.0,Reprovada crédito,46.0,,,0.4915550915971653,False
PR-000220,2025-03-20,Correspondente,Brasília,DF,Apartamento,782812.65,374298.99,120.0,526.0,64.0,6586.39,0.0,CONS-019,5.0,Desistiu,40.0,,,0.4781463227504052,False
PR-000221,2025-05-29,Correspondente,Rio de Janeiro,RJ,Apartamento,1018764.32,557001.01,84.0,562.0,44.0,5679.39,1.0,CONS-008,4.0,Problema garantia,32.0,,,0.5467417724248529,False
PR-000222,2024-11-14,Organico,Campinas,SP,Apartamento,686106.61,344803.56,60.0,547.0,24.0,3300.99,0.0,CONS-027,1.0,Desistiu,11.0,,,0.5025509956827263,False
PR-000223,2024-03-08,Parceria,Santos,SP,Sala comercial,556308.97,223955.76,240.0,897.0,50.0,4240.61,1.0,CONS-024,6.0,Contratada,46.0,2024-09-18,1.36,0.4025744183129027,True
PR-000224,2024-10-22,Parceria,Curitiba,PR,Casa,733678.3,243545.27,180.0,691.0,31.0,5997.67,0.0,CONS-010,2.0,Sem retorno,38.0,,,0.3319510335797038,False
PR-000225,2025-02-20,Indicação,Campinas,SP,Casa,1451485.65,765247.19,240.0,711.0,36.0,4246.02,0.0,CONS-015,4.0,Problema garantia,38.0,,,0.5272165040005735,False
PR-000227,2024-09-17,Mídia paga,Belo Horizonte,MG,Sala comercial,339280.34,139014.78,240.0,578.0,31.0,8761.99,1.0,CONS-027,6.0,Contratada,55.0,2024-11-11,1.16,0.409734262822302,True
PR-000228,2024-12-26,Organico,Rio de Janeiro,RJ,Casa,1130096.61,607763.76,180.0,810.0,26.0,7773.88,0.0,CONS-014,6.0,Contratada,31.0,2025-01-26,1.39,0.5377980560440757,True
PR-000229,2025-03-31,Organico,Florianópolis,SC,Apartamento,330395.1,185299.63,120.0,572.0,44.0,5273.92,0.0,CONS-015,2.0,Sem retorno,8.0,,,0.56084254881504,False
PR-000231,2025-10-28,Mídia paga,Rio de Janeiro,RJ,Apartamento,685498.89,305829.64,84.0,645.0,39.0,5092.97,0.0,CONS-028,2.0,Desistiu,28.0,,,0.4461416998063994,False
PR-000232,2025-01-23,Correspondente,Salvador,BA,Apartamento,1065991.72,521961.12,240.0,716.0,37.0,4228.7,0.0,CONS-023,5.0,Documentação pendente,32.0,,,0.4896483811337672,False
PR-000233,2024-05-27,Parceria,Belo Horizonte,MG,Sala comercial,892990.6,445648.07,120.0,593.0,50.0,2597.12,1.0,CONS-026,5.0,Documentação pendente,24.0,,,0.4990512442124251,False
PR-000234,2024-10-26,Correspondente,Brasília,DF,Casa,704016.64,358426.77,240.0,782.0,33.0,4615.04,0.0,CONS-009,1.0,Desistiu,19.0,,,0.5091169009868858,False
PR-000235,2025-07-15,Organico,Salvador,BA,Apartamento,289234.37,123311.55,84.0,605.0,36.0,7280.96,0.0,CONS-007,6.0,Contratada,25.0,2025-09-08,1.28,0.42633781732094983,True
PR-000236,2024-08-18,Mídia paga,Florianópolis,SC,Apartamento,577780.15,241242.11,180.0,597.0,33.0,4949.26,0.0,CONS-020,2.0,Reprovada crédito,36.0,,,0.41753270686090543,False
PR-000239,2024-10-23,Correspondente,Brasília,DF,Casa,798770.81,323052.7,180.0,665.0,37.0,5896.0,0.0,CONS-029,6.0,Contratada,32.0,2024-11-24,1.29,0.4044372878372959,True
PR-000240,2024-10-26,Mídia paga,Santos,SP,Apartamento,509435.2,213473.45,60.0,632.0,21.0,4326.18,0.0,CONS-023,6.0,Contratada,28.0,2024-11-23,1.45,0.41903945781524327,True
PR-000241,2024-11-16,Correspondente,Goiânia,GO,Casa,1567707.31,831003.33,240.0,691.0,42.0,3928.32,0.0,CONS-002,2.0,Reprovada crédito,2.0,,,0.530075559831382,False
PR-000243,2025-05-07,Parceria,Santos,SP,Apartamento,257199.56,131727.4,120.0,712.0,36.0,2653.38,1.0,CONS-004,2.0,Sem retorno,16.0,,,0.5121602851886683,False
PR-000244,2024-08-27,Correspondente,Brasília,DF,Apartamento,695775.7,383414.34,60.0,727.0,45.0,3919.63,0.0,CONS-004,6.0,Contratada,48.0,2024-10-14,1.51,0.5510602626679835,True
PR-000245,2024-10-12,Mídia paga,Curitiba,PR,Sala comercial,531445.85,358242.76,240.0,616.0,27.0,3250.96,0.0,CONS-015,3.0,Reprovada crédito,24.0,,,0.6740908034186363,False
PR-000246,2024-05-11,Organico,Curitiba,PR,Casa,788875.34,359461.28,120.0,696.0,58.0,4631.86,0.0,CONS-014,6.0,Contratada,38.0,2024-12-13,1.44,0.45566296951302854,True
PR-000247,2025-04-20,Correspondente,Campinas,SP,Sala comercial,618234.96,319005.66,120.0,577.0,61.0,5866.27,0.0,CONS-015,4.0,Problema garantia,27.0,,,0.5159942103565285,False
PR-000248,2025-07-24,Mídia paga,Belo Horizonte,MG,Casa,614994.65,176818.67,240.0,631.0,51.0,6052.45,1.0,CONS-012,3.0,Reprovada crédito,28.0,,,0.2875125336456179,False
PR-000249,2025-09-30,Correspondente,Florianópolis,SC,Imóvel rural,884899.0,581581.58,120.0,620.0,47.0,3692.3,0.0,CONS-020,2.0,Reprovada crédito,23.0,,,0.6572293335171584,False
PR-000250,2024-02-12,Organico,Recife,PE,Casa,614504.29,159769.04,180.0,699.0,47.0,5198.7,0.0,CONS-023,2.0,Reprovada crédito,29.0,,,0.2599966226435946,False
PR-000251,2025-03-26,Correspondente,Rio de Janeiro,RJ,Sala comercial,1024997.76,388114.75,84.0,720.0,41.0,4873.27,1.0,CONS-017,5.0,Documentação pendente,30.0,,,0.3786493640727566,False
PR-000252,2024-11-23,Organico,Belo Horizonte,MG,Apartamento,518987.74,250001.85,84.0,494.0,56.0,4147.82,0.0,CONS-019,2.0,Sem retorno,37.0,,,0.48171051208261684,False
PR-000253,2024-03-10,Parceria,Santos,SP,Sala comercial,488187.52,251732.74,120.0,668.0,51.0,4523.47,0.0,CONS-024,4.0,Sem retorno,43.0,,,0.5156476347449439,False
PR-000254,2025-06-03,Organico,Goiânia,GO,Casa,1942271.26,1005177.18,180.0,803.0,48.0,9923.03,0.0,CONS-024,6.0,Contratada,24.0,2025-03-30,1.51,0.5175266713260227,True
PR-000257,2025-12-29,Correspondente,Salvador,BA,Apartamento,362418.68,172332.61,84.0,652.0,36.0,6615.17,0.0,CONS-024,6.0,Contratada,34.0,2026-01-02,1.25,0.4755069744197512,True
PR-000258,2024-11-22,Organico,Salvador,BA,Sala comercial,614270.96,274776.59,84.0,630.0,33.0,4229.18,0.0,CONS-006,4.0,Problema garantia,53.0,,,0.4473214719445634,False
PR-000259,2024-04-12,Indicação,Rio de Janeiro,RJ,Sala comercial,1132395.46,664125.6,120.0,595.0,38.0,5711.77,0.0,CONS-014,3.0,Desistiu,23.0,,,0.5864785081353117,False
PR-000260,2024-10-19,Mídia paga,Santos,SP,Sala comercial,682826.79,298835.69,180.0,697.0,32.0,10645.36,0.0,CONS-012,5.0,Desistiu,47.0,,,0.43764494067375415,False
PR-000261,2024-08-25,Correspondente,Brasília,DF,Apartamento,437220.97,260611.01,240.0,665.0,43.0,9265.62,1.0,CONS-024,4.0,Problema garantia,29.0,,,0.5960624669946641,False
PR-000262,2024-11-21,Organico,Florianópolis,SC,Sala comercial,729390.1,339446.55,120.0,743.0,42.0,4077.83,0.0,CONS-024,4.0,Sem retorno,43.0,,,0.4653840928194666,False
PR-000263,2024-01-12,Correspondente,Recife,PE,Apartamento,1297528.19,606617.95,240.0,667.0,45.0,4154.63,0.0,CONS-020,2.0,Reprovada crédito,25.0,,,0.46751812767936857,False
PR-000265,2025-07-26,Mídia paga,Brasília,DF,Apartamento,1780948.32,1109876.92,240.0,732.0,39.0,5318.89,0.0,CONS-028,4.0,Problema garantia,45.0,,,0.6231943440110603,False
PR-000266,2024-07-25,Parceria,Porto Alegre,RS,Apartamento,395031.4,208108.8,240.0,755.0,46.0,5255.13,0.0,CONS-007,2.0,Sem retorno,20.0,,,0.5268158429937467,False
PR-000267,2025-02-20,Parceria,Goiânia,GO,Apartamento,1531949.72,989988.37,60.0,672.0,50.0,3358.95,0.0,CONS-007,3.0,Reprovada crédito,55.0,,,0.646227716925331,False
PR-000268,2024-11-16,Parceria,Brasília,DF,Apartamento,419504.37,133418.01,84.0,826.0,41.0,4052.92,0.0,CONS-022,2.0,Reprovada crédito,27.0,,,0.3180372352259406,False
PR-000269,2025-02-06,Correspondente,Rio de Janeiro,RJ,Casa,577763.59,193617.71,180.0,714.0,30.0,4673.33,0.0,CONS-014,3.0,Sem retorno,45.0,,,0.3351158040263493,False
PR-000270,2025-06-07,Indicação,Santos,SP,Casa,900253.54,519771.83,120.0,704.0,24.0,2208.84,0.0,CONS-014,5.0,Desistiu,35.0,,,0.5773616063759105,False
PR-000271,2025-04-14,Organico,Belo Horizonte,MG,Sala comercial,216463.36,105278.29,60.0,749.0,21.0,8962.88,0.0,CONS-007,2.0,Reprovada crédito,21.0,,,0.48635616669721843,False
PR-000272,2024-02-04,Parceria,Santos,SP,Casa,748465.57,341471.43,180.0,708.0,38.0,12447.45,0.0,CONS-003,4.0,Sem retorno,26.0,,,0.4562286412185934,False
PR-000273,2025-09-08,Mídia paga,Goiânia,GO,Apartamento,1427913.74,894082.81,120.0,686.0,39.0,4888.81,0.0,CONS-029,2.0,Desistiu,28.0,,,0.6261462334552507,False
PR-000274,2024-04-16,Parceria,Porto Alegre,RS,Sala comercial,247243.0,123807.68,120.0,818.0,29.0,11988.68,1.0,CONS-011,4.0,Problema garantia,40.0,,,0.50075302435256,False
PR-000275,2025-01-29,Mídia paga,Santos,SP,Apartamento,600739.72,268444.31,240.0,741.0,40.0,2365.58,0.0,CONS-019,6.0,Contratada,14.0,2025-12-02,1.29,0.44685626913432663,True
PR-000276,2024-03-20,Mídia paga,Salvador,BA,Apartamento,522174.17,354560.47,180.0,578.0,48.0,3510.34,0.0,CONS-022,4.0,Problema garantia,29.0,,,0.6790080597054426,False
PR-000277,2024-10-03,Mídia paga,Recife,PE,Sala comercial,722957.6,346013.25,240.0,677.0,21.0,5033.99,0.0,CONS-011,4.0,Problema garantia,34.0,,,0.47860794325974304,False
PR-000278,2025-03-18,Organico,Florianópolis,SC,Casa,509880.02,200480.49,180.0,729.0,35.0,5817.37,0.0,CONS-030,2.0,Reprovada crédito,47.0,,,0.3931915002278379,False
PR-000279,2024-12-27,Organico,Brasília,DF,Apartamento,1975435.09,940432.31,240.0,574.0,24.0,9267.44,0.0,CONS-023,5.0,Documentação pendente,28.0,,,0.4760633820673905,False
PR-000280,2025-03-16,Mídia paga,Brasília,DF,Apartamento,977554.86,487047.0,84.0,780.0,41.0,4163.91,0.0,CONS-028,6.0,Contratada,23.0,2025-08-04,1.2,0.4982298384767889,True
PR-000281,2025-04-17,Organico,São Paulo,SP,Apartamento,723390.2,354772.86,84.0,717.0,47.0,1800.0,0.0,CONS-001,6.0,Contratada,53.0,2025-09-06,1.5,0.4904308352532285,True
PR-000282,2025-06-28,Organico,Porto Alegre,RS,Casa,513492.06,216577.06,84.0,536.0,43.0,3601.91,1.0,CONS-013,3.0,Reprovada crédito,31.0,,,0.42177294815425187,False
PR-000283,2025-02-08,Mídia paga,Rio de Janeiro,RJ,Casa,812805.44,382232.55,120.0,715.0,22.0,8004.53,1.0,CONS-013,4.0,Sem retorno,41.0,,,0.4702632772733411,False
PR-000284,2025-01-03,Correspondente,Curitiba,PR,Apartamento,903717.35,459447.09,120.0,670.0,22.0,6955.22,0.0,CONS-005,2.0,Reprovada crédito,17.0,,,0.5083968898018834,False
PR-000285,2024-10-16,Mídia paga,Goiânia,GO,Apartamento,1512049.63,715242.65,180.0,709.0,38.0,4715.68,1.0,CONS-003,6.0,Contratada,46.0,2024-01-12,1.59,0.47302855396353627,True
PR-000286,2025-05-06,Mídia paga,Rio de Janeiro,RJ,Apartamento,728617.87,470985.34,84.0,802.0,21.0,13360.84,1.0,CONS-008,1.0,Sem retorno,9.0,,,0.6464092625123236,False
PR-000288,2025-03-07,Mídia paga,São Paulo,SP,Apartamento,633574.55,289114.97,180.0,573.0,42.0,7530.32,0.0,CONS-019,1.0,Sem retorno,34.0,,,0.45632352183338165,False
PR-000290,2025-10-04,Correspondente,Belo Horizonte,MG,Casa,744905.77,375339.75,120.0,648.0,33.0,5916.87,0.0,CONS-022,5.0,Desistiu,46.0,,,0.5038754767599666,False
PR-000291,2024-09-11,Correspondente,Florianópolis,SC,Casa,472131.54,277927.06,120.0,593.0,37.0,6386.46,0.0,CONS-019,4.0,Sem retorno,2.0,,,0.5886644641448864,False
PR-000292,2024-06-10,Organico,São Paulo,SP,Casa,626135.82,256196.54,84.0,771.0,31.0,6443.55,0.0,CONS-001,6.0,Contratada,63.0,2024-08-12,1.25,0.4091708728626962,True
PR-000293,2025-02-16,Organico,Recife,PE,Apartamento,618095.66,233281.37,60.0,706.0,35.0,3451.39,0.0,CONS-002,3.0,Sem retorno,13.0,,,0.3774195243500011,False
PR-000294,2025-03-13,Correspondente,Salvador,BA,Apartamento,594041.89,235629.44,60.0,654.0,30.0,6216.49,0.0,CONS-016,4.0,Sem retorno,22.0,,,0.3966545860932467,False
PR-000295,2025-03-02,Mídia paga,Recife,PE,Apartamento,610754.21,286408.31,60.0,810.0,57.0,3098.94,0.0,CONS-004,6.0,Contratada,37.0,2025-12-03,1.26,0.46894201515205275,True
PR-000296,2024-05-17,Parceria,Florianópolis,SC,Apartamento,708740.12,326409.69,120.0,749.0,27.0,2365.26,0.0,CONS-002,6.0,Contratada,31.0,2024-06-17,1.25,0.46054919255876187,True
PR-000297,2025-01-03,Indicação,Santos,SP,Casa,941859.54,566694.62,60.0,713.0,45.0,6450.8,0.0,CONS-030,5.0,Documentação pendente,44.0,,,0.6016763603626077,False
PR-000299,2024-07-13,Indicação,Salvador,BA,Sala comercial,959050.6,304267.49,120.0,650.0,48.0,6512.36,0.0,CONS-030,6.0,Contratada,55.0,2024-06-09,1.31,0.31725905807263977,True
PR-000300,2025-06-14,Organico,Porto Alegre,RS,Casa,648095.9,332010.61,180.0,855.0,53.0,10236.64,0.0,CONS-001,2.0,Desistiu,17.0,,,0.5122862372682808,False
PR-000301,2025-09-05,Organico,Florianópolis,SC,Casa,787481.58,368571.43,120.0,645.0,64.0,2169.18,0.0,CONS-024,6.0,Contratada,12.0,2025-05-21,1.35,0.46803816033385826,True
PR-000302,2025-06-29,Correspondente,Porto Alegre,RS,Apartamento,813071.92,415655.57,84.0,621.0,29.0,6057.83,0.0,CONS-019,6.0,Contratada,32.0,2025-07-31,1.29,0.5112162402558436,True
PR-000303,2024-06-16,Mídia paga,Florianópolis,SC,Apartamento,823329.22,495894.15,180.0,649.0,45.0,7353.82,0.0,CONS-003,1.0,Sem retorno,23.0,,,0.6023035961240389,False
PR-000304,2024-03-16,Mídia paga,Porto Alegre,RS,Apartamento,3741992.93,1818437.95,240.0,604.0,34.0,4714.03,0.0,CONS-001,6.0,Contratada,57.0,2024-12-05,1.69,0.48595440558461983,True
PR-000305,2025-05-15,Organico,Recife,PE,Apartamento,431556.28,248890.91,60.0,816.0,43.0,5292.08,0.0,CONS-009,6.0,Contratada,23.0,2025-07-06,1.26,0.5767287409187974,True
PR-000306,2025-07-17,Correspondente,Rio de Janeiro,RJ,Apartamento,911145.64,419052.94,120.0,670.0,44.0,4681.18,0.0,CONS-021,5.0,Desistiu,32.0,,,0.45991872386065524,False
PR-000307,2025-06-26,Correspondente,Campinas,SP,Casa,176194.49,80889.85,180.0,608.0,47.0,24288.56,0.0,CONS-007,2.0,Sem retorno,39.0,,,0.45909409539424306,False
PR-000308,2025-06-09,Mídia paga,Goiânia,GO,Sala comercial,613111.67,412986.82,120.0,720.0,25.0,3883.52,0.0,CONS-011,4.0,Problema garantia,20.0,,,0.6735915171864205,False
PR-000309,2024-04-28,Correspondente,São Paulo,SP,Apartamento,839913.49,370022.0,180.0,613.0,41.0,6551.52,0.0,CONS-021,3.0,Desistiu,30.0,,,0.44054775212623387,False
PR-000310,2025-09-01,Organico,Rio de Janeiro,RJ,Casa,534599.62,256912.61,60.0,737.0,56.0,8514.79,0.0,CONS-009,6.0,Contratada,30.0,2025-08-02,1.29,0.4805701320924994,True
PR-000311,2025-01-13,Correspondente,Porto Alegre,RS,Apartamento,609022.47,314469.71,180.0,713.0,45.0,5497.01,1.0,CONS-014,6.0,Contratada,47.0,2025-01-03,1.43,0.5163515723812293,True
PR-000312,2024-11-14,Organico,Brasília,DF,Apartamento,714625.49,287245.19,240.0,679.0,42.0,3604.35,0.0,CONS-001,2.0,Reprovada crédito,38.0,,,0.40195206303094505,False
PR-000313,2024-10-30,Correspondente,Goiânia,GO,Casa,639157.45,387438.65,120.0,731.0,30.0,6405.09,0.0,CONS-030,3.0,Desistiu,35.0,,,0.60617090515021,False
PR-000314,2025-05-18,Correspondente,São Paulo,SP,Apartamento,857258.36,357006.76,240.0,771.0,38.0,3417.75,0.0,CONS-030,5.0,Documentação pendente,30.0,,,0.41645176840270187,False
PR-000315,2024-12-08,Organico,Florianópolis,SC,Casa,1278658.4,491146.43,84.0,679.0,34.0,4603.86,0.0,CONS-021,6.0,Contratada,27.0,2024-08-09,1.46,0.3841107445115912,True
PR-000316,2025-09-09,Mídia paga,Campinas,SP,Sala comercial,339959.87,155407.53,240.0,741.0,32.0,3974.58,1.0,CONS-012,2.0,Desistiu,20.0,,,0.45713492595464283,False
PR-000317,2025-06-15,Parceria,Brasília,DF,Apartamento,880351.07,380200.68,84.0,672.0,62.0,4323.57,0.0,CONS-007,3.0,Desistiu,21.0,,,0.4318739341113086,False
PR-000318,2025-01-23,Correspondente,Belo Horizonte,MG,Casa,874559.34,402490.84,240.0,744.0,48.0,5628.05,0.0,CONS-028,3.0,Sem retorno,35.0,,,0.4602213041370069,False
PR-000319,2025-10-06,Indicação,Curitiba,PR,Casa,1852703.87,730801.89,84.0,548.0,34.0,15632.3,0.0,CONS-013,2.0,Desistiu,31.0,,,0.39445153747101525,False
PR-000320,2025-04-05,Correspondente,Porto Alegre,RS,Apartamento,663763.82,295256.81,180.0,642.0,43.0,7480.86,1.0,CONS-014,2.0,Sem retorno,33.0,,,0.4448220904839315,False
PR-000321,2025-08-02,Mídia paga,Goiânia,GO,Casa,576968.6,323043.34,84.0,582.0,30.0,3783.85,0.0,CONS-025,1.0,Sem retorno,27.0,,,0.5598976096792789,False
PR-000322,2024-07-06,Organico,Florianópolis,SC,Imóvel rural,557550.39,300702.43,240.0,615.0,38.0,9588.4,0.0,CONS-024,4.0,Problema garantia,45.0,,,0.539327808559151,False
PR-000323,2024-02-28,Organico,Recife,PE,Sala comercial,333897.41,216000.44,240.0,611.0,32.0,6301.05,0.0,CONS-024,2.0,Reprovada crédito,32.0,,,0.6469066052354225,False
PR-000325,2024-01-05,Mídia paga,Curitiba,PR,Sala comercial,1353584.89,546740.96,240.0,672.0,36.0,12728.76,0.0,CONS-023,2.0,Sem retorno,25.0,,,0.4039207027495704,False
PR-000326,2025-06-09,Indicação,Salvador,BA,Sala comercial,1147638.49,452374.75,120.0,645.0,47.0,4794.27,0.0,CONS-023,5.0,Documentação pendente,28.0,,,0.39417878882748175,False
PR-000327,2024-09-18,Indicação,Campinas,SP,Casa,276838.3,157843.75,84.0,639.0,58.0,5868.62,1.0,CONS-019,4.0,Problema garantia,42.0,,,0.570165869390182,False
PR-000328,2024-05-04,Correspondente,Florianópolis,SC,Apartamento,460355.17,192753.64,120.0,573.0,44.0,4206.59,0.0,CONS-020,5.0,Desistiu,30.0,,,0.41870636534830274,False
PR-000329,2024-06-13,Correspondente,Brasília,DF,Casa,644390.58,304669.82,120.0,715.0,37.0,2529.53,0.0,CONS-030,3.0,Reprovada crédito,33.0,,,0.47280303197480017,False
PR-000330,2024-03-05,Organico,Florianópolis,SC,Apartamento,926125.23,474145.65,120.0,759.0,56.0,4410.92,1.0,CONS-001,3.0,Reprovada crédito,36.0,,,0.5119671019004634,False
PR-000331,2025-03-24,Correspondente,Curitiba,PR,Imóvel rural,1086486.84,456712.65,60.0,601.0,47.0,10354.33,1.0,CONS-010,2.0,Sem retorno,13.0,,,0.4203572774061396,False
PR-000332,2024-08-30,Organico,Goiânia,GO,Apartamento,989228.99,622731.32,120.0,593.0,30.0,2982.72,0.0,CONS-013,4.0,Sem retorno,52.0,,,0.6295117978699755,False
PR-000333,2025-05-01,Mídia paga,Campinas,SP,Apartamento,613089.54,287220.66,60.0,838.0,42.0,4112.93,1.0,CONS-009,6.0,Contratada,9.0,2025-01-14,1.24,0.4684807703618626,True
PR-000334,2025-11-02,Indicação,Porto Alegre,RS,Sala comercial,1598102.63,690611.72,120.0,846.0,39.0,8493.11,0.0,CONS-016,5.0,Documentação pendente,19.0,,,0.4321447865960899,False
PR-000335,2024-12-31,Mídia paga,Brasília,DF,Sala comercial,849357.67,503629.2,120.0,709.0,47.0,10927.96,0.0,CONS-029,3.0,Reprovada crédito,31.0,,,0.5929530253138233,False
PR-000336,2025-05-01,Correspondente,Porto Alegre,RS,Apartamento,304552.3,171032.02,84.0,748.0,21.0,3278.02,0.0,CONS-018,6.0,Contratada,19.0,2025-01-24,1.32,0.5615850545210133,True
PR-000337,2024-08-12,Indicação,Florianópolis,SC,Apartamento,760620.08,468512.54,240.0,719.0,37.0,8350.6,0.0,CONS-023,3.0,Reprovada crédito,21.0,,,0.615961308831079,False
PR-000338,2025-05-01,Correspondente,Recife,PE,Casa,639623.32,389479.78,60.0,627.0,41.0,2898.22,0.0,CONS-025,5.0,Documentação pendente,40.0,,,0.6089205440477061,False
PR-000339,2025-01-19,Parceria,Brasília,DF,Apartamento,489016.27,183844.34,240.0,634.0,44.0,11801.11,0.0,CONS-021,6.0,Contratada,44.0,2025-04-03,1.09,0.37594728698904023,True
PR-000340,2025-09-03,Organico,Santos,SP,Casa,388402.87,186883.78,180.0,680.0,41.0,8825.85,1.0,CONS-020,4.0,Sem retorno,31.0,,,0.481159626858576,False
PR-000341,2024-12-27,Organico,Recife,PE,Sala comercial,718713.77,348467.08,180.0,576.0,32.0,2480.44,0.0,CONS-023,3.0,Sem retorno,22.0,,,0.48484820320055927,False
PR-000342,2025-03-15,Organico,Porto Alegre,RS,Apartamento,661028.5,356137.42,240.0,691.0,57.0,3887.16,1.0,CONS-027,3.0,Desistiu,22.0,,,0.5387625798282525,False
PR-000343,2024-06-11,Indicação,Curitiba,PR,Apartamento,670811.43,331170.26,60.0,675.0,47.0,3469.89,0.0,CONS-009,6.0,Contratada,31.0,2024-07-12,1.43,0.49368607210524124,True
PR-000344,2025-11-02,Correspondente,Porto Alegre,RS,Apartamento,619113.22,303042.24,180.0,713.0,39.0,3711.19,1.0,CONS-013,3.0,Sem retorno,53.0,,,0.48947790195790036,False
PR-000345,2024-04-08,Parceria,Recife,PE,Apartamento,1376694.76,709596.06,180.0,713.0,40.0,3121.56,0.0,CONS-007,6.0,Contratada,55.0,2024-09-28,1.33,0.5154345615436207,True
PR-000347,2024-06-07,Indicação,Recife,PE,Apartamento,1154638.82,606093.03,180.0,764.0,33.0,17076.7,0.0,CONS-030,6.0,Contratada,20.0,2024-07-26,1.22,0.5249200178459269,True
PR-000348,2024-04-11,Mídia paga,Goiânia,GO,Casa,1160961.12,917159.28,120.0,701.0,37.0,2390.45,0.0,CONS-023,3.0,Reprovada crédito,56.0,,,0.7899999958654945,False
PR-000349,2025-11-03,Organico,Recife,PE,Apartamento,560803.93,218489.93,84.0,644.0,43.0,2650.55,0.0,CONS-017,2.0,Reprovada crédito,8.0,,,0.38960128185977577,False
PR-000350,2025-05-07,Correspondente,Recife,PE,Casa,569938.98,391284.66,60.0,677.0,54.0,3309.68,0.0,CONS-015,3.0,Desistiu,34.0,,,0.6865378114688698,False
PR-000351,2025-04-02,Correspondente,Salvador,BA,Casa,390217.96,264828.5,120.0,589.0,39.0,5449.73,0.0,CONS-029,5.0,Desistiu,59.0,,,0.6786681474117695,False
PR-000352,2024-04-05,Indicação,São Paulo,SP,Casa,857382.54,415078.72,84.0,728.0,38.0,6726.08,1.0,CONS-005,4.0,Problema garantia,21.0,,,0.48412313131545687,False
PR-000353,2025-01-23,Correspondente,Rio de Janeiro,RJ,Sala comercial,390606.58,194456.12,84.0,553.0,36.0,15803.47,0.0,CONS-012,4.0,Problema garantia,25.0,,,0.49783114252709204,False
PR-000354,2025-05-26,Indicação,Brasília,DF,Sala comercial,639158.5,288232.69,120.0,695.0,35.0,5686.47,0.0,CONS-022,2.0,Sem retorno,17.0,,,0.4509565154809018,False
PR-000356,2025-08-22,Indicação,Salvador,BA,Apartamento,251023.97,136235.38,60.0,579.0,30.0,5382.31,0.0,CONS-001,3.0,Reprovada crédito,17.0,,,0.5427186097008982,False
PR-000357,2024-08-14,Mídia paga,Belo Horizonte,MG,Apartamento,437432.59,144832.42,60.0,719.0,49.0,6933.74,0.0,CONS-023,4.0,Sem retorno,35.0,,,0.3310965467845,False
PR-000358,2024-09-24,Correspondente,Curitiba,PR,Sala comercial,286657.15,120320.47,84.0,742.0,38.0,10949.55,0.0,CONS-015,6.0,Contratada,22.0,2024-10-16,1.35,0.41973650404324464,True
PR-000359,2024-11-17,Indicação,Campinas,SP,Sala comercial,533857.56,200627.16,240.0,757.0,57.0,5503.96,0.0,CONS-018,3.0,Desistiu,31.0,,,0.37580653536123004,False
PR-000360,2024-02-14,Correspondente,Goiânia,GO,Casa,1385340.91,654978.53,84.0,564.0,45.0,2593.69,0.0,CONS-010,3.0,Desistiu,39.0,,,0.472792310738878,False
PR-000361,2025-03-05,Organico,Salvador,BA,Casa,623744.78,328223.84,60.0,692.0,32.0,3803.5,0.0,CONS-006,2.0,Reprovada crédito,26.0,,,0.5262149688851905,False
PR-000362,2025-09-01,Indicação,Florianópolis,SC,Casa,708574.63,400390.74,240.0,726.0,38.0,2792.53,0.0,CONS-015,2.0,Reprovada crédito,31.0,,,0.5650650235671012,False
PR-000363,2025-07-21,Correspondente,Rio de Janeiro,RJ,Apartamento,428353.13,234301.97,180.0,728.0,46.0,6655.78,1.0,CONS-020,4.0,Problema garantia,34.0,,,0.5469832098577172,False
PR-000364,2024-08-26,Mídia paga,Salvador,BA,Apartamento,563210.74,218442.82,120.0,576.0,37.0,8146.98,0.0,CONS-025,6.0,Contratada,58.0,2024-10-23,1.52,0.387852724541439,True
PR-000366,2025-01-29,Mídia paga,Salvador,BA,Casa,480864.03,211017.86,120.0,615.0,38.0,2528.68,0.0,CONS-014,2.0,Reprovada crédito,19.0,,,0.43883061912532734,False
PR-000367,2025-04-21,Mídia paga,Campinas,SP,Casa,763319.33,371969.33,120.0,652.0,52.0,3908.93,0.0,CONS-011,3.0,Reprovada crédito,33.0,,,0.4873050051018622,False
PR-000368,2025-05-27,Mídia paga,Porto Alegre,RS,Casa,785127.47,425514.04,84.0,657.0,22.0,5126.34,0.0,CONS-011,5.0,Desistiu,39.0,,,0.5419680959577176,False
PR-000369,2024-10-17,Organico,Belo Horizonte,MG,Sala comercial,1025260.41,527873.11,120.0,639.0,49.0,6313.48,1.0,CONS-002,6.0,Contratada,42.0,2024-11-28,1.32,0.5148673496521727,True
PR-000370,2024-12-07,Indicação,Belo Horizonte,MG,Apartamento,598032.94,352863.36,60.0,649.0,44.0,3316.13,0.0,CONS-011,6.0,Contratada,42.0,2024-08-23,1.49,0.5900400068263799,True
PR-000371,2025-03-13,Mídia paga,Belo Horizonte,MG,Apartamento,1258066.04,649591.15,180.0,636.0,43.0,2717.64,0.0,CONS-005,6.0,Contratada,48.0,2025-04-30,1.16,0.5163410578986776,True
PR-000373,2024-12-12,Mídia paga,Rio de Janeiro,RJ,Casa,440142.63,223429.05,180.0,749.0,50.0,1800.0,1.0,CONS-003,4.0,Sem retorno,21.0,,,0.5076287429827008,False
PR-000374,2024-06-07,Correspondente,Brasília,DF,Casa,1049579.33,522927.03,84.0,544.0,51.0,6461.79,0.0,CONS-011,2.0,Reprovada crédito,29.0,,,0.49822535091273185,False
PR-000376,2024-08-29,Indicação,Porto Alegre,RS,Apartamento,991939.52,502016.73,84.0,566.0,50.0,4780.58,0.0,CONS-013,4.0,Sem retorno,25.0,,,0.5060961075530088,False
PR-000378,2025-11-29,Mídia paga,Santos,SP,Apartamento,501471.13,231284.67,60.0,525.0,48.0,5238.46,0.0,CONS-012,4.0,Sem retorno,36.0,,,0.46121233339993073,False
PR-000379,2025-06-21,Correspondente,Santos,SP,Apartamento,191664.41,94265.7,60.0,668.0,26.0,4326.66,0.0,CONS-001,3.0,Reprovada crédito,33.0,,,0.49182683420463924,False
PR-000380,2024-10-14,Correspondente,São Paulo,SP,Casa,178108.32,92917.91,120.0,699.0,38.0,4670.48,0.0,CONS-012,3.0,Desistiu,18.0,,,0.5216932594726624,False
PR-000381,2025-01-15,Indicação,Belo Horizonte,MG,Casa,273701.78,155914.28,240.0,706.0,33.0,3134.23,0.0,CONS-019,1.0,Sem retorno,2.0,,,0.569650222954341,False
PR-000382,2024-07-13,Mídia paga,Salvador,BA,Sala comercial,538814.53,291769.04,120.0,712.0,46.0,1800.0,0.0,CONS-019,3.0,Desistiu,16.0,,,0.5415018039695403,False
PR-000383,2025-06-05,Indicação,Brasília,DF,Apartamento,685955.31,291897.44,84.0,702.0,30.0,6660.71,0.0,CONS-001,4.0,Problema garantia,34.0,,,0.4255341940570443,False
PR-000384,2025-08-26,Correspondente,Goiânia,GO,Sala comercial,1603321.29,521678.85,60.0,695.0,48.0,5256.91,0.0,CONS-012,5.0,Documentação pendente,46.0,,,0.3253738681409264,False
PR-000385,2024-09-11,Correspondente,Rio de Janeiro,RJ,Apartamento,997255.14,493741.34,180.0,572.0,28.0,3710.5,0.0,CONS-009,3.0,Sem retorno,23.0,,,0.49510032106728474,False
PR-000386,2025-06-02,Organico,Recife,PE,Apartamento,671782.37,417568.47,240.0,704.0,42.0,9114.33,1.0,CONS-027,6.0,Contratada,53.0,2025-03-31,1.48,0.6215829540153011,True
PR-000388,2025-03-23,Correspondente,Salvador,BA,Imóvel rural,793169.87,464562.07,240.0,641.0,43.0,3202.12,0.0,CONS-029,3.0,Reprovada crédito,24.0,,,0.5857031230901396,False
PR-000390,2024-11-09,Correspondente,Belo Horizonte,MG,Casa,1011865.1,488923.72,120.0,527.0,61.0,2894.42,0.0,CONS-022,6.0,Contratada,50.0,2024-10-31,1.45,0.48319061503356525,True
PR-000391,2024-04-06,Parceria,Florianópolis,SC,Apartamento,328680.02,162863.24,240.0,587.0,47.0,1800.0,0.0,CONS-024,4.0,Sem retorno,20.0,,,0.4955069675363899,False
PR-000393,2025-01-27,Mídia paga,Florianópolis,SC,Apartamento,360879.83,173986.32,180.0,751.0,38.0,6663.07,0.0,CONS-003,5.0,Desistiu,50.0,,,0.4821170526488,False
PR-000394,2024-06-07,Organico,Brasília,DF,Sala comercial,920762.36,535705.61,240.0,654.0,45.0,14760.95,0.0,CONS-008,3.0,Reprovada crédito,14.0,,,0.5818065912251235,False
PR-000395,2025-05-17,Mídia paga,Santos,SP,Casa,476938.46,251133.55,180.0,710.0,27.0,3787.16,0.0,CONS-005,5.0,Documentação pendente,32.0,,,0.5265533628804018,False
PR-000396,2025-01-03,Indicação,Rio de Janeiro,RJ,Casa,853710.67,483140.7,180.0,617.0,47.0,4193.59,0.0,CONS-023,6.0,Contratada,37.0,2025-07-04,1.53,0.565930258315736,True
PR-000397,2025-07-16,Indicação,Recife,PE,Apartamento,624744.54,291022.21,84.0,727.0,37.0,3679.18,0.0,CONS-007,5.0,Desistiu,46.0,,,0.46582593582970727,False
PR-000398,2025-12-03,Organico,Brasília,DF,Apartamento,1039548.06,432253.18,60.0,697.0,67.0,6133.28,0.0,CONS-009,2.0,Desistiu,24.0,,,0.41580875058340255,False
PR-000399,2025-02-13,Correspondente,Porto Alegre,RS,Casa,647903.78,191555.62,120.0,574.0,31.0,10001.73,0.0,CONS-030,1.0,Desistiu,39.0,,,0.2956544257235233,False
PR-000400,2024-12-16,Parceria,Salvador,BA,Sala comercial,802719.0,290497.46,84.0,682.0,38.0,5582.08,0.0,CONS-030,4.0,Sem retorno,25.0,,,0.3618918450914953,False
PR-000401,2024-10-21,Correspondente,Recife,PE,Sala comercial,506660.51,297439.08,84.0,743.0,46.0,3757.91,1.0,CONS-010,6.0,Contratada,35.0,2024-11-25,1.46,0.5870579493160025,True
PR-000403,2024-10-26,Mídia paga,Porto Alegre,RS,Apartamento,458883.4,269618.76,180.0,751.0,31.0,5059.69,0.0,CONS-026,6.0,Contratada,34.0,2024-11-29,1.23,0.5875539625098664,True
PR-000404,2025-10-01,Parceria,São Paulo,SP,Apartamento,1203665.81,835732.21,180.0,627.0,44.0,5493.21,0.0,CONS-028,4.0,Problema garantia,29.0,,,0.694322463142822,False
PR-000405,2024-06-15,Indicação,Porto Alegre,RS,Apartamento,582238.52,370396.79,84.0,763.0,28.0,4877.38,0.0,CONS-005,6.0,Contratada,28.0,2024-07-13,1.44,0.6361598851274903,True
PR-000406,2024-03-20,Indicação,Rio de Janeiro,RJ,Apartamento,623444.97,264760.34,240.0,793.0,53.0,2104.46,1.0,CONS-019,4.0,Problema garantia,48.0,,,0.42467315118445825,False
PR-000407,2025-02-08,Correspondente,Rio de Janeiro,RJ,Casa,748078.17,335950.98,84.0,667.0,50.0,3078.98,0.0,CONS-015,3.0,Reprovada crédito,33.0,,,0.44908539437796985,False
PR-000408,2025-05-15,Indicação,Rio de Janeiro,RJ,Sala comercial,164210.48,67423.07,240.0,743.0,44.0,4406.44,0.0,CONS-009,4.0,Problema garantia,40.0,,,0.41058932414057864,False
PR-000409,2025-09-04,Mídia paga,Rio de Janeiro,RJ,Sala comercial,581613.96,198450.75,120.0,661.0,43.0,3929.22,1.0,CONS-015,4.0,Problema garantia,34.0,,,0.34120699234935836,False
PR-000410,2025-04-28,Organico,Campinas,SP,Imóvel rural,313880.84,196657.23,240.0,562.0,59.0,9206.01,1.0,CONS-005,4.0,Problema garantia,20.0,,,0.6265346747510934,False
PR-000411,2025-07-21,Parceria,São Paulo,SP,Sala comercial,436805.75,188770.49,240.0,594.0,42.0,8913.57,0.0,CONS-027,3.0,Sem retorno,27.0,,,0.4321611837756256,False
PR-000412,2025-04-25,Mídia paga,Brasília,DF,Apartamento,773776.64,409525.8,60.0,672.0,28.0,2278.89,0.0,CONS-016,3.0,Desistiu,34.0,,,0.529255832794332,False
PR-000413,2024-06-23,Organico,Salvador,BA,Sala comercial,620823.53,270388.88,60.0,650.0,49.0,2728.43,1.0,CONS-017,5.0,Documentação pendente,37.0,,,0.43553259007434847,False
PR-000414,2024-07-27,Parceria,Porto Alegre,RS,Casa,1263862.87,583505.34,84.0,697.0,47.0,7667.37,0.0,CONS-030,2.0,Desistiu,50.0,,,0.4616840591258132,False
PR-000415,2025-02-21,Parceria,Curitiba,PR,Apartamento,335944.77,241028.82,120.0,677.0,53.0,3602.33,0.0,CONS-002,3.0,Reprovada crédito,14.0,,,0.717465611981398,False
PR-000416,2025-04-03,Correspondente,Porto Alegre,RS,Apartamento,1486089.87,918813.85,120.0,566.0,28.0,6160.53,0.0,CONS-002,3.0,Desistiu,35.0,,,0.6182761006237125,False
PR-000417,2024-05-11,Indicação,Porto Alegre,RS,Casa,763976.31,239168.38,60.0,703.0,56.0,5309.08,0.0,CONS-024,3.0,Reprovada crédito,37.0,,,0.3130573250366886,False
PR-000418,2025-12-01,Parceria,São Paulo,SP,Apartamento,471381.95,260918.9,60.0,834.0,35.0,6592.1,0.0,CONS-028,4.0,Problema garantia,32.0,,,0.5535190730149935,False
PR-000420,2024-04-11,Organico,Belo Horizonte,MG,Casa,1300425.06,435587.08,60.0,853.0,40.0,3737.52,0.0,CONS-021,6.0,Contratada,54.0,2024-12-28,1.32,0.33495746383109537,True
PR-000421,2025-07-02,Parceria,Brasília,DF,Casa,357019.94,190163.14,60.0,751.0,36.0,6859.85,1.0,CONS-022,2.0,Reprovada crédito,18.0,,,0.5326401096812688,False
PR-000423,2024-03-10,Organico,Salvador,BA,Casa,1005857.26,534595.17,60.0,713.0,39.0,5000.3,0.0,CONS-026,1.0,Sem retorno,16.0,,,0.5314821409153024,False
PR-000424,2024-12-23,Correspondente,Curitiba,PR,Casa,782559.49,396134.78,60.0,594.0,21.0,2289.27,0.0,CONS-003,2.0,Sem retorno,27.0,,,0.5062040459058263,False
PR-000425,2024-09-07,Organico,Porto Alegre,RS,Apartamento,543533.58,254135.58,120.0,699.0,57.0,8594.03,0.0,CONS-029,5.0,Documentação pendente,41.0,,,0.46756187538587773,False
PR-000426,2024-11-28,Mídia paga,Santos,SP,Casa,1311978.69,711300.58,240.0,632.0,59.0,4001.39,0.0,CONS-021,2.0,Desistiu,25.0,,,0.5421586382626382,False
PR-000427,2025-03-20,Correspondente,Santos,SP,Apartamento,967742.16,531597.05,240.0,746.0,54.0,22378.51,0.0,CONS-014,2.0,Desistiu,27.0,,,0.5493168242251635,False
PR-000428,2025-06-16,Mídia paga,Goiânia,GO,Imóvel rural,706717.69,227799.9,60.0,692.0,46.0,11618.91,0.0,CONS-023,3.0,Desistiu,24.0,,,0.32233507555187985,False
PR-000429,2024-05-11,Organico,Belo Horizonte,MG,Casa,597598.29,386860.35,240.0,724.0,49.0,2416.22,0.0,CONS-016,2.0,Reprovada crédito,19.0,,,0.6473585290881605,False
PR-000430,2025-03-23,Mídia paga,Florianópolis,SC,Casa,399163.95,145841.51,120.0,555.0,35.0,5984.94,0.0,CONS-017,5.0,Desistiu,37.0,,,0.3653674386176407,False
PR-000432,2024-08-20,Organico,Goiânia,GO,Sala comercial,476142.39,212662.88,180.0,648.0,61.0,4800.53,0.0,CONS-011,2.0,Desistiu,24.0,,,0.4466371498660306,False
PR-000433,2024-06-07,Correspondente,Campinas,SP,Sala comercial,643924.6,342882.29,120.0,736.0,38.0,3905.7,0.0,CONS-012,4.0,Problema garantia,57.0,,,0.5324882602714666,False
PR-000434,2025-04-10,Correspondente,Santos,SP,Casa,524502.55,284828.21,60.0,520.0,46.0,5674.52,0.0,CONS-019,2.0,Reprovada crédito,11.0,,,0.5430444713757826,False
PR-000435,2025-06-15,Correspondente,Florianópolis,SC,Apartamento,830991.68,435437.16,120.0,759.0,33.0,3414.87,0.0,CONS-004,4.0,Problema garantia,33.0,,,0.5239970152288408,False
PR-000436,2025-02-16,Correspondente,Brasília,DF,Apartamento,740833.65,496828.31,180.0,545.0,34.0,6007.12,0.0,CONS-023,2.0,Reprovada crédito,13.0,,,0.6706341025411034,False
PR-000437,2024-08-16,Correspondente,Curitiba,PR,Casa,1105306.89,634760.43,240.0,457.0,27.0,7335.84,0.0,CONS-001,5.0,Documentação pendente,38.0,,,0.5742843329240443,False
PR-000438,2024-11-19,Organico,Salvador,BA,Apartamento,841156.19,344399.37,60.0,767.0,41.0,3988.32,0.0,CONS-002,6.0,Contratada,21.0,2024-10-12,1.05,0.40943569588425666,True
PR-000439,2025-09-25,Correspondente,Salvador,BA,Casa,1231610.31,717690.9,60.0,845.0,50.0,13685.06,1.0,CONS-026,4.0,Sem retorno,31.0,,,0.5827256350265532,False
PR-000440,2024-08-06,Correspondente,Santos,SP,Apartamento,437897.16,202788.85,84.0,722.0,52.0,6776.65,0.0,CONS-007,2.0,Desistiu,20.0,,,0.46309697464126054,False
PR-000441,2024-06-04,Organico,Florianópolis,SC,Casa,646423.11,215265.66,240.0,652.0,35.0,4303.4,1.0,CONS-001,6.0,Contratada,53.0,2024-05-29,1.49,0.3330104643071935,True
PR-000442,2024-05-08,Indicação,Porto Alegre,RS,Casa,568304.45,281723.9,60.0,558.0,48.0,3972.66,1.0,CONS-025,5.0,Desistiu,24.0,,,0.49572707023497714,False
PR-000443,2024-03-07,Organico,Rio de Janeiro,RJ,Casa,573680.46,184597.44,240.0,752.0,48.0,13528.32,0.0,CONS-018,3.0,Reprovada crédito,26.0,,,0.32177745778547173,False
PR-000444,2025-04-03,Mídia paga,Curitiba,PR,Apartamento,1628028.79,856176.64,84.0,673.0,47.0,3859.58,0.0,CONS-009,4.0,Sem retorno,25.0,,,0.5258977269069056,False
PR-000445,2025-02-18,Parceria,São Paulo,SP,Casa,645816.13,264593.73,180.0,804.0,49.0,1800.0,0.0,CONS-015,5.0,Documentação pendente,37.0,,,0.4097044308880919,False
PR-000446,2025-09-05,Mídia paga,Curitiba,PR,Apartamento,1122196.55,668197.51,84.0,853.0,55.0,10258.17,0.0,CONS-026,6.0,Contratada,43.0,2025-06-21,1.4,0.5954371451239981,True
PR-000447,2025-09-09,Correspondente,Porto Alegre,RS,Casa,1026367.75,520582.66,84.0,729.0,58.0,3905.71,0.0,CONS-011,6.0,Contratada,60.0,2025-08-11,1.4,0.5072087076001754,True
PR-000448,2024-11-28,Indicação,Rio de Janeiro,RJ,Casa,530270.42,171905.09,84.0,678.0,43.0,1919.42,0.0,CONS-027,3.0,Reprovada crédito,31.0,,,0.32418381926715806,False
PR-000449,2024-11-20,Correspondente,Recife,PE,Apartamento,1052976.74,464154.21,120.0,621.0,47.0,5281.36,0.0,CONS-004,4.0,Sem retorno,20.0,,,0.4408019592151675,False
PR-000450,2024-08-31,Indicação,Rio de Janeiro,RJ,Apartamento,802200.15,342733.85,120.0,571.0,41.0,4801.39,0.0,CONS-013,3.0,Reprovada crédito,11.0,,,0.42724231602300244,False
PR-000451,2025-07-29,Correspondente,Florianópolis,SC,Apartamento,1253859.33,354570.57,120.0,616.0,34.0,2313.22,1.0,CONS-029,3.0,Reprovada crédito,7.0,,,0.2827833725175535,False
PR-000452,2025-06-02,Correspondente,Porto Alegre,RS,Sala comercial,828932.82,313540.59,120.0,620.0,53.0,7812.08,0.0,CONS-006,6.0,Contratada,36.0,2025-03-14,1.13,0.37824608030358847,True
PR-000453,2024-05-07,Organico,Salvador,BA,Imóvel rural,1400069.45,693300.04,84.0,772.0,62.0,2271.51,0.0,CONS-016,6.0,Contratada,47.0,2024-08-21,1.35,0.49518974933707754,True
PR-000454,2024-10-08,Correspondente,Florianópolis,SC,Casa,481660.74,194988.77,84.0,633.0,50.0,3597.49,0.0,CONS-006,4.0,Problema garantia,18.0,,,0.4048259569588337,False
PR-000455,2025-05-01,Indicação,São Paulo,SP,Apartamento,935345.33,370183.64,60.0,619.0,36.0,8793.71,0.0,CONS-005,4.0,Problema garantia,19.0,,,0.39577215828938817,False
PR-000456,2024-02-06,Parceria,São Paulo,SP,Apartamento,1032540.67,284737.94,240.0,684.0,43.0,8021.31,0.0,CONS-027,5.0,Desistiu,45.0,,,0.2757643822397814,False
PR-000457,2025-08-26,Parceria,Recife,PE,Apartamento,1069760.32,637015.39,180.0,685.0,42.0,7688.62,0.0,CONS-006,5.0,Documentação pendente,45.0,,,0.5954748723527153,False
PR-000458,2025-02-19,Correspondente,Goiânia,GO,Casa,505390.1,190140.79,84.0,623.0,21.0,7875.12,0.0,CONS-026,4.0,Sem retorno,17.0,,,0.37622579073076423,False
PR-000459,2025-09-07,Indicação,Brasília,DF,Apartamento,1211384.4,714004.99,120.0,698.0,57.0,5555.09,0.0,CONS-011,3.0,Desistiu,31.0,,,0.589412402867331,False
PR-000460,2024-10-13,Parceria,São Paulo,SP,Apartamento,573709.08,271010.26,84.0,715.0,45.0,3476.74,0.0,CONS-016,1.0,Desistiu,21.0,,,0.4723827274966609,False
PR-000461,2025-07-10,Indicação,Salvador,BA,Apartamento,683905.03,468996.78,84.0,697.0,40.0,4157.19,1.0,CONS-020,3.0,Desistiu,36.0,,,0.6857630218043579,False
PR-000462,2024-11-23,Correspondente,São Paulo,SP,Apartamento,546956.62,254467.63,120.0,575.0,42.0,4230.81,0.0,CONS-010,3.0,Sem retorno,13.0,,,0.4652428011566987,False
PR-000463,2024-11-16,Parceria,São Paulo,SP,Casa,652625.93,275453.06,84.0,666.0,35.0,4791.96,1.0,CONS-007,6.0,Contratada,36.0,2024-12-22,1.25,0.4220688258586354,True
PR-000464,2024-10-25,Organico,Curitiba,PR,Apartamento,1409804.04,736547.46,84.0,672.0,53.0,4601.76,0.0,CONS-025,3.0,Sem retorno,29.0,,,0.5224466940809731,False
PR-000465,2025-06-19,Indicação,Florianópolis,SC,Apartamento,331235.56,184611.12,84.0,676.0,22.0,14821.89,1.0,CONS-011,4.0,Problema garantia,20.0,,,0.5573408845354647,False
PR-000466,2024-01-12,Parceria,Recife,PE,Apartamento,684729.44,211504.57,60.0,722.0,41.0,12726.98,1.0,CONS-023,6.0,Contratada,44.0,2025-01-14,1.21,0.3088877995372888,True
PR-000467,2024-11-19,Mídia paga,Florianópolis,SC,Sala comercial,1201301.99,848132.29,120.0,575.0,36.0,6193.7,0.0,CONS-023,2.0,Desistiu,37.0,,,0.7060108923985051,False
PR-000468,2025-02-11,Correspondente,Curitiba,PR,Apartamento,777826.45,336662.96,60.0,575.0,53.0,2665.17,0.0,CONS-013,1.0,Desistiu,7.0,,,0.43282529155443356,False
PR-000469,2025-07-17,Parceria,Recife,PE,Sala comercial,1517976.69,870713.79,180.0,517.0,41.0,3231.25,0.0,CONS-004,4.0,Problema garantia,33.0,,,0.5736015551068838,False
PR-000470,2024-12-18,Organico,São Paulo,SP,Apartamento,1417230.52,779906.82,120.0,796.0,28.0,3260.06,0.0,CONS-004,1.0,Desistiu,2.0,,,0.5503034326412897,False
PR-000471,2024-10-10,Correspondente,Santos,SP,Casa,869920.95,349582.1,60.0,664.0,59.0,5242.63,0.0,CONS-006,2.0,Desistiu,26.0,,,0.40185501912558835,False
PR-000472,2025-11-05,Indicação,Porto Alegre,RS,Apartamento,398969.33,164890.5,240.0,589.0,53.0,4444.84,0.0,CONS-009,5.0,Desistiu,40.0,,,0.4132911670177755,False
PR-000473,2024-03-19,Organico,Curitiba,PR,Casa,728847.17,405541.62,84.0,779.0,53.0,2988.1,0.0,CONS-005,3.0,Desistiu,37.0,,,0.556415167256532,False
PR-000474,2024-09-17,Indicação,Rio de Janeiro,RJ,Apartamento,761552.76,387242.94,180.0,543.0,47.0,6336.32,0.0,CONS-024,3.0,Sem retorno,36.0,,,0.5084912829939714,False
PR-000475,2025-04-29,Organico,Porto Alegre,RS,Sala comercial,896665.5,316986.99,120.0,683.0,40.0,7837.46,0.0,CONS-017,2.0,Reprovada crédito,25.0,,,0.35351754918640227,False
PR-000476,2024-06-23,Correspondente,Salvador,BA,Sala comercial,515763.78,255074.06,180.0,583.0,59.0,3139.35,0.0,CONS-010,6.0,Contratada,54.0,2024-08-16,1.11,0.494555976769055,True
PR-000477,2025-03-15,Correspondente,Campinas,SP,Sala comercial,662095.8,395953.71,180.0,715.0,51.0,4128.87,0.0,CONS-010,6.0,Contratada,41.0,2025-04-25,1.48,0.5980308438748592,True
PR-000478,2025-05-23,Parceria,Rio de Janeiro,RJ,Apartamento,974153.29,504274.52,84.0,703.0,46.0,4190.71,0.0,CONS-003,2.0,Reprovada crédito,17.0,,,0.5176541774036404,False
PR-000479,2024-06-23,Organico,Santos,SP,Casa,1209449.0,689075.31,180.0,551.0,42.0,5668.83,0.0,CONS-006,3.0,Desistiu,34.0,,,0.5697431723040823,False
PR-000480,2025-03-06,Indicação,Salvador,BA,Casa,174065.94,96351.07,240.0,745.0,48.0,3773.91,1.0,CONS-009,6.0,Contratada,47.0,2025-07-20,1.47,0.553532012063934,True
PR-000481,2025-03-03,Organico,Rio de Janeiro,RJ,Casa,779719.28,301237.79,180.0,600.0,47.0,3911.16,1.0,CONS-023,2.0,Sem retorno,20.0,,,0.3863413381287686,False
PR-000482,2025-02-20,Indicação,Goiânia,GO,Apartamento,781606.83,375417.58,84.0,737.0,34.0,8568.17,0.0,CONS-016,6.0,Contratada,41.0,2025-02-04,1.35,0.4803151221183674,True
PR-000483,2025-03-13,Mídia paga,Campinas,SP,Casa,1286517.8,539087.04,84.0,712.0,42.0,4113.75,0.0,CONS-023,6.0,Contratada,41.0,2025-04-23,1.28,0.41902804609465955,True
PR-000484,2024-08-22,Parceria,Curitiba,PR,Apartamento,548597.5,247095.92,240.0,753.0,39.0,4224.75,0.0,CONS-024,2.0,Reprovada crédito,21.0,,,0.4504138644452445,False
PR-000485,2024-04-13,Parceria,Porto Alegre,RS,Apartamento,665648.59,315623.35,60.0,596.0,59.0,5502.66,0.0,CONS-029,5.0,Documentação pendente,32.0,,,0.47415912050531045,False
PR-000486,2024-01-09,Indicação,Campinas,SP,Apartamento,464631.39,253089.45,120.0,750.0,35.0,5275.28,0.0,CONS-016,3.0,Desistiu,25.0,,,0.5447101841311238,False
PR-000487,2025-04-30,Parceria,Campinas,SP,Sala comercial,1145321.92,625571.36,180.0,727.0,61.0,4785.42,0.0,CONS-010,5.0,Desistiu,33.0,,,0.5461969679232194,False
PR-000488,2025-04-09,Organico,Recife,PE,Casa,913111.93,458187.17,120.0,616.0,44.0,2911.8,1.0,CONS-022,4.0,Problema garantia,10.0,,,0.5017864239272396,False
PR-000489,2025-03-28,Correspondente,Rio de Janeiro,RJ,Apartamento,437067.01,233724.46,240.0,611.0,35.0,6020.67,0.0,CONS-008,3.0,Reprovada crédito,30.0,,,0.5347565811475911,False
PR-000490,2025-02-25,Mídia paga,Campinas,SP,Imóvel rural,1146297.86,286372.62,180.0,676.0,44.0,11328.48,0.0,CONS-029,6.0,Contratada,44.0,2025-10-04,1.24,0.24982391574908808,True
PR-000492,2025-04-25,Correspondente,Goiânia,GO,Casa,1031859.5,606374.83,180.0,603.0,21.0,5913.73,0.0,CONS-011,3.0,Desistiu,21.0,,,0.5876525147076709,False
PR-000493,2024-05-09,Organico,São Paulo,SP,Casa,1825965.34,830923.21,180.0,587.0,44.0,1920.16,0.0,CONS-018,3.0,Reprovada crédito,45.0,,,0.4550596836629987,False
PR-000495,2025-02-27,Indicação,Salvador,BA,Apartamento,1237221.99,327112.07,240.0,570.0,36.0,7670.64,0.0,CONS-009,3.0,Sem retorno,22.0,,,0.2643923828091675,False
PR-000496,2024-09-14,Parceria,Florianópolis,SC,Apartamento,215353.83,98964.87,120.0,556.0,38.0,5468.24,1.0,CONS-008,2.0,Sem retorno,40.0,,,0.4595454373855343,False
PR-000497,2025-08-28,Parceria,Goiânia,GO,Casa,909309.57,558127.3,240.0,625.0,44.0,5820.77,0.0,CONS-025,5.0,Documentação pendente,45.0,,,0.6137923963562817,False
PR-000498,2024-09-30,Mídia paga,Porto Alegre,RS,Sala comercial,753081.91,589273.26,60.0,635.0,47.0,12243.43,0.0,CONS-026,3.0,Sem retorno,44.0,,,0.7824822933271628,False
PR-000499,2025-03-31,Mídia paga,São Paulo,SP,Imóvel rural,1025803.13,599403.72,60.0,731.0,36.0,6314.01,0.0,CONS-022,4.0,Sem retorno,16.0,,,0.5843262732099481,False
PR-000500,2025-04-05,Mídia paga,São Paulo,SP,Casa,445378.07,254322.79,84.0,597.0,30.0,5952.95,0.0,CONS-003,4.0,Problema garantia,31.0,,,0.5710267458835591,False
PR-000502,2025-03-05,Organico,Porto Alegre,RS,Sala comercial,632248.74,299770.1,60.0,691.0,41.0,7097.97,0.0,CONS-004,6.0,Contratada,66.0,2025-08-07,1.2,0.47413317106808306,True
PR-000503,2024-12-13,Correspondente,Rio de Janeiro,RJ,Apartamento,1521908.46,603245.06,84.0,722.0,32.0,3881.85,0.0,CONS-011,6.0,Contratada,20.0,2025-02-01,1.15,0.3963740762700012,True
PR-000504,2025-05-07,Correspondente,Goiânia,GO,Sala comercial,265549.98,194838.42,180.0,540.0,57.0,1800.0,0.0,CONS-027,1.0,Desistiu,35.0,,,0.733716568157904,False
PR-000505,2025-11-07,Organico,Goiânia,GO,Casa,394321.7,212989.03,240.0,762.0,48.0,7447.96,1.0,CONS-022,3.0,Desistiu,36.0,,,0.5401402712556778,False
PR-000506,2025-02-26,Correspondente,Porto Alegre,RS,Apartamento,959124.93,447480.84,84.0,679.0,56.0,7572.73,0.0,CONS-030,5.0,Documentação pendente,56.0,,,0.4665511509538179,False
PR-000507,2025-02-21,Organico,Brasília,DF,Sala comercial,577899.42,305396.08,60.0,654.0,29.0,8978.14,0.0,CONS-026,3.0,Reprovada crédito,28.0,,,0.5284588795745806,False
PR-000508,2024-01-10,Correspondente,Salvador,BA,Apartamento,594135.43,333769.84,84.0,603.0,38.0,5887.49,1.0,CONS-007,6.0,Contratada,25.0,2024-10-26,1.4,0.5617740049604515,True
PR-000509,2025-10-04,Organico,Brasília,DF,Sala comercial,673605.13,266443.31,84.0,745.0,42.0,5220.56,0.0,CONS-026,4.0,Sem retorno,47.0,,,0.3955482197708322,False
PR-000511,2024-04-10,Indicação,Curitiba,PR,Apartamento,557198.27,142942.89,180.0,817.0,46.0,5481.47,0.0,CONS-007,1.0,Desistiu,4.0,,,0.25653864646780045,False
PR-000512,2025-04-27,Correspondente,Florianópolis,SC,Apartamento,621246.06,327151.76,240.0,645.0,37.0,5467.29,0.0,CONS-009,4.0,Sem retorno,39.0,,,0.5266057703448453,False
PR-000513,2025-07-20,Organico,Curitiba,PR,Sala comercial,451336.8,263111.32,180.0,705.0,44.0,6650.37,0.0,CONS-029,6.0,Contratada,39.0,2025-08-28,1.35,0.5829600422566917,True
PR-000514,2025-02-25,Organico,Belo Horizonte,MG,Casa,411205.63,177811.11,60.0,749.0,42.0,7382.0,0.0,CONS-003,4.0,Problema garantia,42.0,,,0.432414094135822,False
PR-000515,2025-04-20,Indicação,Rio de Janeiro,RJ,Apartamento,446378.89,146749.63,120.0,565.0,51.0,7479.36,1.0,CONS-005,4.0,Sem retorno,20.0,,,0.328755757244703,False
PR-000516,2025-07-02,Indicação,Brasília,DF,Apartamento,1107467.56,482484.51,180.0,564.0,33.0,3179.7,0.0,CONS-024,4.0,Problema garantia,39.0,,,0.43566468890519916,False
PR-000517,2025-09-01,Organico,Goiânia,GO,Sala comercial,788312.73,431840.33,84.0,830.0,52.0,6533.56,0.0,CONS-012,3.0,Reprovada crédito,20.0,,,0.5478033191218414,False
PR-000518,2024-10-23,Correspondente,Florianópolis,SC,Apartamento,437719.27,150495.5,60.0,714.0,28.0,5353.42,0.0,CONS-026,3.0,Desistiu,10.0,,,0.3438173969357118,False
PR-000519,2024-07-30,Indicação,Salvador,BA,Sala comercial,1082255.95,525393.47,120.0,665.0,41.0,2772.0,1.0,CONS-006,4.0,Problema garantia,15.0,,,0.48546138277179257,False
PR-000520,2025-04-27,Mídia paga,Rio de Janeiro,RJ,Apartamento,768602.51,259264.82,180.0,493.0,62.0,4869.31,0.0,CONS-001,4.0,Sem retorno,10.0,,,0.3373197675349772,False
PR-000521,2025-06-19,Correspondente,Salvador,BA,Casa,567687.36,378052.68,120.0,707.0,38.0,4108.09,0.0,CONS-019,2.0,Desistiu,20.0,,,0.6659522593562767,False
PR-000522,2025-02-17,Parceria,Campinas,SP,Sala comercial,1012921.88,526526.63,180.0,572.0,32.0,4967.19,0.0,CONS-009,3.0,Sem retorno,29.0,,,0.5198097112879031,False
PR-000523,2024-04-08,Organico,Goiânia,GO,Casa,376720.91,190109.49,60.0,651.0,42.0,3606.7,0.0,CONS-001,5.0,Desistiu,44.0,,,0.5046427871497762,False
PR-000524,2024-09-17,Indicação,Salvador,BA,Apartamento,1136414.94,480451.89,240.0,642.0,24.0,4484.98,0.0,CONS-013,6.0,Contratada,28.0,2024-10-15,1.33,0.42277857593107676,True
PR-000525,2025-04-19,Indicação,Curitiba,PR,Sala comercial,542617.53,184626.83,240.0,822.0,32.0,9103.21,0.0,CONS-002,1.0,Sem retorno,19.0,,,0.34025223991565473,False
PR-000526,2025-01-16,Parceria,Porto Alegre,RS,Apartamento,1259428.22,748172.6,60.0,598.0,32.0,4510.21,0.0,CONS-001,4.0,Problema garantia,42.0,,,0.5940573572346981,False
PR-000528,2024-12-29,Parceria,Goiânia,GO,Casa,251881.66,135271.03,240.0,630.0,38.0,4558.61,0.0,CONS-016,3.0,Sem retorno,31.0,,,0.5370419982145583,False
PR-000529,2025-02-21,Indicação,Belo Horizonte,MG,Casa,880278.83,432592.02,84.0,604.0,25.0,9638.24,0.0,CONS-021,5.0,Desistiu,48.0,,,0.49142613142247216,False
PR-000530,2024-05-04,Mídia paga,Goiânia,GO,Apartamento,568899.43,337469.94,120.0,761.0,38.0,5986.87,0.0,CONS-003,3.0,Reprovada crédito,23.0,,,0.5931978873664893,False
PR-000531,2025-06-05,Organico,Florianópolis,SC,Apartamento,1205690.84,497760.33,60.0,841.0,51.0,3240.42,1.0,CONS-024,3.0,Reprovada crédito,26.0,,,0.4128424248458253,False
PR-000532,2025-05-04,Correspondente,Goiânia,GO,Casa,498460.16,178731.02,60.0,629.0,46.0,6587.63,0.0,CONS-008,6.0,Contratada,41.0,2025-05-16,1.57,0.35856630949201634,True
PR-000533,2025-02-22,Mídia paga,Recife,PE,Casa,1199575.28,509553.06,84.0,719.0,41.0,6217.53,0.0,CONS-020,2.0,Reprovada crédito,31.0,,,0.4247778930556155,False
PR-000534,2025-03-20,Organico,Recife,PE,Imóvel rural,944528.97,595525.23,120.0,585.0,41.0,7899.83,0.0,CONS-022,2.0,Desistiu,33.0,,,0.6304996976429426,False
PR-000535,2024-06-08,Parceria,Porto Alegre,RS,Casa,296874.39,128681.6,180.0,694.0,21.0,2878.56,0.0,CONS-003,6.0,Contratada,68.0,2024-10-13,1.31,0.43345470116165963,True
PR-000537,2024-09-18,Organico,Campinas,SP,Casa,383087.32,160772.6,240.0,686.0,48.0,5428.75,0.0,CONS-024,3.0,Sem retorno,7.0,,,0.41967611979430697,False
PR-000538,2024-04-12,Parceria,Goiânia,GO,Sala comercial,401297.74,257052.71,120.0,685.0,25.0,13366.09,0.0,CONS-015,4.0,Problema garantia,39.0,,,0.6405535949442427,False
PR-000539,2024-12-15,Organico,Belo Horizonte,MG,Sala comercial,476548.69,224444.51,60.0,474.0,42.0,8360.25,0.0,CONS-021,3.0,Sem retorno,27.0,,,0.4709791773847915,False
PR-000540,2024-06-24,Organico,Florianópolis,SC,Apartamento,280224.94,93394.04,120.0,599.0,62.0,7997.21,0.0,CONS-007,3.0,Desistiu,23.0,,,0.3332823980620711,False
PR-000541,2025-04-26,Correspondente,Goiânia,GO,Apartamento,710166.43,316861.4,120.0,691.0,55.0,4053.19,0.0,CONS-013,5.0,Documentação pendente,50.0,,,0.4461790738263987,False
PR-000542,2025-03-20,Correspondente,Recife,PE,Apartamento,543893.18,258760.63,240.0,697.0,48.0,3903.38,0.0,CONS-004,2.0,Sem retorno,20.0,,,0.4757563424494493,False
PR-000543,2025-09-06,Organico,Florianópolis,SC,Casa,596118.7,279085.24,60.0,660.0,41.0,5805.47,0.0,CONS-010,4.0,Problema garantia,35.0,,,0.46817058414708346,False
PR-000544,2025-02-24,Correspondente,Porto Alegre,RS,Apartamento,1151380.73,490529.85,84.0,587.0,35.0,3360.94,1.0,CONS-023,6.0,Contratada,42.0,2025-07-04,1.39,0.42603618179366265,True
PR-000545,2024-01-08,Correspondente,Curitiba,PR,Apartamento,847124.95,487760.19,84.0,593.0,43.0,3706.23,1.0,CONS-025,6.0,Contratada,64.0,2024-04-10,1.24,0.5757830530195103,True
PR-000546,2025-07-13,Mídia paga,Santos,SP,Apartamento,717662.06,306809.59,180.0,668.0,54.0,5334.03,0.0,CONS-012,4.0,Sem retorno,28.0,,,0.42751262342055535,False
PR-000547,2024-09-20,Correspondente,Brasília,DF,Apartamento,1360022.53,905110.92,120.0,586.0,39.0,3855.85,0.0,CONS-028,5.0,Desistiu,29.0,,,0.6655117103096815,False
PR-000548,2024-12-24,Correspondente,Curitiba,PR,Apartamento,389025.97,145319.98,120.0,606.0,48.0,2429.45,0.0,CONS-001,3.0,Reprovada crédito,38.0,,,0.37354827493907417,False
PR-000549,2024-05-02,Organico,Campinas,SP,Apartamento,972307.99,468798.69,180.0,618.0,26.0,3336.05,1.0,CONS-007,3.0,Desistiu,34.0,,,0.4821504038036343,False
PR-000550,2024-11-06,Indicação,Campinas,SP,Apartamento,1311064.04,786628.32,60.0,777.0,37.0,4831.95,0.0,CONS-023,6.0,Contratada,40.0,2024-07-21,1.48,0.5999922932826378,True
PR-000551,2025-05-03,Indicação,Brasília,DF,Casa,578649.11,337423.17,84.0,834.0,48.0,2419.17,0.0,CONS-017,5.0,Documentação pendente,43.0,,,0.5831222483000104,False
PR-000552,2024-07-12,Correspondente,São Paulo,SP,Apartamento,668532.58,357599.16,84.0,591.0,44.0,2092.21,1.0,CONS-002,3.0,Sem retorno,29.0,,,0.5349016199031018,False
PR-000553,2024-01-09,Organico,Curitiba,PR,Casa,533667.72,239210.25,60.0,720.0,28.0,6553.68,0.0,CONS-001,1.0,Desistiu,5.0,,,0.4482381846142015,False
PR-000554,2025-06-23,Organico,Florianópolis,SC,Apartamento,445141.85,211153.02,240.0,714.0,40.0,6757.71,0.0,CONS-024,3.0,Reprovada crédito,17.0,,,0.4743499628264563,False
PR-000555,2025-02-07,Mídia paga,Florianópolis,SC,Apartamento,770039.78,492400.16,240.0,725.0,44.0,4607.6,0.0,CONS-004,2.0,Reprovada crédito,24.0,,,0.6394476919101504,False
PR-000556,2024-03-20,Organico,Rio de Janeiro,RJ,Casa,462978.19,299492.06,120.0,668.0,36.0,8592.86,0.0,CONS-021,3.0,Sem retorno,48.0,,,0.646881573406298,False
PR-000557,2024-10-26,Parceria,Campinas,SP,Imóvel rural,305888.85,146505.66,180.0,738.0,53.0,9395.78,0.0,CONS-008,4.0,Sem retorno,27.0,,,0.47895063844268926,False
PR-000558,2025-01-18,Correspondente,São Paulo,SP,Sala comercial,450459.7,177567.7,120.0,705.0,39.0,3416.23,0.0,CONS-019,4.0,Sem retorno,18.0,,,0.39419219965737223,False
PR-000559,2025-06-03,Mídia paga,Campinas,SP,Apartamento,1382014.97,416331.86,240.0,676.0,54.0,4528.04,0.0,CONS-002,6.0,Contratada,11.0,2025-03-17,1.13,0.30124989167085503,True
PR-000560,2025-07-19,Correspondente,Rio de Janeiro,RJ,Casa,531686.88,289229.06,120.0,648.0,53.0,5014.49,1.0,CONS-024,4.0,Problema garantia,34.0,,,0.5439838199505694,False
PR-000561,2024-02-05,Organico,Porto Alegre,RS,Casa,1756675.51,469137.31,180.0,644.0,39.0,5406.95,0.0,CONS-005,4.0,Problema garantia,39.0,,,0.267059742866228,False
PR-000562,2025-07-03,Correspondente,Curitiba,PR,Casa,918657.68,436144.21,240.0,719.0,50.0,3311.79,0.0,CONS-002,4.0,Sem retorno,25.0,,,0.4747624925968071,False
PR-000564,2025-09-05,Mídia paga,Curitiba,PR,Casa,1074407.97,558917.85,240.0,657.0,51.0,1815.33,0.0,CONS-030,2.0,Sem retorno,24.0,,,0.5202100743910155,False
PR-000565,2024-09-30,Mídia paga,Belo Horizonte,MG,Apartamento,520117.4,356492.74,180.0,599.0,35.0,3883.04,0.0,CONS-008,1.0,Desistiu,24.0,,,0.6854082174524443,False
PR-000566,2024-08-10,Mídia paga,Rio de Janeiro,RJ,Apartamento,559634.3,324179.35,84.0,613.0,56.0,6821.02,0.0,CONS-003,2.0,Desistiu,21.0,,,0.5792699804139952,False
PR-000567,2025-05-03,Organico,Goiânia,GO,Apartamento,716960.34,351395.01,240.0,692.0,37.0,3356.88,0.0,CONS-030,3.0,Sem retorno,14.0,,,0.49011777973660303,False
PR-000569,2025-11-15,Indicação,Belo Horizonte,MG,Casa,479548.64,116484.07,120.0,661.0,34.0,6468.68,0.0,CONS-023,4.0,Problema garantia,34.0,,,0.24290355614396072,False
PR-000570,2025-12-08,Correspondente,Recife,PE,Apartamento,507998.06,277786.29,60.0,520.0,47.0,3878.29,0.0,CONS-001,4.0,Problema garantia,35.0,,,0.5468254937823975,False
PR-000571,2025-05-22,Indicação,Belo Horizonte,MG,Casa,291277.38,90936.09,180.0,688.0,27.0,3397.84,0.0,CONS-024,5.0,Documentação pendente,49.0,,,0.312197569203623,False
PR-000572,2024-11-20,Indicação,Florianópolis,SC,Casa,408665.7,257533.72,240.0,678.0,46.0,10898.54,1.0,CONS-025,4.0,Problema garantia,25.0,,,0.6301818821594276,False
PR-000574,2024-09-11,Mídia paga,Curitiba,PR,Sala comercial,605267.27,353533.18,84.0,828.0,43.0,1800.0,0.0,CONS-011,3.0,Desistiu,32.0,,,0.5840943291052232,False
PR-000575,2024-06-30,Indicação,Goiânia,GO,Apartamento,297372.82,145122.0,180.0,594.0,42.0,5596.4,0.0,CONS-026,3.0,Desistiu,28.0,,,0.4880136658084622,False
PR-000576,2024-12-21,Correspondente,Salvador,BA,Casa,1031809.63,617108.55,84.0,755.0,37.0,3783.66,0.0,CONS-013,4.0,Problema garantia,38.0,,,0.5980837279062806,False
PR-000578,2024-04-14,Organico,Florianópolis,SC,Casa,589396.12,273286.45,120.0,607.0,51.0,4998.19,0.0,CONS-026,1.0,Desistiu,17.0,,,0.4636719529134328,False
PR-000580,2024-12-29,Indicação,Porto Alegre,RS,Casa,572783.44,305150.31,120.0,433.0,39.0,8608.38,1.0,CONS-017,5.0,Desistiu,39.0,,,0.5327498818750767,False
PR-000581,2025-05-28,Indicação,Recife,PE,Apartamento,1023753.86,383042.82,180.0,557.0,42.0,4637.86,0.0,CONS-025,3.0,Desistiu,31.0,,,0.37415518999850217,False
PR-000582,2025-10-07,Organico,Florianópolis,SC,Apartamento,1138314.64,698747.57,60.0,658.0,37.0,5087.1,0.0,CONS-014,2.0,Desistiu,22.0,,,0.6138439632121396,False
PR-000583,2024-02-17,Indicação,Goiânia,GO,Apartamento,826954.12,434087.22,120.0,554.0,37.0,2548.97,0.0,CONS-023,3.0,Reprovada crédito,38.0,,,0.5249229787983885,False
PR-000584,2025-04-23,Correspondente,Porto Alegre,RS,Casa,1810366.04,1140257.45,120.0,588.0,42.0,8249.02,0.0,CONS-019,2.0,Desistiu,21.0,,,0.6298491160384339,False
PR-000585,2025-06-20,Correspondente,Curitiba,PR,Apartamento,514648.58,177465.21,60.0,614.0,49.0,15957.15,0.0,CONS-002,3.0,Sem retorno,21.0,,,0.3448279406502977,False
PR-000586,2024-10-20,Organico,Brasília,DF,Casa,975501.96,452976.55,120.0,715.0,46.0,5011.23,0.0,CONS-028,3.0,Reprovada crédito,26.0,,,0.46435227049671945,False
PR-000588,2025-12-13,Mídia paga,Goiânia,GO,Casa,914849.28,267527.92,60.0,783.0,35.0,5863.11,0.0,CONS-007,4.0,Sem retorno,32.0,,,0.2924284096283051,False
PR-000589,2025-12-03,Correspondente,Florianópolis,SC,Apartamento,1997634.14,1184654.78,60.0,660.0,37.0,4463.01,0.0,CONS-022,3.0,Desistiu,28.0,,,0.5930289016786627,False
PR-000590,2024-03-11,Parceria,Porto Alegre,RS,Apartamento,1546738.09,429882.01,240.0,692.0,38.0,5287.79,0.0,CONS-014,6.0,Contratada,25.0,2024-11-28,1.07,0.2779281203322535,True
PR-000591,2025-03-04,Correspondente,Brasília,DF,Casa,746983.91,491463.6,180.0,638.0,32.0,7350.83,0.0,CONS-006,2.0,Reprovada crédito,20.0,,,0.657930637354692,False
PR-000592,2024-05-12,Parceria,Belo Horizonte,MG,Apartamento,630527.6,214251.89,180.0,665.0,37.0,9068.43,0.0,CONS-030,6.0,Contratada,33.0,2025-07-01,1.17,0.3397977979076571,True
PR-000594,2024-12-18,Organico,Brasília,DF,Apartamento,748948.87,291794.27,84.0,835.0,42.0,6975.39,0.0,CONS-018,6.0,Contratada,33.0,2025-01-20,1.57,0.3896050607566843,True
PR-000597,2024-06-29,Mídia paga,Rio de Janeiro,RJ,Apartamento,1035021.05,238054.84,180.0,724.0,38.0,5997.12,0.0,CONS-016,1.0,Sem retorno,16.0,,,0.2299999985507541,False
PR-000598,2024-08-27,Parceria,Porto Alegre,RS,Apartamento,669327.51,300372.74,240.0,671.0,52.0,4994.4,0.0,CONS-018,1.0,Sem retorno,20.0,,,0.4487679581554925,False
PR-000599,2025-03-07,Organico,Porto Alegre,RS,Casa,497470.76,192977.41,240.0,606.0,46.0,4149.17,1.0,CONS-018,4.0,Sem retorno,30.0,,,0.38791709084570114,False
PR-000600,2024-12-20,Parceria,Rio de Janeiro,RJ,Sala comercial,962265.31,464550.7,120.0,798.0,33.0,4668.6,0.0,CONS-010,4.0,Problema garantia,18.0,,,0.4827677930112642,False
PR-000601,2025-04-11,Organico,Belo Horizonte,MG,Apartamento,908825.57,455110.11,240.0,746.0,50.0,8402.55,0.0,CONS-009,3.0,Reprovada crédito,50.0,,,0.5007672814487383,False
PR-000602,2024-08-07,Mídia paga,Curitiba,PR,Apartamento,688550.57,280379.87,60.0,714.0,62.0,11945.38,0.0,CONS-017,3.0,Reprovada crédito,18.0,,,0.4072030177827026,False
PR-000603,2025-11-08,Mídia paga,Belo Horizonte,MG,Apartamento,648963.3,267040.2,240.0,582.0,47.0,2999.41,0.0,CONS-013,5.0,Documentação pendente,43.0,,,0.41148736762155885,False
PR-000604,2024-08-15,Parceria,Salvador,BA,Apartamento,1307214.5,497522.76,84.0,681.0,56.0,5561.61,1.0,CONS-024,2.0,Reprovada crédito,39.0,,,0.3805976448394659,False
PR-000605,2025-09-03,Indicação,São Paulo,SP,Apartamento,663821.69,260966.84,180.0,667.0,48.0,4808.19,0.0,CONS-009,3.0,Sem retorno,45.0,,,0.3931279196375762,False
PR-000607,2024-07-14,Mídia paga,Campinas,SP,Apartamento,842730.18,464076.82,120.0,765.0,31.0,8854.55,0.0,CONS-006,4.0,Sem retorno,25.0,,,0.5506825684111609,False
PR-000608,2025-03-08,Parceria,Recife,PE,Casa,872557.8,524127.92,84.0,779.0,21.0,9111.43,0.0,CONS-011,2.0,Sem retorno,45.0,,,0.6006798861920666,False
PR-000609,2024-12-27,Organico,Curitiba,PR,Casa,1511463.83,534412.72,60.0,802.0,23.0,6789.51,0.0,CONS-008,6.0,Contratada,18.0,2025-01-14,1.35,0.3535729465653174,True
PR-000610,2025-11-04,Organico,Brasília,DF,Casa,913505.21,422558.55,60.0,719.0,42.0,10020.08,0.0,CONS-005,6.0,Contratada,46.0,2025-05-27,1.38,0.46256829777686764,True
PR-000611,2025-10-05,Correspondente,Florianópolis,SC,Sala comercial,583773.54,188302.92,240.0,705.0,29.0,4736.11,0.0,CONS-011,4.0,Problema garantia,51.0,,,0.32256158783763994,False
PR-000612,2024-12-08,Parceria,Porto Alegre,RS,Apartamento,1706918.61,839068.42,60.0,614.0,28.0,2838.8,0.0,CONS-006,4.0,Problema garantia,26.0,,,0.4915690854176111,False
PR-000613,2024-05-30,Parceria,Recife,PE,Apartamento,1869239.41,1101379.04,240.0,692.0,48.0,9555.03,0.0,CONS-009,2.0,Desistiu,30.0,,,0.5892124005667096,False
PR-000615,2024-10-19,Parceria,Curitiba,PR,Apartamento,1161466.93,625092.19,84.0,492.0,27.0,2428.25,0.0,CONS-016,4.0,Problema garantia,27.0,,,0.5381919827885241,False
PR-000616,2024-06-17,Parceria,Salvador,BA,Apartamento,1571260.51,561671.38,240.0,595.0,30.0,2854.26,1.0,CONS-003,3.0,Sem retorno,38.0,,,0.35746547210048574,False
PR-000617,2025-04-18,Indicação,Brasília,DF,Apartamento,2931058.08,1750963.07,180.0,742.0,41.0,7856.18,0.0,CONS-020,3.0,Sem retorno,38.0,,,0.597382590931122,False
PR-000618,2024-10-31,Correspondente,Porto Alegre,RS,Apartamento,1337740.22,693944.53,60.0,547.0,31.0,5401.87,1.0,CONS-020,3.0,Reprovada crédito,27.0,,,0.518743863438598,False
PR-000619,2025-09-05,Indicação,Campinas,SP,Apartamento,509569.89,272126.86,180.0,805.0,34.0,6142.22,1.0,CONS-013,4.0,Problema garantia,21.0,,,0.5340324562740549,False
PR-000620,2024-10-29,Correspondente,Curitiba,PR,Casa,1841045.65,675406.56,180.0,740.0,33.0,6454.51,0.0,CONS-028,3.0,Reprovada crédito,6.0,,,0.3668603002864161,False
PR-000621,2025-07-30,Correspondente,Porto Alegre,RS,Casa,981568.63,578648.15,240.0,606.0,33.0,11548.79,0.0,CONS-009,4.0,Problema garantia,25.0,,,0.5895136950332246,False
PR-000622,2025-04-27,Correspondente,Rio de Janeiro,RJ,Casa,500329.21,395260.08,84.0,691.0,37.0,8473.63,0.0,CONS-007,2.0,Sem retorno,7.0,,,0.7900000081946045,False
PR-000623,2025-06-03,Mídia paga,Campinas,SP,Apartamento,375316.85,86322.88,120.0,727.0,60.0,3423.38,0.0,CONS-027,3.0,Reprovada crédito,26.0,,,0.23000001198986939,False
PR-000625,2025-09-27,Indicação,Porto Alegre,RS,Casa,258940.88,109653.64,84.0,637.0,69.0,20804.77,0.0,CONS-029,3.0,Desistiu,31.0,,,0.423469789706438,False
PR-000626,2024-09-29,Organico,Florianópolis,SC,Casa,952255.03,586049.95,60.0,694.0,51.0,4935.23,1.0,CONS-030,4.0,Sem retorno,20.0,,,0.6154338192364286,False
PR-000627,2025-04-25,Organico,Recife,PE,Apartamento,1105740.42,270725.66,240.0,669.0,39.0,2056.86,0.0,CONS-030,6.0,Contratada,42.0,2025-06-06,1.19,0.24483654129239482,True
PR-000628,2025-10-01,Organico,Goiânia,GO,Apartamento,488325.91,129603.2,60.0,597.0,38.0,6711.95,0.0,CONS-030,3.0,Desistiu,27.0,,,0.26540307885772435,False
PR-000629,2025-06-28,Organico,Recife,PE,Casa,261471.68,120486.45,240.0,588.0,30.0,8853.98,0.0,CONS-002,2.0,Desistiu,2.0,,,0.4608011468010608,False
PR-000630,2024-06-14,Organico,São Paulo,SP,Casa,1032152.6,815400.55,120.0,649.0,21.0,13584.94,0.0,CONS-022,1.0,Sem retorno,20.0,,,0.7899999961246041,False
PR-000631,2025-10-05,Indicação,Salvador,BA,Casa,361694.43,237825.57,180.0,760.0,47.0,1800.0,1.0,CONS-027,5.0,Documentação pendente,33.0,,,0.6575317457888418,False
PR-000632,2025-01-01,Mídia paga,Recife,PE,Apartamento,702137.95,276578.06,180.0,718.0,27.0,4197.68,0.0,CONS-022,3.0,Reprovada crédito,34.0,,,0.39390843352079175,False
PR-000633,2025-05-19,Mídia paga,Campinas,SP,Apartamento,824787.54,401539.21,240.0,797.0,42.0,4218.41,0.0,CONS-029,6.0,Contratada,34.0,2025-06-22,1.25,0.4868395684057012,True
PR-000634,2025-01-22,Organico,Belo Horizonte,MG,Apartamento,1148349.73,705581.33,180.0,810.0,42.0,3090.73,1.0,CONS-017,6.0,Contratada,9.0,2025-01-31,1.34,0.6144307013508855,True
PR-000635,2024-06-09,Correspondente,Brasília,DF,Apartamento,645607.0,210627.73,60.0,750.0,34.0,2725.2,1.0,CONS-012,2.0,Reprovada crédito,34.0,,,0.3262475933501341,False
PR-000636,2025-03-24,Correspondente,Florianópolis,SC,Casa,867085.87,408805.9,240.0,670.0,50.0,10891.43,0.0,CONS-004,4.0,Sem retorno,24.0,,,0.47147106664303046,False
PR-000637,2025-03-01,Organico,Salvador,BA,Apartamento,689566.7,338477.16,84.0,738.0,43.0,6639.25,1.0,CONS-021,6.0,Contratada,9.0,2025-12-01,1.21,0.4908548513146009,True
PR-000638,2024-10-07,Mídia paga,Salvador,BA,Casa,743962.92,250100.12,84.0,718.0,22.0,3540.74,1.0,CONS-021,2.0,Reprovada crédito,23.0,,,0.33617282968887746,False
PR-000639,2024-12-30,Mídia paga,Rio de Janeiro,RJ,Casa,635647.78,460210.28,84.0,701.0,52.0,3732.18,1.0,CONS-029,4.0,Sem retorno,41.0,,,0.7240020251466937,False
PR-000640,2025-06-24,Parceria,Rio de Janeiro,RJ,Apartamento,435065.34,258292.84,240.0,720.0,31.0,2307.19,0.0,CONS-006,2.0,Desistiu,29.0,,,0.5936874677261121,False
PR-000641,2025-08-10,Parceria,Rio de Janeiro,RJ,Casa,1039489.79,689130.26,84.0,687.0,59.0,2692.34,0.0,CONS-025,3.0,Sem retorno,27.0,,,0.6629504845834031,False
PR-000642,2024-03-10,Mídia paga,Goiânia,GO,Sala comercial,735711.56,350279.12,180.0,645.0,48.0,3400.58,1.0,CONS-029,6.0,Contratada,23.0,2024-10-26,1.12,0.47610930566321397,True
PR-000643,2024-07-14,Indicação,Florianópolis,SC,Casa,744317.8,497455.4,84.0,736.0,26.0,2774.39,0.0,CONS-016,6.0,Contratada,55.0,2024-07-09,1.45,0.6683373687959632,True
PR-000645,2025-10-05,Organico,São Paulo,SP,Apartamento,787974.13,467137.01,60.0,588.0,37.0,4478.95,1.0,CONS-016,5.0,Desistiu,25.0,,,0.5928329271419102,False
PR-000646,2025-03-06,Indicação,Goiânia,GO,Casa,1376976.35,649540.04,120.0,739.0,40.0,4505.92,1.0,CONS-029,3.0,Sem retorno,36.0,,,0.4717147393272223,False
PR-000647,2024-09-19,Correspondente,Goiânia,GO,Sala comercial,1031499.88,503660.61,120.0,633.0,47.0,7625.99,1.0,CONS-023,2.0,Reprovada crédito,27.0,,,0.4882798532172393,False
PR-000648,2024-01-07,Indicação,Rio de Janeiro,RJ,Casa,764030.95,421622.57,240.0,709.0,57.0,2344.45,1.0,CONS-022,1.0,Sem retorno,38.0,,,0.5518396473336584,False
PR-000649,2025-01-02,Indicação,Brasília,DF,Apartamento,588992.05,299692.75,240.0,599.0,49.0,5804.52,1.0,CONS-029,1.0,Sem retorno,17.0,,,0.5088230817376906,False
PR-000650,2024-02-16,Mídia paga,Curitiba,PR,Apartamento,287924.11,156112.28,60.0,788.0,45.0,12804.63,0.0,CONS-012,6.0,Contratada,23.0,2024-10-03,0.99,0.5421994010852373,True
PR-000651,2024-03-11,Indicação,Belo Horizonte,MG,Casa,416198.15,172810.87,84.0,668.0,41.0,8603.88,0.0,CONS-019,6.0,Contratada,44.0,2024-12-17,1.23,0.4152129700720678,True
PR-000652,2024-10-30,Parceria,Campinas,SP,Apartamento,731341.33,337247.08,240.0,642.0,29.0,4148.8,0.0,CONS-005,6.0,Contratada,19.0,2024-11-18,1.43,0.46113499424406934,True
PR-000653,2024-01-05,Correspondente,São Paulo,SP,Apartamento,458999.42,232464.02,60.0,779.0,48.0,2600.72,0.0,CONS-026,2.0,Reprovada crédito,2.0,,,0.5064581998818212,False
PR-000654,2025-06-14,Mídia paga,Recife,PE,Apartamento,742840.29,314495.72,84.0,513.0,27.0,7604.17,0.0,CONS-008,5.0,Documentação pendente,17.0,,,0.4233692278591943,False
PR-000655,2025-03-29,Organico,Campinas,SP,Casa,815858.2,437860.09,180.0,671.0,58.0,6487.58,0.0,CONS-017,5.0,Desistiu,28.0,,,0.5366865099842105,False
PR-000656,2025-01-16,Organico,Florianópolis,SC,Apartamento,842044.05,356408.47,180.0,723.0,40.0,8569.19,0.0,CONS-030,6.0,Contratada,46.0,2025-03-03,1.29,0.42326582558240267,True
PR-000657,2025-12-05,Correspondente,Salvador,BA,Casa,426961.55,287161.95,240.0,741.0,56.0,6816.59,1.0,CONS-013,3.0,Desistiu,37.0,,,0.6725709844364206,False
PR-000658,2025-11-24,Parceria,Brasília,DF,Casa,432267.93,228288.83,60.0,675.0,41.0,3162.52,0.0,CONS-003,2.0,Desistiu,33.0,,,0.5281188220463174,False
PR-000659,2024-12-22,Mídia paga,Campinas,SP,Casa,703177.23,334018.25,240.0,700.0,56.0,3684.31,0.0,CONS-024,6.0,Contratada,62.0,2025-02-22,1.14,0.4750128925534179,True
PR-000660,2024-11-19,Organico,Belo Horizonte,MG,Casa,282929.9,183129.07,84.0,602.0,42.0,2913.45,0.0,CONS-012,3.0,Reprovada crédito,22.0,,,0.6472595155195686,False
PR-000662,2024-01-20,Correspondente,Belo Horizonte,MG,Casa,448125.85,139838.88,180.0,628.0,47.0,6269.6,0.0,CONS-017,6.0,Contratada,24.0,2024-02-13,1.08,0.3120526968038108,True
PR-000663,2024-10-09,Organico,Curitiba,PR,Apartamento,370297.88,195964.43,180.0,707.0,36.0,8213.99,0.0,CONS-024,2.0,Desistiu,36.0,,,0.5292075396164839,False
PR-000664,2025-09-20,Correspondente,Recife,PE,Casa,983071.52,481052.01,84.0,506.0,37.0,2330.84,0.0,CONS-007,3.0,Reprovada crédito,26.0,,,0.48933571994843267,False
PR-000665,2024-12-29,Organico,Rio de Janeiro,RJ,Apartamento,406108.8,242105.59,60.0,664.0,30.0,7759.85,0.0,CONS-017,3.0,Reprovada crédito,26.0,,,0.5961594282123411,False
PR-000666,2025-03-30,Mídia paga,São Paulo,SP,Apartamento,1034648.32,373253.85,60.0,682.0,46.0,5835.4,0.0,CONS-024,4.0,Sem retorno,7.0,,,0.36075431891678905,False
PR-000668,2025-11-29,Organico,Santos,SP,Imóvel rural,291996.65,123727.01,120.0,536.0,45.0,3068.3,0.0,CONS-018,3.0,Sem retorno,40.0,,,0.42372749824355854,False
PR-000669,2024-09-27,Correspondente,Rio de Janeiro,RJ,Casa,712118.42,355707.49,240.0,676.0,31.0,7760.55,0.0,CONS-011,4.0,Sem retorno,36.0,,,0.4995060933826146,False
PR-000671,2025-04-26,Organico,Curitiba,PR,Casa,1037576.64,653590.76,180.0,583.0,25.0,3421.65,0.0,CONS-027,2.0,Desistiu,21.0,,,0.6299204654414733,False
PR-000673,2025-07-26,Indicação,São Paulo,SP,Sala comercial,1011032.95,472459.26,120.0,642.0,44.0,7833.86,1.0,CONS-012,2.0,Sem retorno,14.0,,,0.4673035235894142,False
PR-000674,2025-04-03,Organico,Goiânia,GO,Casa,326116.68,127870.25,180.0,613.0,41.0,4779.48,0.0,CONS-026,6.0,Contratada,26.0,2025-03-30,1.31,0.3920996926621478,True
PR-000675,2024-02-24,Parceria,Santos,SP,Apartamento,864629.61,551292.36,84.0,711.0,43.0,2945.4,0.0,CONS-022,3.0,Desistiu,30.0,,,0.6376052284399559,False
PR-000676,2024-10-23,Mídia paga,Porto Alegre,RS,Apartamento,591792.69,358444.62,84.0,709.0,45.0,8617.97,0.0,CONS-003,6.0,Contratada,25.0,2024-11-17,1.49,0.6056928820800406,True
PR-000677,2025-05-26,Organico,Florianópolis,SC,Apartamento,1095116.9,523071.95,180.0,753.0,62.0,9538.24,0.0,CONS-008,5.0,Documentação pendente,40.0,,,0.4776402866214557,False
PR-000678,2025-03-04,Parceria,São Paulo,SP,Casa,300306.4,120443.26,60.0,742.0,31.0,6520.03,0.0,CONS-008,3.0,Reprovada crédito,50.0,,,0.40106790930862607,False
PR-000679,2025-05-02,Correspondente,Rio de Janeiro,RJ,Imóvel rural,261144.78,157590.9,84.0,721.0,42.0,9369.26,0.0,CONS-006,4.0,Problema garantia,24.0,,,0.6034618038315757,False
PR-000680,2024-11-07,Mídia paga,Campinas,SP,Apartamento,1858440.07,1268837.84,180.0,672.0,41.0,2503.43,1.0,CONS-011,3.0,Sem retorno,39.0,,,0.6827434795893096,False
PR-000681,2024-06-06,Mídia paga,Recife,PE,Apartamento,308312.47,142235.77,240.0,499.0,51.0,6831.89,0.0,CONS-027,2.0,Reprovada crédito,24.0,,,0.4613364162662639,False
PR-000682,2024-11-15,Correspondente,Recife,PE,Sala comercial,556323.74,266613.4,84.0,609.0,46.0,4212.56,0.0,CONS-021,4.0,Problema garantia,34.0,,,0.4792414575009868,False
PR-000683,2025-06-08,Mídia paga,Santos,SP,Sala comercial,245316.0,120542.4,84.0,628.0,49.0,5884.9,0.0,CONS-001,6.0,Contratada,63.0,2025-08-10,1.24,0.4913760211319278,True
PR-000684,2025-05-30,Organico,Salvador,BA,Casa,807997.77,227501.04,240.0,552.0,38.0,5325.84,0.0,CONS-001,2.0,Sem retorno,31.0,,,0.2815614701510872,False
PR-000685,2024-10-08,Indicação,Rio de Janeiro,RJ,Apartamento,894782.28,458334.67,240.0,623.0,36.0,2481.22,0.0,CONS-011,4.0,Problema garantia,39.0,,,0.5122303830156314,False
PR-000686,2025-02-08,Indicação,Belo Horizonte,MG,Apartamento,440554.32,150355.47,180.0,597.0,33.0,6540.17,0.0,CONS-025,4.0,Sem retorno,45.0,,,0.3412870176826322,False
PR-000687,2024-05-16,Parceria,Rio de Janeiro,RJ,Imóvel rural,886526.4,568951.46,84.0,685.0,51.0,8674.42,0.0,CONS-016,3.0,Reprovada crédito,39.0,,,0.6417761050319538,False
PR-000688,2025-11-01,Organico,Campinas,SP,Apartamento,597709.41,394767.96,60.0,702.0,41.0,10276.79,0.0,CONS-005,3.0,Sem retorno,32.0,,,0.6604680357968599,False
PR-000689,2025-05-02,Mídia paga,Florianópolis,SC,Sala comercial,1517728.75,513012.97,120.0,677.0,34.0,3868.69,1.0,CONS-005,6.0,Contratada,57.0,2025-03-04,1.21,0.3380136075039759,True
PR-000690,2024-12-21,Mídia paga,Belo Horizonte,MG,Sala comercial,402133.29,179314.92,120.0,598.0,33.0,6923.63,0.0,CONS-019,6.0,Contratada,36.0,2025-01-26,1.13,0.44590916608769204,True
PR-000692,2024-09-24,Organico,Rio de Janeiro,RJ,Apartamento,449020.73,289965.89,60.0,721.0,22.0,3344.28,0.0,CONS-026,2.0,Desistiu,14.0,,,0.6457739490112183,False
PR-000693,2025-10-01,Organico,Curitiba,PR,Apartamento,843031.57,393808.03,60.0,557.0,39.0,2830.33,0.0,CONS-001,5.0,Desistiu,32.0,,,0.46713319407480797,False
PR-000694,2024-09-19,Mídia paga,Porto Alegre,RS,Casa,432745.74,263691.28,120.0,787.0,33.0,5083.51,0.0,CONS-027,2.0,Sem retorno,10.0,,,0.6093446003651013,False
PR-000695,2024-12-22,Correspondente,Goiânia,GO,Sala comercial,678627.86,355836.29,240.0,679.0,49.0,3548.45,0.0,CONS-006,4.0,Sem retorno,29.0,,,0.5243467163284454,False
PR-000696,2025-03-03,Parceria,Santos,SP,Apartamento,657347.63,344913.65,84.0,718.0,30.0,4289.23,1.0,CONS-003,6.0,Contratada,45.0,2025-04-17,1.25,0.5247050940154755,True
PR-000697,2025-07-31,Parceria,Campinas,SP,Apartamento,879493.89,302380.88,84.0,656.0,23.0,10060.17,0.0,CONS-001,5.0,Documentação pendente,34.0,,,0.3438123714537687,False
PR-000698,2025-03-02,Correspondente,Brasília,DF,Casa,248902.57,136053.75,84.0,808.0,27.0,1800.0,0.0,CONS-030,4.0,Sem retorno,46.0,,,0.5466144845350532,False
PR-000699,2025-03-26,Mídia paga,Recife,PE,Casa,1162275.36,512726.4,240.0,792.0,44.0,7162.4,0.0,CONS-009,4.0,Problema garantia,41.0,,,0.4411402131075032,False
PR-000700,2025-10-04,Correspondente,Belo Horizonte,MG,Apartamento,1173862.16,553997.31,240.0,773.0,38.0,7216.53,0.0,CONS-017,2.0,Sem retorno,38.0,,,0.47194409094846373,False
PR-000701,2025-04-28,Mídia paga,Salvador,BA,Casa,804863.24,403791.09,60.0,628.0,42.0,3033.37,0.0,CONS-014,3.0,Sem retorno,31.0,,,0.5016890695616811,False
PR-000702,2025-11-06,Organico,Belo Horizonte,MG,Apartamento,1405120.55,440049.24,120.0,793.0,55.0,2395.17,0.0,CONS-017,3.0,Sem retorno,26.0,,,0.31317543537456627,False
PR-000703,2025-12-11,Organico,Recife,PE,Casa,1173970.59,340488.29,120.0,641.0,40.0,5480.82,0.0,CONS-008,3.0,Desistiu,50.0,,,0.29003136271071317,False
PR-000704,2025-11-01,Parceria,Brasília,DF,Casa,1168370.0,655126.19,180.0,687.0,35.0,4566.84,1.0,CONS-028,4.0,Problema garantia,34.0,,,0.560718085880329,False
PR-000705,2024-04-21,Mídia paga,Porto Alegre,RS,Apartamento,574857.06,344865.28,240.0,589.0,33.0,2943.47,0.0,CONS-003,3.0,Sem retorno,30.0,,,0.5999148379598921,False
PR-000706,2025-06-04,Organico,Florianópolis,SC,Apartamento,1107048.34,560553.9,84.0,759.0,50.0,8340.01,0.0,CONS-012,4.0,Sem retorno,31.0,,,0.5063499756478566,False
PR-000707,2024-01-20,Mídia paga,Salvador,BA,Casa,1764728.87,781063.34,180.0,739.0,34.0,5247.16,0.0,CONS-008,3.0,Reprovada crédito,24.0,,,0.4425967939199634,False
PR-000708,2024-09-18,Mídia paga,São Paulo,SP,Apartamento,964315.64,460625.2,180.0,531.0,40.0,7786.88,0.0,CONS-029,3.0,Desistiu,31.0,,,0.47767056852878587,False
PR-000710,2025-03-05,Parceria,Rio de Janeiro,RJ,Apartamento,1068888.97,612666.71,84.0,511.0,37.0,3864.82,0.0,CONS-012,4.0,Problema garantia,48.0,,,0.5731808702263996,False
PR-000711,2024-05-09,Mídia paga,Campinas,SP,Casa,924498.56,329340.3,120.0,722.0,42.0,1800.0,0.0,CONS-026,5.0,Desistiu,30.0,,,0.35623668251035456,False
PR-000712,2025-07-03,Parceria,Santos,SP,Apartamento,728294.87,408806.01,180.0,590.0,34.0,6937.61,0.0,CONS-008,3.0,Reprovada crédito,34.0,,,0.5613193595610525,False
PR-000714,2025-11-02,Mídia paga,Belo Horizonte,MG,Apartamento,218120.87,66705.06,84.0,675.0,31.0,4211.61,0.0,CONS-018,2.0,Reprovada crédito,39.0,,,0.30581695369177647,False
PR-000715,2025-01-26,Organico,Florianópolis,SC,Apartamento,1790709.92,1086309.32,240.0,606.0,42.0,9144.81,0.0,CONS-010,6.0,Contratada,42.0,2025-09-03,1.38,0.6066361211647279,True
PR-000716,2025-05-24,Correspondente,Santos,SP,Apartamento,621187.68,425589.13,240.0,627.0,55.0,7489.02,0.0,CONS-002,3.0,Sem retorno,30.0,,,0.6851216527668417,False
PR-000717,2025-12-04,Parceria,Curitiba,PR,Apartamento,2649391.14,1321696.26,60.0,704.0,36.0,4595.84,0.0,CONS-024,5.0,Desistiu,42.0,,,0.4988679248017716,False
PR-000718,2025-10-06,Indicação,Goiânia,GO,Apartamento,1917274.59,959625.91,60.0,592.0,33.0,2312.33,0.0,CONS-028,3.0,Desistiu,39.0,,,0.5005156355824859,False
PR-000719,2025-01-24,Correspondente,Rio de Janeiro,RJ,Casa,580382.4,262088.2,240.0,675.0,21.0,6551.1,0.0,CONS-017,4.0,Problema garantia,52.0,,,0.4515784765354704,False
PR-000720,2024-12-29,Organico,Goiânia,GO,Casa,412815.31,314135.05,84.0,604.0,33.0,12818.82,0.0,CONS-018,2.0,Sem retorno,42.0,,,0.7609578481960856,False
PR-000721,2025-01-21,Mídia paga,Santos,SP,Casa,777145.63,503044.7,84.0,621.0,34.0,3474.69,1.0,CONS-003,3.0,Reprovada crédito,16.0,,,0.6472978558729077,False
PR-000722,2025-07-02,Correspondente,Goiânia,GO,Casa,1426779.96,726191.16,240.0,614.0,43.0,2579.48,0.0,CONS-025,2.0,Desistiu,23.0,,,0.5089720772360722,False
PR-000723,2024-11-08,Correspondente,Florianópolis,SC,Apartamento,1068463.15,447006.1,120.0,645.0,21.0,4053.56,0.0,CONS-021,3.0,Desistiu,35.0,,,0.4183636094515754,False
PR-000724,2024-04-07,Correspondente,Santos,SP,Apartamento,348849.47,148572.2,84.0,570.0,31.0,8408.83,0.0,CONS-004,2.0,Sem retorno,31.0,,,0.425892004365092,False
PR-000726,2024-11-19,Organico,Florianópolis,SC,Imóvel rural,821592.01,315809.22,60.0,632.0,31.0,2489.27,0.0,CONS-023,3.0,Reprovada crédito,14.0,,,0.3843869172973091,False
PR-000727,2024-09-13,Correspondente,Florianópolis,SC,Apartamento,531792.43,288474.9,240.0,676.0,26.0,6831.9,0.0,CONS-012,3.0,Desistiu,32.0,,,0.542457702904872,False
PR-000728,2025-06-23,Organico,Santos,SP,Apartamento,539946.6,272446.22,60.0,617.0,32.0,5763.06,1.0,CONS-003,3.0,Sem retorno,42.0,,,0.504579934386104,False
PR-000729,2025-05-03,Parceria,Brasília,DF,Casa,1105958.57,414743.07,240.0,663.0,37.0,5917.78,0.0,CONS-030,6.0,Contratada,26.0,2025-03-31,1.34,0.3750077817110274,True
PR-000730,2025-07-29,Correspondente,Recife,PE,Casa,548532.43,296241.55,84.0,707.0,49.0,3174.68,0.0,CONS-021,2.0,Reprovada crédito,29.0,,,0.5400620524842988,False
PR-000731,2025-07-09,Correspondente,Salvador,BA,Casa,1399911.94,874477.46,120.0,696.0,38.0,8534.9,0.0,CONS-020,5.0,Documentação pendente,37.0,,,0.6246660486373165,False
PR-000732,2025-03-30,Correspondente,São Paulo,SP,Apartamento,541535.19,171606.87,60.0,622.0,38.0,9712.05,0.0,CONS-011,4.0,Problema garantia,44.0,,,0.31688960047083925,False
PR-000733,2024-12-23,Indicação,Santos,SP,Casa,336408.73,112844.11,84.0,558.0,26.0,9691.89,0.0,CONS-028,6.0,Contratada,30.0,2025-01-22,1.43,0.33543751971002655,True
PR-000735,2024-08-11,Mídia paga,Salvador,BA,Apartamento,388975.25,178243.62,60.0,568.0,40.0,8342.93,0.0,CONS-012,2.0,Sem retorno,43.0,,,0.45823897535897207,False
PR-000736,2024-04-23,Organico,Porto Alegre,RS,Apartamento,886173.62,630813.46,180.0,683.0,50.0,6564.34,0.0,CONS-028,5.0,Documentação pendente,35.0,,,0.7118395828573637,False
PR-000738,2024-11-21,Organico,Florianópolis,SC,Apartamento,1046337.3,618350.9,60.0,626.0,43.0,5050.93,0.0,CONS-029,3.0,Reprovada crédito,23.0,,,0.5909670810741431,False
PR-000739,2024-05-22,Correspondente,Curitiba,PR,Casa,973812.13,592253.23,84.0,647.0,42.0,7458.8,0.0,CONS-011,2.0,Desistiu,27.0,,,0.6081801733153601,False
PR-000740,2025-01-01,Correspondente,Curitiba,PR,Apartamento,316379.46,147152.33,240.0,603.0,41.0,10810.79,0.0,CONS-009,6.0,Contratada,33.0,2025-03-02,1.16,0.46511341159757963,True
PR-000741,2024-10-28,Indicação,Salvador,BA,Apartamento,600494.89,313882.39,84.0,703.0,55.0,4197.83,0.0,CONS-001,2.0,Reprovada crédito,26.0,,,0.5227061798977174,False
PR-000742,2024-04-07,Mídia paga,Santos,SP,Casa,663113.02,300046.2,84.0,689.0,39.0,1800.0,1.0,CONS-005,3.0,Reprovada crédito,27.0,,,0.4524812376629251,False
PR-000743,2025-05-08,Correspondente,Belo Horizonte,MG,Imóvel rural,578063.38,266005.58,120.0,632.0,44.0,7082.74,1.0,CONS-003,6.0,Contratada,40.0,2025-09-14,1.46,0.4601668073144506,True
PR-000744,2025-03-31,Indicação,Santos,SP,Apartamento,552105.29,321129.02,180.0,680.0,43.0,5309.98,0.0,CONS-010,4.0,Sem retorno,36.0,,,0.5816445265358714,False
PR-000745,2024-11-13,Correspondente,Recife,PE,Apartamento,1135837.51,550806.5,180.0,637.0,35.0,6591.29,1.0,CONS-010,4.0,Problema garantia,37.0,,,0.48493424028583104,False
PR-000746,2024-01-04,Organico,Campinas,SP,Sala comercial,571614.75,349122.1,84.0,725.0,41.0,3909.34,0.0,CONS-012,6.0,Contratada,38.0,2024-09-05,1.26,0.6107646802326216,True
PR-000747,2025-02-24,Organico,Brasília,DF,Casa,543029.62,377571.81,84.0,700.0,40.0,6248.37,0.0,CONS-013,3.0,Desistiu,22.0,,,0.6953061050334602,False
PR-000748,2024-10-14,Indicação,Recife,PE,Casa,367820.43,210506.88,60.0,578.0,37.0,3365.07,0.0,CONS-024,3.0,Sem retorno,39.0,,,0.5723088301538879,False
PR-000749,2025-07-21,Indicação,Campinas,SP,Apartamento,1075931.64,445367.43,180.0,816.0,45.0,1800.0,0.0,CONS-005,2.0,Sem retorno,7.0,,,0.4139365489800077,False
PR-000750,2024-02-22,Correspondente,Porto Alegre,RS,Sala comercial,922408.44,562643.54,240.0,595.0,43.0,13919.12,0.0,CONS-001,2.0,Sem retorno,18.0,,,0.6099722374613139,False
PR-000751,2024-05-11,Organico,Campinas,SP,Imóvel rural,1787072.15,1279852.81,60.0,633.0,41.0,5346.6,0.0,CONS-002,2.0,Reprovada crédito,17.0,,,0.7161729927915894,False
PR-000753,2024-10-09,Correspondente,Curitiba,PR,Sala comercial,938787.76,395523.68,180.0,665.0,30.0,4690.16,0.0,CONS-026,3.0,Sem retorno,23.0,,,0.4213132050209091,False
PR-000754,2024-02-11,Parceria,Santos,SP,Sala comercial,387952.1,192722.55,84.0,645.0,44.0,2949.84,0.0,CONS-011,5.0,Documentação pendente,46.0,,,0.49676893100978187,False
PR-000755,2025-03-28,Correspondente,Rio de Janeiro,RJ,Casa,860492.62,585406.67,120.0,606.0,35.0,3645.85,0.0,CONS-022,3.0,Reprovada crédito,26.0,,,0.6803157358862648,False
PR-000756,2024-08-22,Organico,Goiânia,GO,Apartamento,1964083.3,727487.61,180.0,748.0,45.0,15391.07,1.0,CONS-027,5.0,Documentação pendente,51.0,,,0.37039549697306623,False
PR-000757,2024-05-24,Mídia paga,Brasília,DF,Apartamento,389102.74,186295.13,84.0,736.0,53.0,1800.0,0.0,CONS-001,4.0,Sem retorno,35.0,,,0.4787813367749608,False
PR-000758,2025-01-25,Organico,Campinas,SP,Casa,380337.96,147893.64,180.0,719.0,40.0,3813.86,0.0,CONS-024,3.0,Sem retorno,39.0,,,0.3888479603771341,False
PR-000759,2025-05-05,Correspondente,Campinas,SP,Casa,373169.88,209723.29,84.0,522.0,37.0,11848.25,1.0,CONS-015,5.0,Documentação pendente,40.0,,,0.562004870275168,False
PR-000760,2024-07-16,Mídia paga,Belo Horizonte,MG,Casa,847493.3,388730.42,84.0,698.0,32.0,4258.56,0.0,CONS-010,3.0,Sem retorno,7.0,,,0.4586825878151485,False
PR-000761,2024-03-05,Correspondente,Goiânia,GO,Casa,662439.38,396038.17,84.0,726.0,40.0,2768.92,0.0,CONS-030,2.0,Sem retorno,14.0,,,0.5978481683863661,False
PR-000762,2025-04-30,Organico,Campinas,SP,Imóvel rural,686612.43,412081.12,84.0,635.0,50.0,9072.89,0.0,CONS-012,4.0,Problema garantia,33.0,,,0.6001655402597357,False
PR-000763,2024-08-10,Indicação,São Paulo,SP,Apartamento,938448.76,559204.0,180.0,682.0,46.0,5978.35,0.0,CONS-027,5.0,Documentação pendente,37.0,,,0.5958812285073508,False
PR-000764,2025-01-28,Organico,Porto Alegre,RS,Apartamento,739075.11,245355.12,60.0,697.0,48.0,7438.46,0.0,CONS-030,6.0,Contratada,27.0,2025-02-24,1.15,0.33197589349207013,True
PR-000765,2025-06-15,Indicação,Salvador,BA,Apartamento,362979.57,201706.06,120.0,676.0,31.0,17548.28,0.0,CONS-010,4.0,Problema garantia,28.0,,,0.555695352220512,False
PR-000766,2024-10-12,Parceria,Salvador,BA,Imóvel rural,1472689.18,459274.78,84.0,673.0,30.0,12128.0,0.0,CONS-029,4.0,Problema garantia,52.0,,,0.3118613121066049,False
PR-000767,2025-12-02,Mídia paga,São Paulo,SP,Apartamento,551746.32,281770.78,60.0,674.0,49.0,2707.09,0.0,CONS-022,3.0,Sem retorno,36.0,,,0.5106890064984938,False
PR-000768,2025-11-05,Organico,Porto Alegre,RS,Apartamento,705223.66,278438.36,240.0,628.0,44.0,3435.85,0.0,CONS-018,4.0,Problema garantia,44.0,,,0.39482277154456213,False
PR-000769,2024-04-09,Parceria,Porto Alegre,RS,Apartamento,1166941.02,560693.83,240.0,606.0,49.0,7630.56,0.0,CONS-019,6.0,Contratada,27.0,2024-01-10,1.16,0.4804817213469794,True
PR-000770,2024-05-11,Indicação,Rio de Janeiro,RJ,Casa,447564.01,240473.04,180.0,650.0,43.0,3468.56,0.0,CONS-007,4.0,Sem retorno,42.0,,,0.5372930678675437,False
PR-000771,2024-05-10,Correspondente,Recife,PE,Casa,435383.58,188707.21,180.0,535.0,37.0,11705.03,0.0,CONS-020,4.0,Problema garantia,42.0,,,0.43342748479398324,False
PR-000774,2024-05-10,Mídia paga,Campinas,SP,Sala comercial,899798.78,296015.87,60.0,783.0,38.0,3515.88,0.0,CONS-015,6.0,Contratada,43.0,2024-11-17,1.02,0.32898007485629177,True
PR-000775,2025-06-13,Indicação,Recife,PE,Apartamento,1225002.64,900934.69,60.0,544.0,45.0,3957.22,0.0,CONS-005,3.0,Sem retorno,31.0,,,0.73545530481469,False
PR-000776,2024-08-18,Indicação,Campinas,SP,Apartamento,913598.49,289625.86,60.0,554.0,41.0,3225.28,0.0,CONS-018,3.0,Sem retorno,38.0,,,0.3170165703754611,False
PR-000777,2025-06-13,Mídia paga,Belo Horizonte,MG,Apartamento,1100546.41,468351.91,120.0,689.0,37.0,5463.82,0.0,CONS-001,3.0,Sem retorno,40.0,,,0.42556307098398516,False
PR-000778,2025-07-13,Correspondente,Salvador,BA,Apartamento,387749.07,224980.2,120.0,717.0,26.0,4490.12,0.0,CONS-028,4.0,Problema garantia,19.0,,,0.5802211208398256,False
PR-000779,2025-04-27,Mídia paga,Santos,SP,Casa,422913.83,155444.36,240.0,734.0,45.0,1800.0,0.0,CONS-018,5.0,Documentação pendente,44.0,,,0.36755563184112466,False
PR-000780,2024-08-11,Mídia paga,Goiânia,GO,Casa,1551214.17,753806.18,60.0,624.0,42.0,4813.91,0.0,CONS-025,4.0,Problema garantia,37.0,,,0.4859459090681206,False
PR-000781,2024-12-13,Correspondente,Campinas,SP,Apartamento,770542.72,368092.75,60.0,652.0,34.0,4216.15,0.0,CONS-023,2.0,Desistiu,13.0,,,0.4777058305086576,False
PR-000782,2024-04-07,Correspondente,Curitiba,PR,Sala comercial,519420.83,387274.63,240.0,806.0,40.0,2755.73,0.0,CONS-001,6.0,Contratada,55.0,2024-08-28,1.43,0.7455893326418965,True
PR-000783,2025-02-14,Correspondente,Santos,SP,Sala comercial,420042.44,231717.7,240.0,627.0,45.0,5135.49,0.0,CONS-023,4.0,Problema garantia,40.0,,,0.5516530662949202,False
PR-000784,2025-05-23,Correspondente,Brasília,DF,Apartamento,358062.11,210871.13,120.0,615.0,40.0,5538.19,0.0,CONS-008,4.0,Problema garantia,29.0,,,0.5889233295307342,False
PR-000786,2024-07-21,Correspondente,Santos,SP,Apartamento,653435.8,232240.61,60.0,689.0,40.0,8830.62,0.0,CONS-008,5.0,Documentação pendente,53.0,,,0.35541457936648096,False
PR-000787,2024-11-13,Parceria,Recife,PE,Sala comercial,796289.46,340126.77,120.0,678.0,44.0,5196.02,0.0,CONS-030,5.0,Documentação pendente,34.0,,,0.4271396107641561,False
PR-000788,2024-12-26,Organico,São Paulo,SP,Casa,1415668.78,841582.48,240.0,780.0,40.0,4760.49,0.0,CONS-013,3.0,Desistiu,19.0,,,0.5944769651556489,False
PR-000789,2024-10-17,Correspondente,Santos,SP,Apartamento,1193473.61,593851.13,120.0,685.0,62.0,2629.49,0.0,CONS-009,4.0,Problema garantia,22.0,,,0.4975821208145524,False
PR-000790,2024-02-26,Organico,Rio de Janeiro,RJ,Apartamento,364866.54,229422.9,240.0,535.0,35.0,4630.04,0.0,CONS-003,5.0,Documentação pendente,34.0,,,0.6287858020634065,False
PR-000791,2025-01-31,Indicação,Curitiba,PR,Casa,447831.98,198748.82,60.0,568.0,58.0,3484.54,0.0,CONS-001,3.0,Sem retorno,8.0,,,0.44380220456788283,False
PR-000792,2025-02-01,Parceria,Campinas,SP,Apartamento,630332.72,332356.75,120.0,719.0,32.0,6079.87,0.0,CONS-004,6.0,Contratada,48.0,2025-02-19,1.36,0.5272719302910375,True
PR-000793,2025-01-13,Mídia paga,Curitiba,PR,Apartamento,491199.65,279556.78,120.0,625.0,51.0,3916.37,0.0,CONS-021,5.0,Desistiu,28.0,,,0.5691306579717637,False
PR-000794,2025-01-06,Correspondente,Salvador,BA,Casa,697976.01,166133.65,60.0,662.0,47.0,5800.21,0.0,CONS-012,4.0,Sem retorno,33.0,,,0.23802200594258247,False
PR-000796,2024-01-08,Indicação,Porto Alegre,RS,Casa,894731.14,522908.74,240.0,574.0,47.0,2352.48,0.0,CONS-003,4.0,Problema garantia,29.0,,,0.5844311398393935,False
PR-000797,2024-08-28,Correspondente,Brasília,DF,Casa,594060.84,287276.84,84.0,593.0,30.0,1946.5,0.0,CONS-021,2.0,Sem retorno,38.0,,,0.4835815133008936,False
PR-000798,2025-09-01,Organico,Brasília,DF,Sala comercial,1277361.83,639272.2,60.0,772.0,48.0,10045.79,1.0,CONS-022,5.0,Desistiu,43.0,,,0.5004628954663535,False
PR-000799,2025-06-21,Correspondente,Santos,SP,Casa,1532292.95,866148.54,60.0,716.0,50.0,2750.67,0.0,CONS-018,6.0,Contratada,42.0,2025-02-08,1.5,0.5652630197117333,True
PR-000800,2025-03-24,Correspondente,Campinas,SP,Casa,967493.36,425024.54,180.0,707.0,40.0,4515.54,0.0,CONS-030,4.0,Sem retorno,47.0,,,0.43930486510005606,False
PR-000801,2025-01-23,Mídia paga,Santos,SP,Sala comercial,303643.0,235991.58,60.0,538.0,48.0,4746.46,0.0,CONS-008,4.0,Problema garantia,28.0,,,0.7772007917192228,False
PR-000802,2024-01-06,Correspondente,Salvador,BA,Apartamento,943084.68,491253.26,240.0,755.0,38.0,2190.66,0.0,CONS-018,3.0,Reprovada crédito,24.0,,,0.5209004773569219,False
PR-000803,2025-04-22,Correspondente,Goiânia,GO,Apartamento,551485.13,372119.4,84.0,588.0,58.0,7317.43,0.0,CONS-019,4.0,Problema garantia,30.0,,,0.6747587192423484,False
PR-000804,2024-12-17,Correspondente,Recife,PE,Apartamento,1884141.06,1125212.33,240.0,514.0,50.0,2686.95,0.0,CONS-010,3.0,Reprovada crédito,33.0,,,0.5972017456060323,False
PR-000805,2024-06-19,Organico,Curitiba,PR,Apartamento,454922.31,205529.55,120.0,608.0,56.0,5631.87,1.0,CONS-003,4.0,Sem retorno,36.0,,,0.4517904386795187,False
PR-000806,2024-08-10,Indicação,Recife,PE,Apartamento,448452.02,107755.56,240.0,703.0,57.0,3142.83,1.0,CONS-004,6.0,Contratada,36.0,2024-11-13,1.19,0.24028336409322004,True
PR-000808,2025-03-27,Parceria,Belo Horizonte,MG,Apartamento,751015.66,287090.29,60.0,645.0,21.0,5662.25,1.0,CONS-019,6.0,Contratada,69.0,2025-04-06,1.18,0.38226937904330777,True
PR-000809,2024-08-31,Mídia paga,Porto Alegre,RS,Apartamento,969097.21,589537.11,84.0,668.0,47.0,8484.6,0.0,CONS-027,4.0,Sem retorno,34.0,,,0.6083364020829242,False
PR-000810,2024-05-22,Correspondente,Santos,SP,Apartamento,836957.11,507417.83,84.0,759.0,46.0,11872.59,0.0,CONS-027,6.0,Contratada,24.0,2024-06-15,1.44,0.6062650331030702,True
PR-000811,2024-06-10,Indicação,Porto Alegre,RS,Apartamento,614481.46,307466.81,240.0,728.0,47.0,11133.04,0.0,CONS-010,4.0,Problema garantia,36.0,,,0.5003679199694651,False
PR-000812,2024-04-12,Correspondente,Porto Alegre,RS,Casa,663202.91,348306.91,120.0,763.0,42.0,2597.75,0.0,CONS-008,4.0,Problema garantia,15.0,,,0.5251890556390953,False
PR-000814,2025-11-03,Mídia paga,Goiânia,GO,Casa,438036.56,162797.73,84.0,764.0,42.0,6044.87,0.0,CONS-020,5.0,Desistiu,30.0,,,0.37165329304932904,False
PR-000815,2025-05-17,Parceria,Curitiba,PR,Apartamento,577420.62,220478.78,60.0,575.0,49.0,2561.71,0.0,CONS-004,4.0,Sem retorno,43.0,,,0.38183392203763006,False
PR-000816,2024-01-07,Correspondente,Florianópolis,SC,Apartamento,682047.77,279589.57,84.0,562.0,52.0,9687.44,0.0,CONS-018,2.0,Sem retorno,12.0,,,0.40992666833292335,False
PR-000817,2024-11-27,Parceria,Recife,PE,Imóvel rural,423016.92,257853.0,60.0,755.0,33.0,10839.92,0.0,CONS-026,6.0,Contratada,44.0,2025-10-01,1.6,0.6095571779965681,True
PR-000818,2024-03-10,Indicação,Brasília,DF,Apartamento,666821.2,284710.6,84.0,673.0,39.0,5956.34,0.0,CONS-001,3.0,Sem retorno,16.0,,,0.42696692906584255,False
PR-000819,2025-12-08,Correspondente,Brasília,DF,Apartamento,977817.96,531567.36,84.0,703.0,52.0,3757.92,1.0,CONS-027,3.0,Reprovada crédito,48.0,,,0.5436260958021266,False
PR-000820,2025-09-09,Organico,São Paulo,SP,Apartamento,845856.14,199408.82,84.0,661.0,47.0,8446.97,0.0,CONS-022,2.0,Desistiu,27.0,,,0.23574791335084475,False
PR-000821,2025-10-01,Correspondente,Campinas,SP,Imóvel rural,778277.75,309098.29,60.0,599.0,62.0,4424.43,0.0,CONS-010,1.0,Desistiu,8.0,,,0.39715678625015294,False
PR-000822,2025-09-01,Mídia paga,São Paulo,SP,Apartamento,353158.37,186578.92,180.0,559.0,47.0,2516.58,1.0,CONS-002,3.0,Reprovada crédito,25.0,,,0.5283151578709575,False
PR-000823,2025-05-17,Indicação,Curitiba,PR,Apartamento,331772.1,161001.78,60.0,742.0,42.0,3073.76,0.0,CONS-006,3.0,Reprovada crédito,18.0,,,0.4852782376818304,False
PR-000824,2025-01-04,Correspondente,São Paulo,SP,Casa,2324778.4,1137858.94,180.0,626.0,33.0,6672.43,1.0,CONS-009,2.0,Reprovada crédito,32.0,,,0.48944834484009314,False
PR-000825,2024-03-03,Parceria,Florianópolis,SC,Casa,506980.7,257965.04,180.0,623.0,32.0,6812.75,0.0,CONS-025,5.0,Desistiu,65.0,,,0.508826154526198,False
PR-000826,2025-04-23,Indicação,Salvador,BA,Apartamento,716433.13,441781.17,180.0,539.0,46.0,3510.8,0.0,CONS-014,3.0,Desistiu,37.0,,,0.6166397832551378,False
PR-000827,2025-01-15,Organico,São Paulo,SP,Sala comercial,686576.05,465231.76,84.0,702.0,44.0,7193.67,0.0,CONS-024,4.0,Sem retorno,52.0,,,0.6776114022619927,False
PR-000828,2025-03-16,Indicação,Salvador,BA,Apartamento,550881.33,357420.81,60.0,820.0,36.0,5149.62,1.0,CONS-008,5.0,Desistiu,40.0,,,0.6488163430770109,False
PR-000829,2025-09-25,Organico,São Paulo,SP,Apartamento,732253.93,304840.49,60.0,555.0,42.0,4727.29,0.0,CONS-015,4.0,Sem retorno,47.0,,,0.41630434130957816,False
PR-000830,2025-07-02,Parceria,Campinas,SP,Apartamento,886633.21,327438.38,180.0,692.0,46.0,8258.59,0.0,CONS-020,6.0,Contratada,35.0,2025-03-14,1.46,0.3693053410440153,True
PR-000831,2024-05-12,Correspondente,Florianópolis,SC,Casa,871300.56,359530.15,240.0,589.0,29.0,3364.09,0.0,CONS-022,4.0,Sem retorno,41.0,,,0.41263619754818015,False
PR-000832,2024-02-08,Correspondente,Campinas,SP,Sala comercial,1459160.01,692754.96,120.0,545.0,39.0,7603.57,1.0,CONS-006,3.0,Sem retorno,18.0,,,0.47476284660515056,False
PR-000833,2025-03-17,Organico,Recife,PE,Apartamento,1223747.8,673107.73,84.0,621.0,53.0,6353.24,0.0,CONS-019,4.0,Problema garantia,40.0,,,0.5500379489956999,False
PR-000834,2025-07-16,Correspondente,Recife,PE,Sala comercial,2133917.34,1339388.98,120.0,642.0,36.0,5365.12,0.0,CONS-023,2.0,Desistiu,35.0,,,0.6276667586383642,False
PR-000835,2025-12-05,Parceria,Florianópolis,SC,Imóvel rural,870205.19,393317.65,84.0,671.0,21.0,6724.42,1.0,CONS-028,5.0,Desistiu,43.0,,,0.45198265250520975,False
PR-000836,2024-11-10,Indicação,Brasília,DF,Casa,978375.94,460931.25,180.0,703.0,28.0,4623.37,0.0,CONS-004,5.0,Documentação pendente,33.0,,,0.4711187501197137,False
PR-000837,2025-09-09,Correspondente,Recife,PE,Sala comercial,555980.12,269480.33,120.0,657.0,33.0,5148.83,0.0,CONS-008,5.0,Desistiu,38.0,,,0.4846941829502825,False
PR-000838,2024-09-10,Correspondente,Salvador,BA,Casa,824192.07,389170.25,240.0,756.0,21.0,3395.62,0.0,CONS-009,2.0,Desistiu,13.0,,,0.47218392916592855,False
PR-000839,2024-07-25,Parceria,Salvador,BA,Casa,912392.12,511835.1,60.0,577.0,44.0,4208.7,0.0,CONS-020,3.0,Reprovada crédito,30.0,,,0.5609814999279038,False
PR-000840,2025-03-22,Correspondente,Recife,PE,Apartamento,485537.16,270612.45,60.0,732.0,33.0,3907.78,1.0,CONS-025,6.0,Contratada,43.0,2025-04-05,1.49,0.5573465272977253,True
PR-000842,2025-09-16,Organico,Salvador,BA,Apartamento,302911.84,98944.76,180.0,719.0,33.0,3768.05,0.0,CONS-023,3.0,Sem retorno,22.0,,,0.32664540283403903,False
PR-000843,2025-08-29,Indicação,Florianópolis,SC,Casa,403262.12,237892.44,60.0,597.0,40.0,4095.44,1.0,CONS-021,4.0,Sem retorno,30.0,,,0.589920124409404,False
PR-000844,2025-08-22,Organico,Santos,SP,Apartamento,654605.06,205177.74,180.0,681.0,34.0,2073.1,0.0,CONS-026,2.0,Desistiu,18.0,,,0.31343744883365243,False
PR-000845,2025-09-01,Mídia paga,Brasília,DF,Casa,477758.91,250223.19,240.0,631.0,38.0,5812.51,1.0,CONS-021,2.0,Sem retorno,18.0,,,0.5237436388156529,False
PR-000846,2025-03-16,Organico,Curitiba,PR,Casa,1096085.57,539040.92,180.0,700.0,30.0,5267.93,1.0,CONS-016,6.0,Contratada,16.0,2025-01-04,1.14,0.491787260733667,True
PR-000848,2024-04-08,Correspondente,Porto Alegre,RS,Apartamento,648549.39,240706.72,240.0,657.0,38.0,2784.78,0.0,CONS-004,3.0,Sem retorno,33.0,,,0.37114632086848465,False
PR-000849,2025-06-03,Correspondente,Recife,PE,Apartamento,1397025.7,654181.96,84.0,675.0,50.0,3510.77,1.0,CONS-002,6.0,Contratada,53.0,2025-04-28,1.34,0.4682676632219436,True
PR-000850,2024-10-02,Organico,Salvador,BA,Apartamento,527187.97,243402.1,240.0,759.0,37.0,10554.03,0.0,CONS-014,3.0,Desistiu,32.0,,,0.4616988889181216,False
PR-000853,2024-11-14,Mídia paga,Curitiba,PR,Apartamento,562924.32,296684.3,180.0,711.0,36.0,5927.93,0.0,CONS-024,3.0,Reprovada crédito,42.0,,,0.5270411837953635,False
PR-000854,2024-11-30,Mídia paga,Santos,SP,Casa,516270.91,313905.39,84.0,707.0,42.0,2534.1,1.0,CONS-006,3.0,Desistiu,32.0,,,0.6080245543952884,False
PR-000855,2025-02-02,Indicação,Porto Alegre,RS,Casa,485947.72,308281.26,60.0,747.0,45.0,5669.42,0.0,CONS-024,1.0,Desistiu,10.0,,,0.6343918230545459,False
PR-000856,2024-11-28,Organico,Florianópolis,SC,Imóvel rural,916446.22,406560.94,84.0,509.0,44.0,4939.68,1.0,CONS-029,5.0,Documentação pendente,39.0,,,0.44362771227317627,False
PR-000857,2025-03-25,Organico,Curitiba,PR,Casa,617230.48,487612.08,120.0,560.0,21.0,12535.35,0.0,CONS-002,2.0,Desistiu,39.0,,,0.7900000012961124,False
PR-000859,2025-03-10,Parceria,Rio de Janeiro,RJ,Casa,553929.5,308145.49,120.0,700.0,33.0,6555.49,1.0,CONS-003,2.0,Sem retorno,40.0,,,0.5562900874569778,False
PR-000860,2025-08-29,Correspondente,Santos,SP,Apartamento,1182726.02,622517.03,120.0,762.0,53.0,3299.51,0.0,CONS-013,2.0,Sem retorno,18.0,,,0.5263408595677974,False
PR-000861,2025-07-19,Correspondente,Rio de Janeiro,RJ,Apartamento,1678914.31,971726.24,84.0,725.0,45.0,3981.74,0.0,CONS-005,3.0,Desistiu,22.0,,,0.5787825109430391,False
PR-000863,2024-03-11,Organico,Salvador,BA,Apartamento,1611700.87,626398.69,180.0,686.0,38.0,3213.07,0.0,CONS-022,6.0,Contratada,30.0,2024-03-12,1.46,0.38865691621795795,True
PR-000864,2025-06-01,Mídia paga,Recife,PE,Sala comercial,558514.65,319687.84,180.0,539.0,26.0,1800.0,0.0,CONS-015,5.0,Documentação pendente,55.0,,,0.5723893545137984,False
PR-000865,2025-08-24,Correspondente,Campinas,SP,Imóvel rural,1599204.7,618591.83,120.0,897.0,43.0,2609.59,1.0,CONS-015,6.0,Contratada,38.0,2025-01-10,1.17,0.386812163571055,True
PR-000866,2024-06-22,Correspondente,São Paulo,SP,Casa,756513.19,430702.92,240.0,552.0,41.0,2316.73,0.0,CONS-018,4.0,Problema garantia,38.0,,,0.5693263854394925,False
PR-000867,2025-12-02,Correspondente,Recife,PE,Sala comercial,1644299.87,759698.81,180.0,632.0,38.0,2780.54,1.0,CONS-023,6.0,Contratada,41.0,2025-03-25,1.29,0.46201962541054026,True
PR-000868,2024-11-17,Organico,Belo Horizonte,MG,Apartamento,1200931.54,390250.76,84.0,704.0,23.0,8575.89,0.0,CONS-022,3.0,Reprovada crédito,28.0,,,0.32495670819004385,False
PR-000869,2024-06-12,Parceria,Recife,PE,Casa,305436.9,179347.71,84.0,621.0,47.0,3147.41,1.0,CONS-004,6.0,Contratada,29.0,2025-04-01,1.4,0.5871841614421832,True
PR-000870,2025-01-28,Organico,Brasília,DF,Casa,440583.05,188223.8,180.0,647.0,47.0,4720.32,0.0,CONS-018,6.0,Contratada,18.0,2025-02-15,1.47,0.4272152548764643,True
PR-000871,2025-12-19,Correspondente,Porto Alegre,RS,Sala comercial,700549.02,191008.83,180.0,660.0,49.0,7402.55,0.0,CONS-012,4.0,Problema garantia,47.0,,,0.2726559092181729,False
PR-000872,2024-09-21,Indicação,Florianópolis,SC,Apartamento,513707.91,322487.36,180.0,740.0,43.0,7884.56,0.0,CONS-029,3.0,Sem retorno,28.0,,,0.627764053701256,False
PR-000873,2024-10-29,Organico,Rio de Janeiro,RJ,Apartamento,353736.48,163432.62,180.0,637.0,46.0,4494.7,0.0,CONS-023,6.0,Contratada,71.0,2025-08-01,1.54,0.46201799712599617,True
PR-000874,2025-10-05,Indicação,Salvador,BA,Apartamento,605157.72,371135.99,120.0,733.0,50.0,8514.9,1.0,CONS-014,3.0,Sem retorno,26.0,,,0.6132880367121484,False
PR-000875,2024-12-17,Correspondente,Curitiba,PR,Casa,1203158.64,483449.16,120.0,792.0,46.0,5464.95,0.0,CONS-012,4.0,Problema garantia,34.0,,,0.401816638244812,False
PR-000876,2025-02-28,Indicação,Belo Horizonte,MG,Apartamento,310032.48,195616.33,84.0,696.0,38.0,5424.5,0.0,CONS-024,3.0,Desistiu,38.0,,,0.6309543116256723,False
PR-000877,2025-03-18,Mídia paga,Porto Alegre,RS,Apartamento,1241242.5,661187.6,84.0,703.0,40.0,12754.18,1.0,CONS-008,2.0,Reprovada crédito,31.0,,,0.5326820504454206,False
PR-000878,2025-02-02,Correspondente,Campinas,SP,Casa,710893.58,394181.5,84.0,582.0,35.0,5826.1,0.0,CONS-016,2.0,Sem retorno,29.0,,,0.5544873537892971,False
PR-000879,2025-07-26,Correspondente,Curitiba,PR,Apartamento,430960.08,246110.32,180.0,482.0,40.0,7075.03,0.0,CONS-018,4.0,Sem retorno,41.0,,,0.5710745180852945,False
PR-000880,2025-09-04,Organico,Curitiba,PR,Apartamento,738628.26,374291.49,84.0,634.0,24.0,6341.05,0.0,CONS-018,4.0,Problema garantia,49.0,,,0.506738653622595,False
PR-000881,2024-08-17,Organico,Campinas,SP,Apartamento,858978.24,504379.88,120.0,770.0,44.0,5171.12,0.0,CONS-014,6.0,Contratada,23.0,2024-09-09,1.35,0.5871858639864963,True
PR-000882,2025-02-08,Correspondente,Curitiba,PR,Casa,360940.34,220172.86,240.0,656.0,25.0,4828.01,0.0,CONS-005,3.0,Desistiu,25.0,,,0.6099979292976783,False
PR-000883,2024-08-14,Correspondente,Brasília,DF,Apartamento,1018684.74,477899.53,120.0,734.0,24.0,4114.49,0.0,CONS-029,6.0,Contratada,46.0,2024-09-29,1.24,0.4691338853274665,True
PR-000884,2025-04-26,Mídia paga,Curitiba,PR,Apartamento,338878.96,215309.94,60.0,630.0,40.0,2631.08,0.0,CONS-028,4.0,Problema garantia,47.0,,,0.6353594215468555,False
PR-000885,2025-08-22,Correspondente,Belo Horizonte,MG,Apartamento,336072.14,181574.29,180.0,564.0,40.0,4869.8,0.0,CONS-028,2.0,Sem retorno,24.0,,,0.5402836724281876,False
PR-000886,2024-09-20,Parceria,Porto Alegre,RS,Casa,747596.57,286122.51,84.0,709.0,43.0,7736.79,0.0,CONS-003,5.0,Documentação pendente,12.0,,,0.3827231443825378,False
PR-000887,2024-04-16,Correspondente,Santos,SP,Apartamento,583465.88,249983.04,84.0,660.0,43.0,3311.35,0.0,CONS-001,3.0,Reprovada crédito,19.0,,,0.4284450017882794,False
PR-000888,2025-08-31,Indicação,Salvador,BA,Apartamento,1256484.34,512269.68,60.0,728.0,51.0,3943.96,1.0,CONS-028,6.0,Contratada,42.0,2025-12-10,1.37,0.4077008074768365,True
PR-000890,2024-07-08,Organico,Rio de Janeiro,RJ,Apartamento,556038.7,127888.9,84.0,720.0,36.0,5911.07,0.0,CONS-003,5.0,Documentação pendente,36.0,,,0.22999999820156403,False
PR-000891,2025-07-19,Organico,Rio de Janeiro,RJ,Apartamento,552625.41,228550.48,60.0,699.0,32.0,3181.38,0.0,CONS-025,4.0,Sem retorno,23.0,,,0.413572151884945,False
PR-000892,2025-09-04,Organico,Curitiba,PR,Casa,1031377.15,262472.74,240.0,679.0,53.0,6484.35,1.0,CONS-018,3.0,Desistiu,56.0,,,0.2544876430508471,False
PR-000893,2025-11-12,Correspondente,Brasília,DF,Apartamento,586741.4,263585.52,60.0,705.0,49.0,4934.12,0.0,CONS-007,6.0,Contratada,21.0,2026-01-01,1.66,0.4492362734247149,True
PR-000894,2024-04-17,Parceria,Santos,SP,Apartamento,587999.89,317292.36,180.0,629.0,49.0,2492.41,0.0,CONS-022,1.0,Desistiu,31.0,,,0.5396129580908595,False
PR-000896,2025-05-15,Correspondente,Salvador,BA,Casa,504457.18,228675.84,84.0,772.0,40.0,4603.05,0.0,CONS-027,1.0,Desistiu,20.0,,,0.45331070518215244,False
PR-000897,2024-10-20,Mídia paga,Salvador,BA,Sala comercial,1181420.63,683489.53,180.0,687.0,56.0,4491.91,0.0,CONS-018,3.0,Desistiu,47.0,,,0.5785319069635682,False
PR-000898,2025-08-26,Mídia paga,Santos,SP,Apartamento,1120010.13,669186.0,84.0,709.0,45.0,2780.5,0.0,CONS-003,3.0,Sem retorno,38.0,,,0.5974820959878283,False
PR-000899,2024-08-22,Correspondente,Florianópolis,SC,Apartamento,1549253.7,782325.96,240.0,707.0,47.0,2435.52,0.0,CONS-001,2.0,Desistiu,31.0,,,0.5049695605051645,False
PR-000900,2025-02-17,Parceria,Porto Alegre,RS,Apartamento,506007.47,181205.9,240.0,796.0,40.0,3186.0,0.0,CONS-025,6.0,Contratada,26.0,2025-03-15,1.38,0.35810914016743667,True
PR-000902,2025-01-08,Parceria,Curitiba,PR,Sala comercial,621365.06,308772.84,84.0,685.0,50.0,5826.74,0.0,CONS-022,2.0,Sem retorno,26.0,,,0.4969266215258386,False
PR-000903,2025-11-01,Mídia paga,Curitiba,PR,Apartamento,730521.23,455736.71,180.0,608.0,49.0,7281.79,0.0,CONS-021,2.0,Reprovada crédito,28.0,,,0.6238514245506596,False
PR-000904,2025-04-14,Correspondente,Porto Alegre,RS,Sala comercial,936476.52,532460.26,240.0,637.0,40.0,9517.33,0.0,CONS-023,4.0,Problema garantia,27.0,,,0.5685783344573337,False
PR-000905,2025-12-08,Organico,Campinas,SP,Casa,798124.22,337320.79,240.0,703.0,53.0,2159.78,0.0,CONS-011,3.0,Reprovada crédito,42.0,,,0.42264196668533627,False
PR-000906,2025-08-17,Correspondente,Santos,SP,Casa,1087991.53,542785.53,180.0,581.0,37.0,9016.1,0.0,CONS-021,3.0,Reprovada crédito,17.0,,,0.49888764299479427,False
PR-000907,2025-02-04,Correspondente,Florianópolis,SC,Casa,549232.87,286444.25,240.0,727.0,55.0,6042.19,0.0,CONS-028,3.0,Desistiu,29.0,,,0.5215351550244981,False
PR-000908,2024-11-14,Correspondente,Brasília,DF,Apartamento,1434241.21,740686.48,84.0,625.0,31.0,7999.31,0.0,CONS-025,2.0,Desistiu,26.0,,,0.5164309007687765,False
PR-000909,2025-06-20,Mídia paga,Belo Horizonte,MG,Casa,613171.79,409823.74,60.0,678.0,44.0,4767.83,0.0,CONS-007,2.0,Desistiu,17.0,,,0.668366918836889,False
PR-000910,2025-07-27,Correspondente,São Paulo,SP,Apartamento,1224506.04,508611.16,180.0,667.0,47.0,4237.69,0.0,CONS-013,4.0,Problema garantia,29.0,,,0.4153602704973182,False
PR-000911,2025-04-09,Indicação,Rio de Janeiro,RJ,Casa,853011.26,417821.73,84.0,664.0,43.0,3606.64,0.0,CONS-022,5.0,Desistiu,33.0,,,0.48981971234471156,False
PR-000912,2024-10-12,Organico,Porto Alegre,RS,Casa,620398.64,324934.73,60.0,641.0,32.0,4084.63,1.0,CONS-003,5.0,Desistiu,47.0,,,0.5237515188621302,False
PR-000913,2025-05-03,Organico,Salvador,BA,Sala comercial,297768.11,142794.5,240.0,704.0,52.0,1800.0,0.0,CONS-028,1.0,Sem retorno,25.0,,,0.4795493379059296,False
PR-000914,2024-12-22,Mídia paga,Recife,PE,Apartamento,364453.82,155175.52,84.0,686.0,71.0,8280.81,0.0,CONS-026,2.0,Reprovada crédito,36.0,,,0.42577553446963456,False
PR-000915,2025-06-17,Correspondente,São Paulo,SP,Casa,269643.17,164878.7,84.0,716.0,51.0,1896.96,0.0,CONS-019,5.0,Desistiu,32.0,,,0.6114699660295494,False
PR-000917,2024-07-14,Organico,Rio de Janeiro,RJ,Apartamento,623264.21,223809.3,60.0,665.0,64.0,22221.38,0.0,CONS-024,5.0,Desistiu,38.0,,,0.3590921737668845,False
PR-000918,2025-06-02,Mídia paga,São Paulo,SP,Apartamento,1729925.41,637905.66,180.0,739.0,39.0,6405.97,1.0,CONS-001,4.0,Problema garantia,22.0,,,0.36874749414773905,False
PR-000919,2025-11-05,Mídia paga,Santos,SP,Casa,674904.54,430695.58,84.0,768.0,41.0,1904.11,0.0,CONS-017,4.0,Sem retorno,32.0,,,0.638157775616682,False
PR-000920,2025-01-05,Indicação,Florianópolis,SC,Casa,1797030.1,1045173.38,60.0,614.0,45.0,3909.74,0.0,CONS-003,3.0,Reprovada crédito,31.0,,,0.5816115044483673,False
PR-000922,2025-03-16,Correspondente,Florianópolis,SC,Casa,722125.45,285582.35,180.0,595.0,35.0,5536.41,0.0,CONS-014,4.0,Problema garantia,39.0,,,0.39547470595309997,False
PR-000923,2025-12-02,Correspondente,Salvador,BA,Apartamento,2001894.52,950776.63,84.0,619.0,55.0,5105.39,0.0,CONS-002,4.0,Sem retorno,32.0,,,0.4749384248276977,False
PR-000924,2024-08-16,Correspondente,Santos,SP,Apartamento,704375.78,279515.03,180.0,834.0,30.0,2882.05,1.0,CONS-023,4.0,Problema garantia,25.0,,,0.3968265774271796,False
PR-000925,2025-09-03,Mídia paga,Recife,PE,Sala comercial,1242702.08,666221.33,84.0,662.0,40.0,3160.5,0.0,CONS-025,4.0,Problema garantia,33.0,,,0.5361070370140524,False
PR-000926,2025-02-24,Mídia paga,Santos,SP,Apartamento,487749.72,213811.94,84.0,666.0,48.0,6986.8,1.0,CONS-008,4.0,Problema garantia,24.0,,,0.43836404457597644,False
PR-000927,2025-10-21,Indicação,Goiânia,GO,Imóvel rural,1369898.77,627721.26,60.0,783.0,35.0,5173.09,0.0,CONS-013,4.0,Sem retorno,28.0,,,0.45822455917673394,False
PR-000928,2024-05-29,Mídia paga,Santos,SP,Apartamento,1464146.63,506077.51,120.0,791.0,39.0,9659.0,0.0,CONS-001,6.0,Contratada,57.0,2024-07-25,1.12,0.34564674031316117,True
PR-000929,2024-04-12,Correspondente,Porto Alegre,RS,Casa,740184.19,428818.33,120.0,661.0,35.0,5437.57,0.0,CONS-024,4.0,Problema garantia,20.0,,,0.5793400288649776,False
PR-000930,2024-10-31,Correspondente,Salvador,BA,Casa,734259.1,344255.18,60.0,625.0,41.0,3856.97,0.0,CONS-019,6.0,Contratada,14.0,2024-11-14,1.28,0.46884700509670224,True
PR-000931,2025-02-02,Indicação,São Paulo,SP,Sala comercial,1214022.21,596548.13,240.0,613.0,37.0,7555.42,0.0,CONS-028,4.0,Sem retorno,37.0,,,0.4913815621215035,False
PR-000932,2024-08-09,Correspondente,Salvador,BA,Apartamento,611817.61,275057.4,84.0,576.0,43.0,3968.13,1.0,CONS-026,4.0,Sem retorno,30.0,,,0.44957417946828965,False
PR-000933,2024-07-19,Organico,Curitiba,PR,Apartamento,724786.96,243421.81,180.0,702.0,39.0,5382.33,0.0,CONS-015,2.0,Desistiu,26.0,,,0.3358529104883454,False
PR-000934,2025-02-23,Correspondente,Recife,PE,Casa,476820.71,195575.28,60.0,669.0,24.0,4865.94,0.0,CONS-010,3.0,Reprovada crédito,10.0,,,0.41016523799899546,False
PR-000935,2024-08-26,Organico,Rio de Janeiro,RJ,Casa,359703.29,130414.97,180.0,788.0,35.0,4616.86,0.0,CONS-030,2.0,Reprovada crédito,21.0,,,0.36256262765903535,False
PR-000936,2024-10-07,Correspondente,Porto Alegre,RS,Apartamento,835855.6,473994.23,60.0,635.0,62.0,14401.4,0.0,CONS-025,3.0,Sem retorno,33.0,,,0.5670766936298567,False
PR-000937,2025-02-18,Indicação,Brasília,DF,Apartamento,635676.05,266440.08,120.0,601.0,51.0,8956.31,0.0,CONS-028,4.0,Sem retorno,50.0,,,0.4191444368558482,False
PR-000938,2025-02-25,Correspondente,Campinas,SP,Sala comercial,1075944.21,584609.07,60.0,669.0,50.0,4989.51,0.0,CONS-014,3.0,Desistiu,29.0,,,0.5433451516970382,False
PR-000939,2024-03-10,Mídia paga,Recife,PE,Sala comercial,1383570.0,726011.23,180.0,657.0,45.0,6872.37,0.0,CONS-018,5.0,Documentação pendente,51.0,,,0.5247376207925872,False
PR-000940,2025-12-02,Correspondente,Porto Alegre,RS,Sala comercial,1223808.06,391249.39,60.0,556.0,28.0,8707.66,0.0,CONS-019,3.0,Sem retorno,24.0,,,0.31969832753021743,False
PR-000941,2024-05-12,Indicação,Porto Alegre,RS,Sala comercial,645780.08,277664.38,84.0,695.0,43.0,3586.87,0.0,CONS-025,2.0,Sem retorno,37.0,,,0.4299673969503674,False
PR-000943,2025-02-16,Organico,Belo Horizonte,MG,Sala comercial,964102.28,340502.02,60.0,658.0,36.0,4330.32,0.0,CONS-009,6.0,Contratada,10.0,2025-02-26,1.48,0.3531803907776258,True
PR-000944,2025-08-14,Correspondente,Salvador,BA,Apartamento,699661.56,323376.68,60.0,841.0,38.0,8754.18,0.0,CONS-010,2.0,Desistiu,19.0,,,0.46219014804815056,False
PR-000945,2024-03-09,Parceria,Curitiba,PR,Casa,525720.79,283131.13,180.0,527.0,52.0,4370.03,0.0,CONS-025,2.0,Desistiu,28.0,,,0.5385579862649145,False
PR-000946,2024-09-16,Correspondente,Salvador,BA,Casa,702133.55,414398.29,60.0,581.0,46.0,6442.03,0.0,CONS-005,4.0,Problema garantia,41.0,,,0.5901986737423386,False
PR-000947,2024-07-26,Mídia paga,Curitiba,PR,Apartamento,1168154.73,555748.38,120.0,784.0,32.0,4397.32,0.0,CONS-002,6.0,Contratada,56.0,2024-09-20,1.43,0.47574894466249346,True
PR-000948,2024-08-19,Organico,Salvador,BA,Apartamento,600082.43,335237.56,240.0,724.0,41.0,4368.44,0.0,CONS-017,3.0,Reprovada crédito,27.0,,,0.5586525171216894,False
PR-000949,2025-04-25,Organico,Recife,PE,Imóvel rural,770689.84,554096.09,180.0,590.0,52.0,4711.29,0.0,CONS-002,4.0,Problema garantia,46.0,,,0.7189611971529299,False
PR-000950,2024-12-30,Mídia paga,Santos,SP,Apartamento,616250.14,192229.16,120.0,622.0,44.0,8304.48,0.0,CONS-025,5.0,Documentação pendente,49.0,,,0.31193365732947337,False
PR-000951,2025-05-28,Correspondente,Campinas,SP,Apartamento,316474.35,185110.36,180.0,742.0,37.0,10158.81,0.0,CONS-016,4.0,Problema garantia,45.0,,,0.5849142592440746,False
PR-000952,2025-09-08,Mídia paga,Rio de Janeiro,RJ,Casa,841542.52,441718.08,180.0,717.0,42.0,4896.16,0.0,CONS-019,3.0,Sem retorno,28.0,,,0.5248909823356281,False
PR-000953,2025-11-06,Correspondente,Rio de Janeiro,RJ,Apartamento,924782.87,520758.42,84.0,615.0,54.0,4017.02,0.0,CONS-013,4.0,Sem retorno,42.0,,,0.5631142583772124,False
PR-000954,2025-07-15,Correspondente,Florianópolis,SC,Casa,656208.03,319171.12,84.0,631.0,32.0,4436.68,0.0,CONS-003,3.0,Desistiu,28.0,,,0.48638709892044446,False
PR-000955,2024-11-14,Organico,Brasília,DF,Apartamento,763293.69,286857.75,180.0,603.0,44.0,11612.83,0.0,CONS-026,6.0,Contratada,77.0,2025-01-30,1.4,0.37581569683878824,True
PR-000956,2024-08-22,Organico,Rio de Janeiro,RJ,Casa,620096.08,398707.13,84.0,753.0,34.0,3760.79,0.0,CONS-007,2.0,Desistiu,21.0,,,0.6429763755319983,False
PR-000957,2025-05-05,Mídia paga,Curitiba,PR,Casa,526032.74,365784.76,240.0,581.0,40.0,2708.95,0.0,CONS-009,5.0,Documentação pendente,38.0,,,0.6953650071286438,False
PR-000958,2025-04-01,Indicação,Florianópolis,SC,Apartamento,1296526.23,573226.31,120.0,638.0,38.0,7495.74,0.0,CONS-008,2.0,Desistiu,23.0,,,0.44212473048077094,False
PR-000959,2025-06-24,Indicação,Salvador,BA,Casa,586683.83,264098.45,180.0,635.0,30.0,5848.53,0.0,CONS-022,6.0,Contratada,38.0,2025-01-08,1.41,0.4501546429189978,True
PR-000960,2024-11-23,Indicação,Recife,PE,Apartamento,445567.12,155700.33,240.0,597.0,24.0,11050.35,1.0,CONS-010,6.0,Contratada,36.0,2024-12-29,1.48,0.34944304238607193,True
PR-000961,2024-07-26,Correspondente,Goiânia,GO,Apartamento,1063736.91,327526.72,120.0,695.0,37.0,3847.49,0.0,CONS-025,2.0,Sem retorno,27.0,,,0.3079019980607799,False
PR-000962,2025-08-10,Correspondente,Florianópolis,SC,Sala comercial,1009167.2,664014.86,60.0,716.0,29.0,5709.8,0.0,CONS-002,3.0,Sem retorno,26.0,,,0.6579829982583659,False
PR-000963,2025-03-15,Correspondente,Florianópolis,SC,Imóvel rural,870622.43,488912.34,120.0,633.0,29.0,5051.31,0.0,CONS-009,2.0,Desistiu,25.0,,,0.5615664416089073,False
PR-000964,2025-05-05,Indicação,Curitiba,PR,Apartamento,784187.77,277296.31,60.0,723.0,52.0,3720.34,1.0,CONS-005,2.0,Sem retorno,38.0,,,0.3536095825620948,False
PR-000965,2025-08-27,Organico,Brasília,DF,Casa,618411.16,348487.26,60.0,703.0,27.0,5681.2,0.0,CONS-007,2.0,Sem retorno,29.0,,,0.5635203284494413,False
PR-000966,2025-12-02,Parceria,Curitiba,PR,Apartamento,1077321.31,407256.37,180.0,731.0,42.0,3726.59,0.0,CONS-020,2.0,Sem retorno,20.0,,,0.3780268395507743,False
PR-000968,2025-01-21,Organico,Santos,SP,Apartamento,614510.9,317854.31,120.0,779.0,27.0,9021.09,0.0,CONS-025,6.0,Contratada,52.0,2025-03-14,1.26,0.5172476354772552,True
PR-000969,2025-05-04,Correspondente,Santos,SP,Apartamento,1261583.56,763736.42,60.0,675.0,51.0,15736.31,1.0,CONS-021,3.0,Sem retorno,38.0,,,0.6053791791643195,False
PR-000970,2024-01-09,Mídia paga,Salvador,BA,Apartamento,368495.7,202148.66,180.0,529.0,39.0,4311.28,0.0,CONS-008,1.0,Desistiu,2.0,,,0.5485780702461386,False
PR-000971,2025-01-02,Mídia paga,Curitiba,PR,Casa,441671.93,169306.92,180.0,604.0,34.0,6639.07,0.0,CONS-012,5.0,Documentação pendente,39.0,,,0.38333185448303225,False
PR-000972,2025-12-04,Indicação,Curitiba,PR,Imóvel rural,472758.43,285131.44,60.0,736.0,54.0,5033.9,0.0,CONS-016,3.0,Sem retorno,18.0,,,0.6031229099394378,False
PR-000973,2025-06-19,Parceria,Brasília,DF,Apartamento,424603.01,249262.16,60.0,792.0,42.0,1800.0,0.0,CONS-029,6.0,Contratada,23.0,2025-12-07,1.39,0.587047557670399,True
PR-000974,2025-06-30,Indicação,São Paulo,SP,Apartamento,1157269.57,684603.37,120.0,643.0,42.0,6917.82,1.0,CONS-023,6.0,Contratada,23.0,2025-07-23,1.51,0.5915677623840053,True
PR-000975,2024-04-22,Correspondente,Curitiba,PR,Apartamento,496867.2,245319.15,84.0,725.0,46.0,11850.45,1.0,CONS-007,3.0,Sem retorno,41.0,,,0.4937318261297988,False
PR-000976,2025-09-04,Correspondente,Florianópolis,SC,Sala comercial,432121.19,250555.06,60.0,670.0,42.0,2633.27,1.0,CONS-012,3.0,Reprovada crédito,27.0,,,0.5798259048578479,False
PR-000977,2024-01-08,Parceria,Salvador,BA,Casa,1424554.06,353131.64,240.0,627.0,50.0,3711.38,0.0,CONS-017,4.0,Problema garantia,20.0,,,0.2478892517424014,False
PR-000978,2024-03-10,Correspondente,Brasília,DF,Casa,639174.65,343542.88,60.0,558.0,42.0,2446.61,0.0,CONS-016,4.0,Problema garantia,25.0,,,0.5374788878125877,False
PR-000979,2025-04-19,Organico,Recife,PE,Apartamento,490379.79,226902.61,60.0,687.0,47.0,6755.33,0.0,CONS-015,4.0,Problema garantia,40.0,,,0.4627079146145073,False
PR-000980,2024-07-10,Correspondente,São Paulo,SP,Imóvel rural,700894.1,436373.49,240.0,642.0,35.0,5517.7,0.0,CONS-012,3.0,Sem retorno,19.0,,,0.6225954677033235,False
PR-000981,2025-03-05,Indicação,Brasília,DF,Sala comercial,1258931.44,784776.91,240.0,737.0,32.0,1827.59,1.0,CONS-011,6.0,Contratada,48.0,2025-06-20,1.31,0.623367472656017,True
PR-000982,2024-12-17,Mídia paga,Curitiba,PR,Imóvel rural,1044767.64,554316.63,240.0,728.0,49.0,7877.8,0.0,CONS-003,3.0,Sem retorno,31.0,,,0.5305645090615555,False
PR-000983,2025-08-04,Indicação,Belo Horizonte,MG,Apartamento,2024670.69,772963.2,120.0,572.0,21.0,3630.51,0.0,CONS-009,5.0,Documentação pendente,43.0,,,0.38177230688315045,False
PR-000984,2024-09-10,Organico,Salvador,BA,Apartamento,745762.5,309647.52,180.0,688.0,27.0,7475.3,1.0,CONS-028,3.0,Sem retorno,22.0,,,0.41520929250263994,False
PR-000985,2025-11-05,Mídia paga,Curitiba,PR,Casa,711252.41,353116.27,120.0,632.0,41.0,6075.04,1.0,CONS-016,2.0,Desistiu,16.0,,,0.4964711051031799,False
PR-000986,2024-08-14,Correspondente,Santos,SP,Casa,999329.0,509636.96,180.0,653.0,35.0,2524.92,0.0,CONS-005,3.0,Reprovada crédito,30.0,,,0.5099791560136852,False
PR-000987,2024-10-10,Parceria,Campinas,SP,Apartamento,1172589.81,549378.09,120.0,711.0,37.0,3694.84,0.0,CONS-013,4.0,Sem retorno,12.0,,,0.46851685501172824,False
PR-000988,2025-03-19,Organico,Belo Horizonte,MG,Apartamento,920469.5,322673.42,84.0,653.0,36.0,4479.84,1.0,CONS-007,3.0,Sem retorno,59.0,,,0.350553081878324,False
PR-000989,2024-06-20,Correspondente,Brasília,DF,Sala comercial,738250.44,265578.85,240.0,712.0,38.0,7022.5,1.0,CONS-002,3.0,Desistiu,32.0,,,0.35974086246396275,False
PR-000990,2025-06-25,Mídia paga,Porto Alegre,RS,Casa,496517.33,186977.41,120.0,630.0,42.0,4017.54,0.0,CONS-006,5.0,Documentação pendente,50.0,,,0.37657781250052236,False
PR-000991,2025-06-20,Correspondente,Curitiba,PR,Casa,749817.77,441490.33,84.0,630.0,46.0,2126.4,0.0,CONS-027,2.0,Sem retorno,15.0,,,0.5887968352630534,False
PR-000992,2024-02-08,Parceria,Recife,PE,Sala comercial,778145.46,452645.07,84.0,662.0,49.0,2736.7,1.0,CONS-020,3.0,Sem retorno,34.0,,,0.5816972446257028,False
PR-000993,2025-06-20,Parceria,São Paulo,SP,Casa,998065.68,635350.17,120.0,555.0,41.0,2966.13,1.0,CONS-018,3.0,Desistiu,41.0,,,0.6365815223703515,False
PR-000994,2024-02-09,Mídia paga,Florianópolis,SC,Apartamento,354754.16,168139.37,240.0,687.0,46.0,5465.07,0.0,CONS-005,3.0,Sem retorno,39.0,,,0.47396024897918043,False
PR-000995,2024-03-11,Correspondente,Salvador,BA,Casa,735568.45,343512.48,60.0,622.0,32.0,10861.87,1.0,CONS-030,3.0,Desistiu,36.0,,,0.4670027378145433,False
PR-000996,2025-07-27,Correspondente,São Paulo,SP,Imóvel rural,624509.28,327277.39,240.0,749.0,49.0,2354.82,0.0,CONS-019,3.0,Sem retorno,41.0,,,0.5240552870567432,False
PR-000997,2025-01-19,Organico,Goiânia,GO,Apartamento,953434.15,536717.26,60.0,769.0,35.0,4939.26,1.0,CONS-008,5.0,Desistiu,45.0,,,0.56293060197183,False
PR-000998,2025-01-15,Mídia paga,São Paulo,SP,Sala comercial,775414.45,279658.38,180.0,675.0,33.0,4522.65,0.0,CONS-016,2.0,Desistiu,51.0,,,0.3606566527100443,False
PR-000999,2025-03-31,Indicação,Florianópolis,SC,Casa,401346.66,240062.83,180.0,651.0,47.0,3471.19,0.0,CONS-022,3.0,Desistiu,14.0,,,0.5981433357387352,False
PR-001000,2024-11-14,Correspondente,Salvador,BA,Apartamento,1053984.01,502995.96,60.0,662.0,41.0,6149.64,0.0,CONS-023,4.0,Problema garantia,40.0,,,0.47723300849696954,False
PR-001001,2025-03-24,Mídia paga,Curitiba,PR,Apartamento,679030.33,167690.45,240.0,586.0,27.0,12076.89,0.0,CONS-021,4.0,Problema garantia,28.0,,,0.2469557582206969,False
PR-001002,2024-12-08,Correspondente,São Paulo,SP,Casa,1071705.39,625977.24,180.0,668.0,40.0,4273.6,0.0,CONS-025,3.0,Desistiu,36.0,,,0.5840945150047253,False
PR-001004,2024-11-11,Organico,Florianópolis,SC,Sala comercial,564286.94,267051.07,120.0,581.0,45.0,3461.76,0.0,CONS-001,5.0,Documentação pendente,57.0,,,0.47325403277984784,False
PR-001005,2025-05-07,Indicação,São Paulo,SP,Apartamento,437686.56,243769.25,84.0,593.0,42.0,3997.02,0.0,CONS-028,3.0,Sem retorno,31.0,,,0.5569493612049682,False
PR-001006,2024-06-21,Indicação,Brasília,DF,Apartamento,612227.14,243913.91,120.0,845.0,41.0,7179.0,0.0,CONS-001,3.0,Desistiu,41.0,,,0.3984042752498689,False
PR-001007,2024-12-08,Indicação,Porto Alegre,RS,Apartamento,511714.59,297798.18,180.0,585.0,53.0,8886.43,0.0,CONS-026,6.0,Contratada,67.0,2024-10-18,1.53,0.5819614797381485,True
PR-001009,2024-04-29,Correspondente,Salvador,BA,Imóvel rural,648328.57,278793.86,240.0,594.0,49.0,8876.63,0.0,CONS-030,3.0,Reprovada crédito,20.0,,,0.43001939587515015,False
PR-001010,2025-10-03,Parceria,Porto Alegre,RS,Casa,688773.38,336096.82,240.0,649.0,57.0,7330.44,0.0,CONS-013,5.0,Documentação pendente,39.0,,,0.48796429966558813,False
PR-001011,2025-12-02,Parceria,Recife,PE,Casa,1128963.9,549982.25,84.0,671.0,29.0,3577.51,1.0,CONS-029,6.0,Contratada,48.0,2025-01-04,1.23,0.4871566309604763,True
PR-001012,2025-03-10,Parceria,Florianópolis,SC,Casa,1474128.77,531236.25,240.0,778.0,59.0,3124.55,0.0,CONS-003,6.0,Contratada,43.0,2025-11-15,1.38,0.3603730290129267,True
PR-001013,2024-09-20,Indicação,Brasília,DF,Casa,835230.55,460891.89,60.0,735.0,41.0,12242.86,1.0,CONS-030,1.0,Desistiu,41.0,,,0.551813975195232,False
PR-001014,2025-04-21,Correspondente,Santos,SP,Apartamento,559076.87,193308.54,120.0,701.0,36.0,3514.73,0.0,CONS-023,6.0,Contratada,27.0,2025-05-18,1.41,0.34576379452077854,True
PR-001015,2024-07-12,Organico,Recife,PE,Apartamento,768750.76,346435.93,240.0,751.0,36.0,1800.24,0.0,CONS-012,4.0,Sem retorno,32.0,,,0.45064791870904947,False
PR-001016,2024-08-22,Correspondente,Salvador,BA,Apartamento,562744.28,270538.83,120.0,695.0,45.0,10389.29,1.0,CONS-020,2.0,Sem retorno,18.0,,,0.48074914239910177,False
PR-001017,2024-01-11,Correspondente,Recife,PE,Casa,642170.58,242877.93,60.0,696.0,33.0,4350.37,0.0,CONS-016,5.0,Documentação pendente,21.0,,,0.37821404088614585,False
PR-001018,2024-07-22,Correspondente,Rio de Janeiro,RJ,Apartamento,491613.96,272331.09,60.0,640.0,51.0,2349.25,0.0,CONS-012,3.0,Reprovada crédito,13.0,,,0.5539531261480044,False
PR-001020,2025-01-20,Mídia paga,São Paulo,SP,Apartamento,867778.54,366313.52,240.0,652.0,51.0,9904.71,0.0,CONS-014,6.0,Contratada,28.0,2025-02-17,1.25,0.4221278853012429,True
PR-001021,2024-07-25,Mídia paga,São Paulo,SP,Apartamento,749828.65,278960.46,240.0,755.0,32.0,3482.88,0.0,CONS-016,4.0,Sem retorno,55.0,,,0.3720322769742127,False
PR-001023,2025-04-18,Organico,Goiânia,GO,Apartamento,387198.04,141886.97,180.0,558.0,33.0,6724.56,0.0,CONS-003,1.0,Sem retorno,37.0,,,0.36644547580871023,False
PR-001025,2024-06-07,Correspondente,Porto Alegre,RS,Apartamento,669950.43,449219.15,240.0,603.0,39.0,6432.41,0.0,CONS-030,6.0,Contratada,30.0,2024-05-08,1.33,0.6705259521961946,True
PR-001026,2024-05-30,Mídia paga,Brasília,DF,Apartamento,386550.88,192177.28,180.0,582.0,51.0,5690.5,0.0,CONS-018,4.0,Problema garantia,21.0,,,0.4971590803259845,False
PR-001027,2024-09-11,Organico,Curitiba,PR,Apartamento,779447.16,537180.65,180.0,655.0,40.0,8114.14,0.0,CONS-011,6.0,Contratada,21.0,2024-11-30,1.39,0.6891816117464589,True
PR-001028,2025-02-16,Mídia paga,Brasília,DF,Casa,391241.11,155722.54,60.0,629.0,60.0,2704.36,0.0,CONS-021,2.0,Reprovada crédito,36.0,,,0.3980219256611352,False
PR-001029,2025-03-13,Correspondente,Rio de Janeiro,RJ,Casa,981248.53,415468.69,60.0,605.0,36.0,5068.87,0.0,CONS-028,6.0,Contratada,50.0,2025-02-05,1.22,0.4234082164688695,True
PR-001030,2025-08-03,Correspondente,Santos,SP,Casa,940792.79,562094.94,84.0,530.0,56.0,2744.99,0.0,CONS-018,4.0,Sem retorno,16.0,,,0.5974694385147232,False
PR-001031,2025-05-26,Organico,Curitiba,PR,Imóvel rural,1026864.43,603045.67,84.0,768.0,43.0,5453.56,0.0,CONS-014,5.0,Desistiu,33.0,,,0.5872690224550869,False
PR-001032,2024-07-21,Indicação,Porto Alegre,RS,Apartamento,601094.35,360819.88,180.0,729.0,40.0,4705.17,0.0,CONS-005,3.0,Reprovada crédito,33.0,,,0.600271621252138,False
PR-001033,2024-05-27,Correspondente,Goiânia,GO,Apartamento,812368.74,324738.48,120.0,743.0,54.0,2528.6,0.0,CONS-025,3.0,Desistiu,20.0,,,0.3997427079727366,False
PR-001034,2024-08-28,Organico,Santos,SP,Apartamento,1870481.54,915469.6,120.0,722.0,38.0,6792.02,1.0,CONS-017,3.0,Desistiu,51.0,,,0.4894299037027652,False
PR-001035,2025-05-26,Indicação,Salvador,BA,Casa,865830.68,449301.48,240.0,815.0,23.0,4701.92,0.0,CONS-024,2.0,Desistiu,24.0,,,0.518925339998347,False
PR-001036,2025-01-13,Organico,Santos,SP,Apartamento,757896.78,399129.24,240.0,563.0,39.0,3364.54,0.0,CONS-018,5.0,Documentação pendente,45.0,,,0.52662743863353,False
PR-001037,2025-09-19,Indicação,Santos,SP,Sala comercial,735026.22,375486.31,60.0,824.0,35.0,4526.58,0.0,CONS-004,3.0,Sem retorno,23.0,,,0.510847504188354,False
PR-001038,2024-11-06,Correspondente,Recife,PE,Casa,501425.87,219968.72,84.0,691.0,43.0,2963.52,0.0,CONS-002,3.0,Desistiu,23.0,,,0.4386864203875241,False
PR-001041,2025-04-25,Indicação,Belo Horizonte,MG,Apartamento,927410.75,501997.67,180.0,726.0,46.0,18035.12,0.0,CONS-009,3.0,Sem retorno,23.0,,,0.5412894663987883,False
PR-001042,2025-03-03,Organico,Campinas,SP,Apartamento,770473.89,424021.64,84.0,632.0,41.0,12894.31,0.0,CONS-029,5.0,Documentação pendente,27.0,,,0.550338753205511,False
PR-001043,2024-04-17,Organico,Curitiba,PR,Sala comercial,768621.58,400852.52,60.0,521.0,40.0,8157.82,0.0,CONS-001,2.0,Sem retorno,36.0,,,0.5215212927016699,False
PR-001044,2024-07-22,Mídia paga,Rio de Janeiro,RJ,Apartamento,372754.36,140062.15,84.0,803.0,30.0,2380.42,0.0,CONS-021,2.0,Desistiu,7.0,,,0.3757491931147365,False
PR-001045,2024-10-20,Correspondente,Curitiba,PR,Sala comercial,724784.7,475177.92,240.0,589.0,52.0,5779.45,0.0,CONS-005,3.0,Reprovada crédito,26.0,,,0.6556125149992819,False
PR-001046,2025-10-06,Indicação,Recife,PE,Sala comercial,752220.1,341468.18,84.0,687.0,43.0,6076.92,0.0,CONS-024,6.0,Contratada,25.0,2025-05-07,1.21,0.4539471625392621,True
PR-001047,2024-11-06,Correspondente,Recife,PE,Sala comercial,892446.96,333964.29,240.0,574.0,49.0,7979.5,0.0,CONS-015,3.0,Sem retorno,41.0,,,0.3742119195520594,False
PR-001048,2025-01-26,Organico,Recife,PE,Casa,394559.72,177942.26,180.0,603.0,35.0,4944.18,0.0,CONS-023,3.0,Sem retorno,32.0,,,0.4509894218294762,False
PR-001049,2025-02-22,Correspondente,Curitiba,PR,Apartamento,577995.65,360663.17,60.0,675.0,55.0,11323.3,0.0,CONS-026,5.0,Desistiu,49.0,,,0.6239894192975327,False
PR-001050,2024-07-27,Parceria,Rio de Janeiro,RJ,Apartamento,1001998.64,624627.83,84.0,628.0,48.0,2222.66,0.0,CONS-028,2.0,Reprovada crédito,33.0,,,0.62338191397146,False
PR-001051,2025-04-15,Mídia paga,Florianópolis,SC,Casa,446564.69,115939.92,60.0,627.0,34.0,6735.89,0.0,CONS-011,3.0,Desistiu,34.0,,,0.2596262592996325,False
PR-001052,2025-12-01,Indicação,Porto Alegre,RS,Imóvel rural,869296.13,394704.63,120.0,686.0,45.0,3370.51,0.0,CONS-020,3.0,Desistiu,31.0,,,0.4540508307566031,False
PR-001053,2025-07-02,Parceria,São Paulo,SP,Apartamento,643830.62,383031.99,240.0,704.0,42.0,10005.86,0.0,CONS-023,4.0,Problema garantia,43.0,,,0.5949266439051936,False
PR-001054,2024-08-26,Mídia paga,Campinas,SP,Apartamento,2117403.43,954868.57,120.0,778.0,48.0,6663.92,0.0,CONS-018,5.0,Documentação pendente,29.0,,,0.45096203986030187,False
PR-001056,2024-06-24,Mídia paga,Brasília,DF,Apartamento,810331.72,334924.46,84.0,663.0,41.0,4135.67,0.0,CONS-004,3.0,Reprovada crédito,39.0,,,0.4133177212907327,False
PR-001057,2024-12-04,Correspondente,Porto Alegre,RS,Sala comercial,808099.74,431683.07,84.0,616.0,40.0,3779.87,0.0,CONS-004,4.0,Sem retorno,34.0,,,0.5341952838643408,False
PR-001058,2024-09-08,Mídia paga,Salvador,BA,Sala comercial,710518.08,256121.93,84.0,584.0,40.0,3745.26,0.0,CONS-015,4.0,Sem retorno,47.0,,,0.3604720797534104,False
PR-001059,2025-05-19,Mídia paga,Brasília,DF,Apartamento,1205311.52,677428.17,240.0,664.0,32.0,8559.99,0.0,CONS-029,5.0,Documentação pendente,39.0,,,0.562035754872732,False
PR-001060,2024-12-22,Organico,Rio de Janeiro,RJ,Apartamento,618683.92,234053.85,180.0,710.0,51.0,2524.18,1.0,CONS-024,2.0,Desistiu,25.0,,,0.37830925038426727,False
PR-001061,2024-12-21,Correspondente,Florianópolis,SC,Apartamento,729114.32,295400.52,240.0,650.0,46.0,7458.13,0.0,CONS-010,5.0,Documentação pendente,30.0,,,0.40514979873115103,False
PR-001062,2025-12-06,Parceria,Campinas,SP,Apartamento,813269.28,464840.53,240.0,671.0,40.0,4740.2,0.0,CONS-006,4.0,Sem retorno,40.0,,,0.5715702553033849,False
PR-001063,2025-04-16,Indicação,São Paulo,SP,Casa,893056.51,458916.25,240.0,642.0,39.0,13533.22,0.0,CONS-026,4.0,Problema garantia,23.0,,,0.513871457025715,False
PR-001064,2024-10-15,Indicação,São Paulo,SP,Casa,571216.06,409883.74,84.0,688.0,34.0,5644.28,0.0,CONS-010,5.0,Desistiu,40.0,,,0.7175634032418485,False
PR-001066,2025-04-18,Correspondente,Belo Horizonte,MG,Sala comercial,631791.86,301790.0,60.0,760.0,51.0,4195.83,0.0,CONS-015,4.0,Problema garantia,36.0,,,0.4776731374791692,False
PR-001067,2025-11-07,Organico,Salvador,BA,Apartamento,622628.58,347703.54,180.0,576.0,41.0,4907.01,0.0,CONS-017,3.0,Sem retorno,21.0,,,0.5584445545368316,False
PR-001068,2024-07-03,Correspondente,Recife,PE,Casa,907039.42,399153.64,240.0,683.0,40.0,3456.86,0.0,CONS-006,4.0,Sem retorno,42.0,,,0.4400620647777359,False
PR-001069,2024-10-19,Organico,Florianópolis,SC,Apartamento,757725.5,305651.18,240.0,714.0,59.0,3051.25,0.0,CONS-018,3.0,Reprovada crédito,13.0,,,0.403379825543683,False
PR-001070,2025-07-03,Indicação,Recife,PE,Apartamento,1291926.56,430545.18,180.0,791.0,21.0,4372.72,0.0,CONS-024,4.0,Sem retorno,27.0,,,0.3332582465059004,False
PR-001071,2025-05-16,Correspondente,São Paulo,SP,Imóvel rural,933410.44,474728.68,180.0,583.0,22.0,2647.3,1.0,CONS-022,2.0,Sem retorno,23.0,,,0.508595854145364,False
PR-001072,2025-11-03,Parceria,São Paulo,SP,Casa,504555.03,326913.09,120.0,617.0,54.0,6159.03,0.0,CONS-014,6.0,Contratada,49.0,2025-04-29,1.36,0.6479235575156193,True
PR-001073,2025-09-20,Parceria,Goiânia,GO,Casa,1118328.11,585018.99,120.0,633.0,33.0,6001.66,0.0,CONS-009,3.0,Sem retorno,20.0,,,0.5231192748968815,False
PR-001074,2025-04-14,Mídia paga,Belo Horizonte,MG,Sala comercial,423492.39,193917.63,84.0,657.0,49.0,20552.52,0.0,CONS-008,4.0,Problema garantia,48.0,,,0.4579010971129847,False
PR-001075,2024-10-15,Correspondente,Recife,PE,Apartamento,857013.54,289550.06,84.0,619.0,52.0,2384.34,1.0,CONS-003,6.0,Contratada,44.0,2024-11-28,1.26,0.3378593761774172,True
PR-001076,2024-11-25,Correspondente,Santos,SP,Casa,828730.23,495879.06,180.0,723.0,54.0,7581.26,0.0,CONS-024,3.0,Sem retorno,35.0,,,0.5983600477564334,False
PR-001077,2024-01-25,Indicação,Belo Horizonte,MG,Apartamento,455250.6,192650.68,120.0,709.0,57.0,6049.18,0.0,CONS-005,6.0,Contratada,66.0,2024-03-31,1.25,0.42317501613397107,True
PR-001078,2024-10-10,Parceria,Porto Alegre,RS,Apartamento,651147.65,368162.61,60.0,734.0,40.0,2354.79,0.0,CONS-027,4.0,Problema garantia,27.0,,,0.5654057263356475,False
PR-001079,2024-11-18,Indicação,Recife,PE,Casa,405756.55,166153.01,180.0,573.0,38.0,5974.05,0.0,CONS-019,5.0,Documentação pendente,48.0,,,0.4094894093514942,False
PR-001080,2025-12-07,Mídia paga,Florianópolis,SC,Sala comercial,463716.77,238945.59,120.0,712.0,29.0,5990.62,0.0,CONS-013,4.0,Problema garantia,27.0,,,0.5152834778867281,False
PR-001081,2025-06-17,Mídia paga,Florianópolis,SC,Apartamento,1251456.37,449591.34,120.0,578.0,26.0,2597.35,1.0,CONS-014,3.0,Desistiu,40.0,,,0.3592545060120634,False
PR-001082,2025-05-13,Parceria,Porto Alegre,RS,Sala comercial,1003587.87,495474.58,240.0,543.0,29.0,3478.23,0.0,CONS-015,5.0,Desistiu,33.0,,,0.49370323696718255,False
PR-001085,2025-07-14,Indicação,Belo Horizonte,MG,Imóvel rural,386985.18,144423.88,120.0,670.0,38.0,3648.09,0.0,CONS-004,6.0,Contratada,20.0,2025-03-08,1.27,0.3732026120483477,True
PR-001086,2024-02-11,Organico,Goiânia,GO,Sala comercial,1091129.18,565102.47,60.0,779.0,21.0,3836.9,0.0,CONS-009,6.0,Contratada,24.0,2024-11-26,1.44,0.5179061108053219,True
PR-001087,2024-05-04,Organico,Porto Alegre,RS,Casa,442102.56,250247.66,180.0,748.0,52.0,9879.61,0.0,CONS-029,2.0,Sem retorno,20.0,,,0.566039834738799,False
PR-001088,2024-10-23,Mídia paga,Curitiba,PR,Casa,564382.59,199574.46,84.0,715.0,43.0,3763.11,0.0,CONS-021,4.0,Sem retorno,33.0,,,0.3536155500473535,False
PR-001089,2025-11-05,Mídia paga,Santos,SP,Casa,1288957.49,687225.68,84.0,658.0,58.0,3049.2,0.0,CONS-027,4.0,Problema garantia,37.0,,,0.5331639602792486,False
PR-001090,2025-03-28,Mídia paga,Porto Alegre,RS,Apartamento,1074665.48,739715.24,84.0,658.0,43.0,8406.86,0.0,CONS-024,4.0,Problema garantia,30.0,,,0.6883213928114635,False
PR-001092,2024-11-15,Mídia paga,Goiânia,GO,Casa,814235.08,406600.63,60.0,677.0,38.0,5911.19,0.0,CONS-019,3.0,Desistiu,34.0,,,0.4993651587696271,False
PR-001093,2025-01-13,Organico,Brasília,DF,Casa,482292.72,163251.83,180.0,724.0,59.0,4081.61,0.0,CONS-026,3.0,Desistiu,33.0,,,0.33849117606419604,False
PR-001094,2025-02-08,Correspondente,Curitiba,PR,Casa,312169.89,146603.84,84.0,768.0,43.0,8956.52,0.0,CONS-004,2.0,Desistiu,20.0,,,0.4696283808793987,False
PR-001095,2025-04-18,Organico,Brasília,DF,Casa,561915.67,261369.48,240.0,687.0,38.0,5641.33,1.0,CONS-019,6.0,Contratada,43.0,2025-05-31,1.26,0.46514004494660205,True
PR-001097,2025-02-07,Correspondente,Belo Horizonte,MG,Apartamento,870788.83,488151.54,180.0,689.0,28.0,1902.68,0.0,CONS-026,3.0,Reprovada crédito,29.0,,,0.5605854406745203,False
PR-001098,2025-02-01,Indicação,São Paulo,SP,Sala comercial,728604.2,296288.17,60.0,630.0,57.0,2657.4,0.0,CONS-025,2.0,Reprovada crédito,16.0,,,0.4066517458999001,False
PR-001099,2025-05-16,Correspondente,Goiânia,GO,Apartamento,888605.05,331250.95,60.0,541.0,39.0,7674.25,0.0,CONS-007,3.0,Reprovada crédito,18.0,,,0.3727763532291427,False
PR-001100,2024-09-25,Correspondente,Curitiba,PR,Apartamento,515550.01,193970.33,120.0,766.0,55.0,4748.94,0.0,CONS-002,5.0,Documentação pendente,31.0,,,0.3762396008876035,False
PR-001101,2024-06-10,Correspondente,Florianópolis,SC,Casa,815173.94,394879.32,120.0,693.0,36.0,5999.48,0.0,CONS-016,5.0,Desistiu,24.0,,,0.4844111184417893,False
PR-001102,2025-08-04,Parceria,Goiânia,GO,Apartamento,2031158.09,817739.63,60.0,750.0,33.0,6572.76,0.0,CONS-027,4.0,Problema garantia,28.0,,,0.4025977268957927,False
PR-001103,2025-05-26,Correspondente,Goiânia,GO,Apartamento,394950.25,165973.85,180.0,702.0,25.0,8157.54,0.0,CONS-003,3.0,Sem retorno,34.0,,,0.42023989097361,False
PR-001104,2025-02-17,Correspondente,Salvador,BA,Casa,477698.9,195446.31,180.0,676.0,42.0,6191.67,1.0,CONS-001,4.0,Sem retorno,26.0,,,0.4091412184537163,False
PR-001105,2024-11-16,Correspondente,Goiânia,GO,Apartamento,848814.57,439983.57,120.0,687.0,39.0,6675.56,1.0,CONS-011,6.0,Contratada,37.0,2024-12-23,1.08,0.518350633401592,True
PR-001106,2024-12-29,Correspondente,Salvador,BA,Apartamento,1440957.07,654248.69,180.0,740.0,28.0,3630.82,0.0,CONS-014,5.0,Desistiu,45.0,,,0.4540376001625086,False
PR-001107,2025-03-22,Organico,Goiânia,GO,Apartamento,740198.61,226648.15,240.0,595.0,49.0,7635.54,0.0,CONS-027,6.0,Contratada,44.0,2025-05-05,1.23,0.3061991024273877,True
PR-001108,2025-01-16,Correspondente,Salvador,BA,Imóvel rural,668389.41,356173.37,240.0,786.0,41.0,6296.45,1.0,CONS-027,4.0,Sem retorno,24.0,,,0.5328830239844763,False
PR-001109,2025-07-24,Correspondente,Santos,SP,Casa,646609.87,344065.74,84.0,677.0,47.0,7934.88,0.0,CONS-023,4.0,Problema garantia,44.0,,,0.5321071575972077,False
PR-001110,2024-11-20,Parceria,Curitiba,PR,Sala comercial,748642.48,268031.94,120.0,723.0,41.0,3187.32,0.0,CONS-018,3.0,Sem retorno,39.0,,,0.35802395290205813,False
PR-001111,2025-11-05,Organico,Recife,PE,Apartamento,440912.94,178884.67,60.0,655.0,36.0,12564.14,0.0,CONS-026,5.0,Desistiu,13.0,,,0.4057142664037032,False
PR-001112,2024-09-21,Mídia paga,Goiânia,GO,Apartamento,598517.38,367990.51,60.0,723.0,21.0,6432.15,0.0,CONS-006,4.0,Problema garantia,26.0,,,0.6148367988912871,False
PR-001113,2025-03-29,Correspondente,Recife,PE,Apartamento,828797.5,420287.19,84.0,638.0,32.0,5347.18,0.0,CONS-004,3.0,Desistiu,15.0,,,0.5071047994232608,False
PR-001114,2024-07-12,Organico,Florianópolis,SC,Imóvel rural,830089.23,355507.57,240.0,777.0,44.0,3072.57,0.0,CONS-005,4.0,Sem retorno,23.0,,,0.42827633120839315,False
PR-001115,2024-05-05,Indicação,Recife,PE,Apartamento,633470.3,424962.54,60.0,735.0,38.0,10424.59,1.0,CONS-003,6.0,Contratada,33.0,2024-07-06,1.55,0.6708484044161186,True
PR-001116,2024-02-24,Organico,Belo Horizonte,MG,Sala comercial,709293.03,303938.62,60.0,741.0,34.0,4645.73,0.0,CONS-019,3.0,Desistiu,32.0,,,0.4285092439157339,False
PR-001117,2024-06-10,Mídia paga,Brasília,DF,Apartamento,722847.64,520916.61,84.0,672.0,59.0,2092.66,0.0,CONS-029,5.0,Documentação pendente,32.0,,,0.7206451002593022,False
PR-001118,2024-03-07,Correspondente,São Paulo,SP,Casa,404752.11,204073.28,84.0,564.0,36.0,2649.52,0.0,CONS-020,2.0,Desistiu,40.0,,,0.5041932455892572,False
PR-001119,2024-08-19,Correspondente,São Paulo,SP,Casa,461910.84,230540.71,120.0,634.0,43.0,3632.42,0.0,CONS-006,4.0,Sem retorno,24.0,,,0.4991021860409251,False
PR-001120,2025-04-23,Correspondente,Belo Horizonte,MG,Apartamento,680216.98,355135.31,84.0,707.0,30.0,4896.44,1.0,CONS-020,4.0,Sem retorno,41.0,,,0.5220912156588623,False
PR-001121,2024-08-07,Parceria,Goiânia,GO,Apartamento,824039.81,528856.1,60.0,557.0,36.0,3571.32,0.0,CONS-024,4.0,Sem retorno,28.0,,,0.6417846487295316,False
PR-001122,2025-07-22,Organico,Rio de Janeiro,RJ,Apartamento,504534.13,288533.7,60.0,617.0,34.0,6060.67,0.0,CONS-016,3.0,Reprovada crédito,24.0,,,0.5718814304990626,False
PR-001123,2025-05-25,Parceria,Santos,SP,Apartamento,1189967.66,691362.8,84.0,572.0,53.0,5780.76,0.0,CONS-029,3.0,Reprovada crédito,35.0,,,0.5809929321944767,False
PR-001124,2025-07-07,Parceria,Florianópolis,SC,Sala comercial,1381948.94,714677.79,120.0,632.0,32.0,3059.05,0.0,CONS-003,3.0,Sem retorno,24.0,,,0.5171520953588923,False
PR-001125,2024-07-20,Organico,Florianópolis,SC,Imóvel rural,674028.56,189221.65,60.0,634.0,42.0,2684.09,0.0,CONS-021,4.0,Sem retorno,29.0,,,0.28073239211109985,False
PR-001126,2025-05-23,Indicação,Santos,SP,Casa,383410.05,144756.38,240.0,605.0,38.0,3366.68,0.0,CONS-008,2.0,Sem retorno,22.0,,,0.37754977992882555,False
PR-001128,2025-06-22,Parceria,Rio de Janeiro,RJ,Casa,678581.73,202547.51,120.0,827.0,40.0,5616.43,0.0,CONS-025,3.0,Desistiu,26.0,,,0.2984865360286078,False
PR-001129,2025-06-24,Correspondente,Porto Alegre,RS,Casa,754996.53,490834.23,120.0,638.0,37.0,3037.25,0.0,CONS-013,3.0,Sem retorno,36.0,,,0.6501145508576045,False
PR-001130,2024-03-07,Correspondente,São Paulo,SP,Apartamento,570772.7,250055.82,60.0,629.0,46.0,4081.19,0.0,CONS-014,3.0,Desistiu,47.0,,,0.43810052583103576,False
PR-001132,2025-12-07,Parceria,Santos,SP,Apartamento,1092692.27,584114.09,84.0,708.0,48.0,7558.0,0.0,CONS-017,6.0,Contratada,11.0,2025-07-23,1.21,0.5345641275562423,True
PR-001133,2025-04-30,Organico,Belo Horizonte,MG,Apartamento,1562603.66,699053.18,240.0,631.0,54.0,2701.45,0.0,CONS-016,3.0,Reprovada crédito,30.0,,,0.4473643559749502,False
PR-001134,2025-02-24,Organico,Salvador,BA,Casa,648840.44,403945.35,180.0,684.0,45.0,10424.16,0.0,CONS-010,5.0,Documentação pendente,39.0,,,0.6225650022677378,False
PR-001135,2024-02-12,Parceria,Rio de Janeiro,RJ,Sala comercial,844070.24,458881.16,60.0,718.0,37.0,7253.35,0.0,CONS-006,4.0,Sem retorno,63.0,,,0.543652812590573,False
PR-001136,2024-04-07,Correspondente,Florianópolis,SC,Sala comercial,325621.68,152823.52,180.0,690.0,24.0,10681.77,1.0,CONS-022,3.0,Reprovada crédito,42.0,,,0.4693284550340751,False
PR-001137,2024-10-19,Indicação,Rio de Janeiro,RJ,Apartamento,990553.77,450122.79,240.0,627.0,53.0,3787.88,0.0,CONS-026,1.0,Sem retorno,37.0,,,0.45441530145304476,False
PR-001138,2025-01-02,Organico,Porto Alegre,RS,Apartamento,444886.38,264908.02,84.0,691.0,34.0,5803.3,0.0,CONS-018,4.0,Sem retorno,43.0,,,0.5954509553652778,False
PR-001139,2025-03-13,Correspondente,Belo Horizonte,MG,Apartamento,733998.6,258548.98,84.0,716.0,36.0,5289.32,1.0,CONS-006,2.0,Desistiu,16.0,,,0.35224723861871127,False
PR-001140,2024-06-10,Mídia paga,São Paulo,SP,Apartamento,341308.31,130490.02,240.0,727.0,21.0,10988.29,1.0,CONS-029,2.0,Desistiu,31.0,,,0.3823230087776064,False
PR-001141,2024-07-21,Organico,Florianópolis,SC,Casa,1064100.13,315879.06,120.0,613.0,53.0,15660.87,0.0,CONS-006,1.0,Desistiu,5.0,,,0.29685088000130216,False
PR-001142,2025-05-24,Correspondente,Santos,SP,Apartamento,2276515.33,1449844.95,180.0,575.0,41.0,12351.53,0.0,CONS-022,3.0,Sem retorno,19.0,,,0.6368702775219176,False
PR-001143,2025-03-29,Mídia paga,Goiânia,GO,Casa,795135.52,245056.31,84.0,635.0,49.0,5327.63,0.0,CONS-010,5.0,Desistiu,49.0,,,0.30819439433418844,False
PR-001144,2025-11-04,Correspondente,Campinas,SP,Apartamento,1498773.81,968284.71,120.0,694.0,44.0,8042.43,1.0,CONS-018,3.0,Reprovada crédito,15.0,,,0.6460512610638692,False
PR-001145,2024-12-12,Correspondente,Campinas,SP,Imóvel rural,566601.68,368145.01,120.0,737.0,51.0,6398.63,0.0,CONS-022,2.0,Reprovada crédito,31.0,,,0.6497421786677371,False
PR-001146,2025-12-01,Correspondente,Salvador,BA,Casa,1241259.68,555940.2,84.0,629.0,39.0,10449.89,1.0,CONS-003,4.0,Problema garantia,28.0,,,0.4478838787384119,False
PR-001148,2024-02-09,Parceria,São Paulo,SP,Casa,568632.76,338033.86,180.0,733.0,38.0,7677.39,0.0,CONS-018,3.0,Desistiu,23.0,,,0.5944677897207329,False
PR-001149,2025-01-17,Indicação,Rio de Janeiro,RJ,Casa,1254708.69,691519.97,60.0,658.0,38.0,3785.09,0.0,CONS-022,3.0,Reprovada crédito,47.0,,,0.5511398586073394,False
PR-001150,2024-12-30,Parceria,Brasília,DF,Apartamento,424078.15,229438.95,180.0,649.0,60.0,3198.96,0.0,CONS-006,5.0,Desistiu,48.0,,,0.5410298785730885,False
PR-001151,2024-09-12,Correspondente,Brasília,DF,Sala comercial,465884.78,165357.14,120.0,614.0,57.0,5604.72,1.0,CONS-024,6.0,Contratada,44.0,2025-01-22,1.16,0.3549314060012864,True
PR-001152,2025-03-03,Organico,Porto Alegre,RS,Casa,694004.24,312156.81,120.0,631.0,47.0,8237.53,0.0,CONS-019,6.0,Contratada,29.0,2025-01-04,1.22,0.44979092634938367,True
PR-001153,2024-04-28,Organico,Rio de Janeiro,RJ,Sala comercial,1677585.03,755670.85,240.0,713.0,41.0,4145.54,0.0,CONS-028,3.0,Desistiu,40.0,,,0.4504515935028342,False
PR-001154,2024-05-22,Mídia paga,São Paulo,SP,Casa,326034.61,125841.3,120.0,731.0,34.0,5313.98,0.0,CONS-027,6.0,Contratada,43.0,2024-04-07,1.48,0.38597528035443845,True
PR-001155,2025-05-16,Indicação,Rio de Janeiro,RJ,Apartamento,1171022.33,685968.56,240.0,648.0,52.0,5049.78,0.0,CONS-010,5.0,Documentação pendente,40.0,,,0.5857860626790952,False
PR-001156,2025-08-18,Mídia paga,Rio de Janeiro,RJ,Sala comercial,831798.67,367701.02,60.0,639.0,33.0,9096.17,0.0,CONS-009,6.0,Contratada,50.0,2025-07-10,1.21,0.44205531129305603,True
PR-001157,2024-07-17,Correspondente,Goiânia,GO,Apartamento,1055905.83,497146.9,120.0,546.0,57.0,3910.32,0.0,CONS-018,2.0,Reprovada crédito,46.0,,,0.47082503560000233,False
PR-001158,2025-01-07,Organico,Goiânia,GO,Apartamento,647032.17,427305.17,180.0,708.0,57.0,3279.43,0.0,CONS-005,6.0,Contratada,57.0,2025-08-27,1.35,0.6604079206757215,True
PR-001159,2024-10-29,Correspondente,Belo Horizonte,MG,Casa,632124.56,311563.75,84.0,436.0,28.0,13928.15,1.0,CONS-027,3.0,Sem retorno,31.0,,,0.4928834753707402,False
PR-001160,2025-12-04,Mídia paga,Goiânia,GO,Apartamento,1277835.97,570326.29,120.0,685.0,51.0,2663.39,0.0,CONS-023,3.0,Sem retorno,33.0,,,0.44632198763351455,False
PR-001161,2025-06-27,Parceria,Goiânia,GO,Casa,617069.51,277571.07,84.0,603.0,48.0,3525.74,0.0,CONS-027,3.0,Sem retorno,24.0,,,0.4498213985649688,False
PR-001162,2024-09-14,Indicação,Campinas,SP,Sala comercial,580883.57,223124.82,120.0,574.0,48.0,3937.27,1.0,CONS-014,4.0,Problema garantia,40.0,,,0.38411280938794673,False
PR-001163,2024-11-10,Mídia paga,Salvador,BA,Casa,1673224.28,864744.03,60.0,605.0,31.0,3015.56,0.0,CONS-021,1.0,Sem retorno,9.0,,,0.5168129821783366,False
PR-001164,2024-10-11,Organico,Salvador,BA,Apartamento,1182253.77,698546.9,84.0,460.0,43.0,26403.77,1.0,CONS-012,3.0,Desistiu,39.0,,,0.59086037002022,False
PR-001165,2025-02-11,Correspondente,Brasília,DF,Apartamento,577447.93,161321.13,60.0,657.0,45.0,9418.41,0.0,CONS-001,3.0,Desistiu,22.0,,,0.2793691372311266,False
PR-001166,2024-09-02,Correspondente,Goiânia,GO,Casa,535811.48,335931.77,240.0,718.0,31.0,4717.86,0.0,CONS-030,3.0,Reprovada crédito,45.0,,,0.6269588886001473,False
PR-001167,2025-04-21,Mídia paga,Curitiba,PR,Casa,1013552.28,453168.55,180.0,684.0,32.0,8210.63,0.0,CONS-015,4.0,Sem retorno,29.0,,,0.4471092009185752,False
PR-001168,2024-06-05,Indicação,Goiânia,GO,Apartamento,473958.06,260604.94,240.0,598.0,49.0,8881.31,0.0,CONS-026,6.0,Contratada,25.0,2024-05-31,1.48,0.549848102593719,True
PR-001170,2024-04-12,Indicação,Curitiba,PR,Sala comercial,612344.03,251962.53,180.0,602.0,21.0,6975.13,1.0,CONS-024,6.0,Contratada,15.0,2024-12-19,1.33,0.4114721752084363,True
PR-001171,2024-10-20,Organico,Recife,PE,Apartamento,522707.49,304967.6,180.0,712.0,21.0,3325.8,0.0,CONS-017,6.0,Contratada,31.0,2024-11-20,1.01,0.5834383586123857,True
PR-001172,2024-04-08,Organico,Curitiba,PR,Imóvel rural,456643.49,181913.55,84.0,679.0,48.0,3171.08,1.0,CONS-026,3.0,Reprovada crédito,44.0,,,0.39837105747417967,False
PR-001173,2024-06-09,Indicação,São Paulo,SP,Apartamento,442570.56,264742.32,84.0,649.0,31.0,5386.37,0.0,CONS-030,1.0,Sem retorno,6.0,,,0.5981923424820667,False
PR-001174,2025-01-31,Mídia paga,Belo Horizonte,MG,Sala comercial,971479.44,357307.44,60.0,665.0,32.0,9012.78,0.0,CONS-026,4.0,Sem retorno,24.0,,,0.36779722275954707,False
PR-001175,2025-08-17,Parceria,Curitiba,PR,Apartamento,502630.1,259384.76,60.0,608.0,38.0,2024.41,0.0,CONS-030,3.0,Reprovada crédito,26.0,,,0.5160549676591195,False
PR-001176,2024-04-28,Indicação,Brasília,DF,Casa,1257512.63,746188.37,180.0,736.0,31.0,7215.79,0.0,CONS-014,2.0,Reprovada crédito,35.0,,,0.5933843940796046,False
PR-001177,2025-04-26,Parceria,Recife,PE,Apartamento,291935.2,173650.63,240.0,803.0,39.0,3615.34,0.0,CONS-004,3.0,Desistiu,31.0,,,0.5948259408252242,False
PR-001178,2025-08-31,Organico,Goiânia,GO,Apartamento,525145.2,165621.09,60.0,643.0,59.0,11164.33,0.0,CONS-024,3.0,Reprovada crédito,30.0,,,0.31538151734034703,False
PR-001179,2024-10-30,Parceria,Rio de Janeiro,RJ,Apartamento,119954.21,69276.81,60.0,576.0,32.0,7571.07,0.0,CONS-029,3.0,Reprovada crédito,26.0,,,0.5775271247253431,False
PR-001180,2024-03-11,Correspondente,São Paulo,SP,Casa,368856.95,155042.16,180.0,750.0,56.0,3875.55,0.0,CONS-013,3.0,Reprovada crédito,21.0,,,0.42033140489829457,False
PR-001181,2024-01-06,Organico,Santos,SP,Apartamento,673701.35,361571.48,84.0,699.0,36.0,4550.61,1.0,CONS-001,6.0,Contratada,21.0,2024-06-22,1.25,0.5366940113746247,True
PR-001182,2025-06-15,Indicação,Florianópolis,SC,Casa,684251.68,423398.25,84.0,672.0,28.0,10998.01,1.0,CONS-017,4.0,Problema garantia,33.0,,,0.6187756089981393,False
PR-001183,2024-12-30,Mídia paga,Curitiba,PR,Apartamento,788357.64,353899.7,180.0,562.0,65.0,9656.19,0.0,CONS-011,4.0,Problema garantia,39.0,,,0.44890755419076045,False
PR-001185,2025-05-05,Correspondente,Brasília,DF,Casa,403554.68,181791.59,84.0,757.0,33.0,3890.61,0.0,CONS-028,3.0,Reprovada crédito,9.0,,,0.4504757323096835,False
PR-001186,2025-03-31,Indicação,Curitiba,PR,Casa,537840.0,203645.61,84.0,668.0,43.0,4214.93,1.0,CONS-023,3.0,Sem retorno,35.0,,,0.3786360441767068,False
PR-001187,2025-03-23,Correspondente,Santos,SP,Apartamento,638598.63,363167.16,240.0,606.0,49.0,3489.12,0.0,CONS-029,2.0,Reprovada crédito,18.0,,,0.5686939228165898,False
PR-001189,2024-10-19,Mídia paga,Salvador,BA,Sala comercial,552128.28,284821.62,84.0,767.0,49.0,14755.87,0.0,CONS-015,6.0,Contratada,43.0,2024-01-12,1.44,0.5158613139685582,True
PR-001190,2024-09-25,Mídia paga,Goiânia,GO,Apartamento,262855.53,136378.07,84.0,576.0,49.0,7982.8,0.0,CONS-006,5.0,Desistiu,21.0,,,0.5188327976208071,False
PR-001191,2025-11-06,Mídia paga,Rio de Janeiro,RJ,Apartamento,1278743.72,854534.18,240.0,740.0,49.0,4221.57,0.0,CONS-028,3.0,Sem retorno,36.0,,,0.6682607051239322,False
PR-001192,2025-05-07,Mídia paga,Florianópolis,SC,Sala comercial,853431.8,382037.66,120.0,709.0,48.0,7103.92,0.0,CONS-015,3.0,Sem retorno,29.0,,,0.44764872834595565,False
PR-001193,2025-07-15,Indicação,Salvador,BA,Apartamento,754764.7,387965.5,180.0,560.0,34.0,7660.0,0.0,CONS-016,1.0,Sem retorno,13.0,,,0.5140217871874506,False
PR-001195,2025-02-01,Correspondente,Curitiba,PR,Sala comercial,1112983.2,372895.84,84.0,721.0,33.0,4130.66,0.0,CONS-019,4.0,Sem retorno,25.0,,,0.33504175085481974,False
PR-001196,2024-07-18,Parceria,Salvador,BA,Casa,641109.12,180256.39,120.0,756.0,39.0,14474.46,0.0,CONS-014,3.0,Reprovada crédito,35.0,,,0.28116335328375924,False
PR-001197,2025-09-11,Correspondente,Porto Alegre,RS,Apartamento,995999.99,309457.59,240.0,567.0,51.0,7734.76,0.0,CONS-003,3.0,Desistiu,27.0,,,0.31070039468574695,False
PR-001198,2024-11-11,Correspondente,Curitiba,PR,Casa,599899.43,343288.93,60.0,604.0,43.0,7336.68,0.0,CONS-027,3.0,Desistiu,20.0,,,0.5722441343209811,False
PR-001199,2025-03-07,Correspondente,Campinas,SP,Casa,748758.56,235765.69,120.0,712.0,35.0,6375.59,0.0,CONS-021,5.0,Desistiu,33.0,,,0.31487545197479944,False
PR-001200,2024-07-22,Parceria,Goiânia,GO,Apartamento,896522.04,550293.86,120.0,649.0,37.0,3260.84,0.0,CONS-024,2.0,Desistiu,16.0,,,0.6138096281492421,False
PR-001201,2025-01-30,Mídia paga,Campinas,SP,Apartamento,651026.51,266033.04,84.0,780.0,50.0,6407.02,0.0,CONS-016,2.0,Sem retorno,37.0,,,0.40863626275372406,False
PR-001202,2025-06-01,Organico,Goiânia,GO,Casa,464288.09,289391.81,180.0,700.0,43.0,2784.85,1.0,CONS-025,4.0,Sem retorno,24.0,,,0.6233022475334226,False
PR-001203,2025-09-08,Correspondente,Brasília,DF,Apartamento,797558.38,258475.67,60.0,619.0,42.0,2472.6,0.0,CONS-024,4.0,Problema garantia,45.0,,,0.32408369905159795,False
PR-001204,2024-01-11,Correspondente,Santos,SP,Apartamento,1017651.7,297956.54,180.0,651.0,48.0,13128.52,0.0,CONS-002,2.0,Sem retorno,37.0,,,0.292788328265948,False
PR-001205,2024-08-10,Organico,Santos,SP,Apartamento,448162.62,168768.35,60.0,707.0,34.0,4947.15,0.0,CONS-021,5.0,Desistiu,30.0,,,0.37657837237741965,False
PR-001206,2025-03-05,Organico,Belo Horizonte,MG,Sala comercial,864345.58,414899.74,180.0,600.0,40.0,3403.04,0.0,CONS-022,3.0,Desistiu,25.0,,,0.48001603710404817,False
PR-001207,2025-01-25,Organico,Belo Horizonte,MG,Sala comercial,568703.22,376839.85,240.0,607.0,53.0,3268.22,0.0,CONS-003,4.0,Sem retorno,24.0,,,0.6626300621262528,False
PR-001208,2025-05-09,Parceria,Campinas,SP,Apartamento,818684.37,474151.81,60.0,695.0,43.0,7742.17,0.0,CONS-004,2.0,Reprovada crédito,2.0,,,0.5791631395137053,False
PR-001209,2024-07-12,Correspondente,Brasília,DF,Sala comercial,431901.24,242210.61,120.0,673.0,39.0,5519.2,0.0,CONS-019,3.0,Reprovada crédito,26.0,,,0.5608009136533157,False
PR-001210,2025-03-04,Indicação,Belo Horizonte,MG,Apartamento,1717072.77,759375.06,60.0,666.0,46.0,5605.87,0.0,CONS-026,5.0,Desistiu,47.0,,,0.4422497830421014,False
PR-001211,2024-08-06,Organico,Florianópolis,SC,Casa,785575.4,411294.72,180.0,711.0,36.0,3103.09,0.0,CONS-007,6.0,Contratada,38.0,2024-07-16,1.46,0.5235585533864731,True
PR-001212,2024-07-30,Indicação,Florianópolis,SC,Casa,400440.08,160978.15,120.0,704.0,21.0,2866.02,0.0,CONS-015,3.0,Reprovada crédito,37.0,,,0.40200309119906275,False
PR-001213,2025-07-17,Parceria,Recife,PE,Sala comercial,875990.15,494545.63,60.0,697.0,66.0,8307.88,0.0,CONS-023,6.0,Contratada,34.0,2025-08-20,1.66,0.5645561539704528,True
PR-001214,2024-03-14,Correspondente,Recife,PE,Apartamento,415215.94,262705.56,84.0,736.0,42.0,8413.75,0.0,CONS-024,6.0,Contratada,33.0,2024-04-16,1.72,0.6326962303036825,True
PR-001215,2025-04-17,Indicação,Campinas,SP,Apartamento,338999.78,183016.6,60.0,644.0,36.0,1800.0,0.0,CONS-019,5.0,Documentação pendente,29.0,,,0.539872326760802,False
PR-001216,2025-06-15,Correspondente,Curitiba,PR,Apartamento,689289.85,393880.43,120.0,610.0,36.0,6932.99,0.0,CONS-022,3.0,Sem retorno,39.0,,,0.5714293196106108,False
PR-001217,2024-03-11,Correspondente,Santos,SP,Apartamento,972549.19,319835.53,180.0,696.0,33.0,2765.82,0.0,CONS-011,5.0,Desistiu,23.0,,,0.3288630881487856,False
PR-001218,2025-09-04,Organico,Curitiba,PR,Apartamento,782951.49,326592.43,84.0,675.0,53.0,11310.59,0.0,CONS-030,6.0,Contratada,34.0,2025-05-13,1.3,0.4171298403174378,True
PR-001219,2025-02-02,Indicação,Brasília,DF,Casa,754979.62,479781.81,120.0,659.0,39.0,4055.56,0.0,CONS-007,3.0,Sem retorno,41.0,,,0.6354897500411998,False
PR-001220,2025-07-27,Correspondente,Santos,SP,Apartamento,961538.61,349588.82,84.0,693.0,46.0,2137.82,0.0,CONS-019,4.0,Problema garantia,40.0,,,0.3635723166644343,False
PR-001221,2024-12-16,Organico,Recife,PE,Casa,1372618.43,580943.99,240.0,698.0,48.0,6952.01,0.0,CONS-024,3.0,Reprovada crédito,37.0,,,0.42323778939788825,False
PR-001222,2024-04-20,Mídia paga,Florianópolis,SC,Sala comercial,391130.08,196437.84,84.0,739.0,39.0,2424.48,0.0,CONS-016,4.0,Sem retorno,26.0,,,0.5022314826821808,False
PR-001225,2025-06-28,Correspondente,São Paulo,SP,Casa,1083409.31,521070.12,84.0,615.0,25.0,2577.75,0.0,CONS-007,5.0,Desistiu,36.0,,,0.4809540726579135,False
PR-001227,2024-12-25,Organico,São Paulo,SP,Apartamento,762101.31,377827.78,120.0,673.0,38.0,9992.16,0.0,CONS-014,2.0,Sem retorno,25.0,,,0.49577106749757455,False
PR-001228,2025-06-01,Correspondente,São Paulo,SP,Casa,530967.15,399509.4,84.0,667.0,32.0,3863.51,0.0,CONS-014,5.0,Desistiu,39.0,,,0.7524182993241673,False
PR-001229,2025-10-08,Mídia paga,São Paulo,SP,Casa,2266167.03,790742.38,60.0,603.0,30.0,2650.79,0.0,CONS-028,5.0,Desistiu,38.0,,,0.3489338471224692,False
PR-001231,2024-07-10,Mídia paga,Florianópolis,SC,Apartamento,1059539.13,482297.38,240.0,670.0,34.0,7289.86,0.0,CONS-023,3.0,Desistiu,28.0,,,0.455195439549269,False
PR-001232,2024-02-28,Indicação,Campinas,SP,Apartamento,844762.5,499569.88,120.0,649.0,29.0,9359.43,1.0,CONS-017,4.0,Sem retorno,21.0,,,0.5913731729332209,False
PR-001233,2024-12-22,Indicação,Florianópolis,SC,Apartamento,381305.31,235231.02,240.0,574.0,29.0,10040.69,0.0,CONS-007,3.0,Sem retorno,17.0,,,0.6169098982649888,False
PR-001234,2024-12-05,Indicação,São Paulo,SP,Sala comercial,407475.39,158070.11,60.0,699.0,45.0,6103.95,0.0,CONS-023,4.0,Sem retorno,33.0,,,0.38792553827606613,False
PR-001235,2025-12-01,Correspondente,Salvador,BA,Apartamento,373987.99,223851.87,60.0,654.0,33.0,3187.64,0.0,CONS-016,6.0,Contratada,53.0,2025-06-03,1.38,0.598553632698205,True
PR-001236,2024-10-11,Organico,Belo Horizonte,MG,Casa,2032069.54,819934.44,240.0,711.0,31.0,2669.08,0.0,CONS-003,6.0,Contratada,22.0,2024-02-12,1.48,0.4034972346468025,True
PR-001237,2024-10-07,Organico,Florianópolis,SC,Apartamento,628796.92,386292.54,84.0,799.0,25.0,6101.38,1.0,CONS-018,3.0,Desistiu,19.0,,,0.6143359289991432,False
PR-001238,2024-07-12,Parceria,Rio de Janeiro,RJ,Apartamento,635122.17,337873.43,60.0,515.0,26.0,4774.28,0.0,CONS-014,4.0,Problema garantia,33.0,,,0.5319817917866101,False
PR-001239,2024-11-17,Mídia paga,Porto Alegre,RS,Casa,543458.07,307699.63,120.0,714.0,37.0,5448.13,0.0,CONS-002,4.0,Problema garantia,54.0,,,0.5661883537767689,False
PR-001240,2024-08-31,Organico,São Paulo,SP,Sala comercial,428283.53,257297.04,120.0,621.0,46.0,1800.0,0.0,CONS-016,3.0,Desistiu,39.0,,,0.6007633307776276,False
PR-001241,2025-03-15,Organico,Brasília,DF,Casa,349721.17,183987.87,84.0,669.0,45.0,5107.47,1.0,CONS-028,3.0,Reprovada crédito,25.0,,,0.526098748897586,False
PR-001243,2025-05-15,Correspondente,Rio de Janeiro,RJ,Casa,538425.82,251876.45,60.0,744.0,44.0,4666.88,0.0,CONS-020,5.0,Documentação pendente,24.0,,,0.46780158128375054,False
PR-001244,2025-06-03,Parceria,Florianópolis,SC,Casa,625659.79,290636.91,240.0,681.0,34.0,8396.09,0.0,CONS-019,2.0,Desistiu,26.0,,,0.4645286698063175,False
PR-001245,2025-01-21,Correspondente,Curitiba,PR,Apartamento,434051.85,182897.08,180.0,597.0,32.0,2665.48,0.0,CONS-006,4.0,Sem retorno,28.0,,,0.42137150204520496,False
PR-001246,2025-03-29,Organico,Belo Horizonte,MG,Casa,461970.73,215340.19,60.0,625.0,35.0,4168.21,0.0,CONS-012,2.0,Sem retorno,30.0,,,0.46613383925860413,False
PR-001247,2025-04-13,Organico,Belo Horizonte,MG,Casa,1168275.85,582565.19,120.0,636.0,38.0,5013.79,0.0,CONS-022,3.0,Sem retorno,23.0,,,0.4986537982446525,False
PR-001248,2024-11-23,Mídia paga,Belo Horizonte,MG,Apartamento,510306.01,148426.8,120.0,644.0,27.0,11106.85,0.0,CONS-030,5.0,Documentação pendente,47.0,,,0.2908584204211116,False
PR-001249,2025-07-25,Correspondente,Campinas,SP,Sala comercial,1032602.36,607261.75,84.0,698.0,49.0,4904.97,0.0,CONS-026,4.0,Sem retorno,45.0,,,0.5880886714223663,False
PR-001250,2024-12-31,Correspondente,Recife,PE,Casa,492349.53,180220.3,84.0,657.0,43.0,15430.31,0.0,CONS-001,4.0,Problema garantia,46.0,,,0.3660413771492784,False
PR-001251,2025-01-22,Correspondente,Goiânia,GO,Casa,945365.8,403235.68,84.0,710.0,45.0,5296.35,1.0,CONS-003,4.0,Sem retorno,35.0,,,0.42653931419985786,False
PR-001252,2024-06-29,Parceria,Brasília,DF,Apartamento,937994.21,598478.36,84.0,765.0,46.0,8338.09,0.0,CONS-002,2.0,Reprovada crédito,37.0,,,0.6380405695681214,False
PR-001253,2024-12-20,Correspondente,Campinas,SP,Apartamento,955391.16,417106.79,240.0,546.0,43.0,3529.8,0.0,CONS-006,5.0,Desistiu,26.0,,,0.4365822162306798,False
PR-001254,2024-07-24,Correspondente,São Paulo,SP,Casa,517079.24,278858.39,120.0,748.0,47.0,3823.19,0.0,CONS-016,3.0,Reprovada crédito,43.0,,,0.5392952731964255,False
PR-001256,2024-07-13,Parceria,Brasília,DF,Sala comercial,491400.97,251687.94,240.0,765.0,31.0,6385.86,0.0,CONS-011,6.0,Contratada,24.0,2024-06-08,1.33,0.5121844590579462,True
PR-001257,2025-04-11,Mídia paga,Florianópolis,SC,Apartamento,386757.89,165855.73,180.0,878.0,37.0,8600.05,1.0,CONS-008,5.0,Documentação pendente,39.0,,,0.4288360607200541,False
PR-001258,2024-07-09,Mídia paga,Recife,PE,Apartamento,382747.77,221901.59,240.0,596.0,43.0,1800.0,0.0,CONS-014,4.0,Sem retorno,48.0,,,0.5797593281862883,False
PR-001259,2024-12-22,Indicação,Recife,PE,Apartamento,446685.04,189629.98,120.0,500.0,46.0,19549.91,0.0,CONS-019,1.0,Sem retorno,24.0,,,0.4245272686992159,False
PR-001260,2025-11-03,Organico,Campinas,SP,Apartamento,503945.01,234688.98,240.0,771.0,37.0,3201.34,0.0,CONS-002,4.0,Problema garantia,52.0,,,0.465703549678962,False
PR-001261,2024-11-30,Organico,Brasília,DF,Apartamento,656388.92,299433.51,84.0,689.0,30.0,4996.01,0.0,CONS-011,5.0,Documentação pendente,51.0,,,0.4561830659786274,False
PR-001262,2025-03-16,Correspondente,Goiânia,GO,Sala comercial,558807.65,237774.21,60.0,692.0,40.0,10425.84,0.0,CONS-011,4.0,Sem retorno,52.0,,,0.4255027825764375,False
PR-001264,2025-05-08,Mídia paga,Curitiba,PR,Apartamento,555836.64,212987.35,180.0,618.0,62.0,2220.27,0.0,CONS-025,5.0,Documentação pendente,43.0,,,0.3831833576138486,False
PR-001267,2024-06-21,Correspondente,Goiânia,GO,Apartamento,1165159.17,654380.68,84.0,644.0,40.0,13372.35,0.0,CONS-007,4.0,Problema garantia,61.0,,,0.5616234218025338,False
PR-001268,2025-05-18,Mídia paga,Rio de Janeiro,RJ,Apartamento,956977.11,641009.86,120.0,826.0,50.0,4694.95,0.0,CONS-008,2.0,Desistiu,12.0,,,0.6698277872079929,False
PR-001269,2025-01-16,Organico,Porto Alegre,RS,Apartamento,918952.62,456097.36,60.0,649.0,21.0,4228.09,0.0,CONS-025,5.0,Desistiu,43.0,,,0.49632304220428686,False
PR-001270,2025-01-26,Mídia paga,Santos,SP,Casa,848095.92,337666.6,120.0,740.0,36.0,5294.25,1.0,CONS-020,6.0,Contratada,34.0,2025-01-03,1.26,0.398146709631618,True
PR-001271,2025-05-26,Parceria,Campinas,SP,Casa,1447457.64,627186.61,240.0,553.0,55.0,9408.38,1.0,CONS-013,2.0,Sem retorno,25.0,,,0.43330222085117465,False
PR-001272,2025-07-10,Mídia paga,Rio de Janeiro,RJ,Casa,1829513.57,1174720.16,240.0,632.0,38.0,3498.91,0.0,CONS-022,5.0,Desistiu,42.0,,,0.6420942589674259,False
PR-001273,2025-02-27,Organico,Rio de Janeiro,RJ,Sala comercial,676293.52,358915.96,84.0,759.0,55.0,9136.47,0.0,CONS-020,3.0,Reprovada crédito,19.0,,,0.5307103341756106,False
PR-001274,2025-06-20,Parceria,Goiânia,GO,Casa,613668.36,288501.39,240.0,602.0,39.0,5786.21,0.0,CONS-003,6.0,Contratada,57.0,2025-08-16,1.4,0.4701258999241871,True
PR-001275,2024-02-12,Organico,São Paulo,SP,Casa,513896.03,226499.73,60.0,693.0,33.0,3727.31,0.0,CONS-003,5.0,Desistiu,29.0,,,0.4407501065925728,False
PR-001276,2025-08-29,Correspondente,Brasília,DF,Casa,306150.96,100397.69,60.0,723.0,40.0,1800.0,0.0,CONS-009,3.0,Sem retorno,35.0,,,0.3279352447563777,False
PR-001277,2024-10-20,Correspondente,Florianópolis,SC,Apartamento,826982.82,428261.33,120.0,724.0,44.0,2443.85,0.0,CONS-023,2.0,Sem retorno,20.0,,,0.5178600082647424,False
PR-001278,2025-01-17,Mídia paga,Brasília,DF,Imóvel rural,873291.78,328463.39,240.0,720.0,39.0,3925.42,1.0,CONS-018,3.0,Desistiu,40.0,,,0.3761210142158901,False
PR-001279,2024-08-28,Mídia paga,Porto Alegre,RS,Imóvel rural,438019.89,216860.15,120.0,608.0,39.0,6394.68,0.0,CONS-020,4.0,Problema garantia,37.0,,,0.49509201511374284,False
PR-001280,2024-09-29,Mídia paga,Salvador,BA,Imóvel rural,1927999.89,834383.4,180.0,650.0,40.0,5162.31,0.0,CONS-015,3.0,Sem retorno,33.0,,,0.43277149772036555,False
PR-001281,2025-05-02,Parceria,Goiânia,GO,Sala comercial,1061814.08,450438.04,240.0,715.0,36.0,6363.29,0.0,CONS-015,6.0,Contratada,18.0,2025-02-23,1.22,0.424215546284713,True
PR-001282,2024-11-03,Mídia paga,Porto Alegre,RS,Sala comercial,1325353.08,734867.2,180.0,671.0,41.0,3290.25,1.0,CONS-002,2.0,Sem retorno,34.0,,,0.5544690023280437,False
PR-001283,2024-11-10,Mídia paga,São Paulo,SP,Sala comercial,453075.88,209042.23,240.0,706.0,45.0,5037.45,0.0,CONS-005,4.0,Sem retorno,17.0,,,0.4613845919142727,False
PR-001284,2024-07-17,Mídia paga,São Paulo,SP,Casa,574324.35,262823.48,60.0,861.0,30.0,12621.64,0.0,CONS-027,6.0,Contratada,38.0,2024-08-24,1.22,0.4576220388357206,True
PR-001285,2025-09-05,Correspondente,Goiânia,GO,Apartamento,1225018.09,681008.89,84.0,735.0,31.0,3510.67,0.0,CONS-019,4.0,Sem retorno,24.0,,,0.5559174150644584,False
PR-001286,2025-07-04,Organico,Campinas,SP,Casa,653866.67,341186.56,180.0,613.0,34.0,4558.15,0.0,CONS-001,2.0,Reprovada crédito,34.0,,,0.5217983660185646,False
PR-001287,2025-05-25,Organico,Recife,PE,Apartamento,862217.56,414779.61,180.0,716.0,41.0,9654.99,0.0,CONS-020,6.0,Contratada,62.0,2025-07-26,1.48,0.48106142723421214,True
PR-001289,2024-03-05,Organico,Florianópolis,SC,Casa,456371.03,235070.08,60.0,744.0,30.0,2236.97,0.0,CONS-002,6.0,Contratada,21.0,2024-05-24,1.22,0.5150854557967888,True
PR-001290,2024-10-04,Indicação,Porto Alegre,RS,Casa,819785.29,452517.13,60.0,820.0,56.0,2264.99,0.0,CONS-025,6.0,Contratada,34.0,2024-05-14,0.99,0.5519946936349638,True
PR-001291,2025-02-17,Correspondente,São Paulo,SP,Casa,602434.11,366947.47,120.0,776.0,38.0,8889.49,0.0,CONS-017,2.0,Desistiu,15.0,,,0.609108056647058,False
PR-001292,2025-05-10,Correspondente,Salvador,BA,Apartamento,927130.59,475253.46,180.0,736.0,48.0,9353.98,0.0,CONS-011,4.0,Problema garantia,49.0,,,0.5126068162630683,False
PR-001293,2024-11-14,Correspondente,Goiânia,GO,Apartamento,1089605.39,671604.57,120.0,751.0,59.0,3684.59,0.0,CONS-013,1.0,Desistiu,37.0,,,0.6163741260494315,False
PR-001294,2025-10-05,Indicação,Campinas,SP,Sala comercial,535667.36,263687.78,60.0,592.0,40.0,4624.42,1.0,CONS-027,2.0,Sem retorno,45.0,,,0.4922603087109882,False
PR-001295,2025-12-02,Mídia paga,Porto Alegre,RS,Casa,906602.02,259779.8,84.0,684.0,41.0,8306.16,0.0,CONS-024,6.0,Contratada,28.0,2025-12-03,1.22,0.2865422691204681,True
PR-001296,2024-11-26,Mídia paga,Brasília,DF,Casa,982897.91,634502.75,120.0,552.0,28.0,2515.59,1.0,CONS-001,6.0,Contratada,23.0,2024-12-19,1.38,0.645542882474946,True
PR-001297,2025-02-20,Mídia paga,Florianópolis,SC,Apartamento,790797.05,523926.7,84.0,712.0,35.0,5528.95,0.0,CONS-020,5.0,Desistiu,28.0,,,0.6625299120678307,False
PR-001298,2025-05-23,Mídia paga,Recife,PE,Casa,283357.8,96356.31,240.0,726.0,26.0,7874.47,0.0,CONS-029,3.0,Reprovada crédito,25.0,,,0.34005172965063957,False
PR-001299,2024-02-28,Parceria,Belo Horizonte,MG,Apartamento,433899.97,165421.35,180.0,618.0,21.0,2672.41,0.0,CONS-003,4.0,Sem retorno,34.0,,,0.3812430547068257,False
PR-001300,2025-02-27,Correspondente,Porto Alegre,RS,Casa,600647.36,417907.7,240.0,733.0,41.0,10753.64,0.0,CONS-018,3.0,Desistiu,46.0,,,0.6957621523550858,False
PR-001301,2024-09-13,Mídia paga,Porto Alegre,RS,Apartamento,982846.97,447923.96,120.0,676.0,21.0,5671.04,0.0,CONS-009,6.0,Contratada,46.0,2024-10-29,1.52,0.45574130426428444,True
PR-001302,2025-11-18,Correspondente,Salvador,BA,Apartamento,480496.48,227362.35,120.0,698.0,35.0,7363.66,0.0,CONS-019,2.0,Sem retorno,22.0,,,0.47318213444560514,False
PR-001303,2024-08-14,Indicação,Curitiba,PR,Casa,322225.88,174001.21,60.0,769.0,46.0,14631.06,1.0,CONS-028,3.0,Sem retorno,36.0,,,0.5399976252683366,False
PR-001304,2024-08-29,Indicação,Rio de Janeiro,RJ,Apartamento,521997.68,291978.57,180.0,743.0,31.0,3497.87,0.0,CONS-024,6.0,Contratada,27.0,2024-09-25,1.44,0.5593484055331434,True
PR-001305,2024-06-20,Organico,Recife,PE,Casa,656614.72,287496.81,84.0,670.0,49.0,3861.26,0.0,CONS-001,4.0,Sem retorno,27.0,,,0.43784703760524896,False
PR-001306,2024-03-12,Indicação,Santos,SP,Apartamento,944249.65,284098.91,240.0,673.0,39.0,4355.39,0.0,CONS-009,4.0,Problema garantia,43.0,,,0.3008726664606124,False
PR-001307,2025-07-22,Mídia paga,São Paulo,SP,Apartamento,1119427.95,708628.49,180.0,719.0,41.0,5246.67,0.0,CONS-011,6.0,Contratada,22.0,2025-08-13,1.58,0.6330273332910796,True
PR-001308,2025-11-06,Indicação,Salvador,BA,Sala comercial,260703.87,137959.6,180.0,772.0,38.0,5980.75,0.0,CONS-023,6.0,Contratada,29.0,2025-10-07,1.36,0.5291812507424613,True
PR-001309,2025-10-25,Correspondente,Recife,PE,Sala comercial,641416.94,309615.43,60.0,738.0,28.0,2312.39,0.0,CONS-025,5.0,Documentação pendente,41.0,,,0.4827054146714616,False
PR-001310,2025-08-21,Correspondente,Campinas,SP,Sala comercial,446440.22,133081.74,180.0,660.0,43.0,6609.06,0.0,CONS-028,5.0,Documentação pendente,32.0,,,0.2980953194584484,False
PR-001311,2025-06-26,Indicação,Curitiba,PR,Casa,286640.99,160460.29,84.0,682.0,49.0,6135.22,0.0,CONS-026,1.0,Sem retorno,28.0,,,0.5597953384126954,False
PR-001312,2024-07-09,Mídia paga,Campinas,SP,Sala comercial,670801.46,285186.63,120.0,719.0,39.0,1800.0,0.0,CONS-028,4.0,Problema garantia,38.0,,,0.4251431265519309,False
PR-001313,2024-03-09,Parceria,Campinas,SP,Apartamento,552547.35,257460.38,84.0,638.0,50.0,12197.83,0.0,CONS-021,5.0,Documentação pendente,44.0,,,0.46595170531539065,False
PR-001314,2025-01-19,Organico,Curitiba,PR,Casa,256732.87,104364.18,120.0,752.0,61.0,10241.19,0.0,CONS-027,6.0,Contratada,40.0,2025-02-28,1.19,0.40650883542882527,True
PR-001315,2025-04-02,Parceria,Rio de Janeiro,RJ,Casa,1043439.84,415174.09,240.0,676.0,33.0,2796.93,0.0,CONS-011,5.0,Desistiu,35.0,,,0.3978898198865016,False
PR-001316,2025-06-29,Organico,Recife,PE,Apartamento,471349.8,268510.37,60.0,727.0,53.0,12776.44,0.0,CONS-028,4.0,Sem retorno,22.0,,,0.5696626369630368,False
PR-001317,2024-02-19,Organico,Campinas,SP,Apartamento,791591.2,350971.63,180.0,679.0,44.0,8137.58,1.0,CONS-010,3.0,Sem retorno,12.0,,,0.44337485055417497,False
PR-001318,2024-05-24,Organico,Campinas,SP,Casa,656536.35,367407.47,84.0,696.0,30.0,5083.97,0.0,CONS-002,3.0,Sem retorno,16.0,,,0.5596148179761866,False
PR-001319,2024-11-05,Correspondente,Brasília,DF,Sala comercial,513492.91,309125.7,120.0,565.0,34.0,2705.92,0.0,CONS-018,3.0,Reprovada crédito,22.0,,,0.6020057803719238,False
PR-001320,2025-02-06,Organico,Florianópolis,SC,Apartamento,568987.78,240833.88,120.0,611.0,29.0,5673.8,0.0,CONS-004,3.0,Desistiu,24.0,,,0.4232672272856194,False
PR-001321,2025-03-22,Parceria,Santos,SP,Apartamento,394506.67,191631.4,240.0,636.0,34.0,6791.26,0.0,CONS-002,3.0,Sem retorno,25.0,,,0.485749455135955,False
PR-001322,2025-04-30,Organico,Recife,PE,Apartamento,1276021.4,703232.46,120.0,673.0,36.0,1800.0,0.0,CONS-028,2.0,Sem retorno,17.0,,,0.5511133747443421,False
PR-001323,2025-06-16,Parceria,Brasília,DF,Sala comercial,830792.57,389131.28,60.0,701.0,22.0,6826.36,1.0,CONS-003,6.0,Contratada,41.0,2025-07-27,1.18,0.46838560436331306,True
PR-001324,2024-11-12,Organico,Curitiba,PR,Casa,917081.73,294002.06,240.0,662.0,50.0,5033.26,0.0,CONS-025,2.0,Sem retorno,27.0,,,0.32058436056729644,False
PR-001325,2024-05-22,Correspondente,Belo Horizonte,MG,Casa,638552.53,223066.05,240.0,564.0,51.0,3499.55,0.0,CONS-019,6.0,Contratada,44.0,2024-05-07,1.19,0.34933077471324087,True
PR-001326,2024-03-12,Mídia paga,Rio de Janeiro,RJ,Apartamento,696573.94,345838.14,84.0,696.0,57.0,8885.01,0.0,CONS-018,6.0,Contratada,30.0,2025-02-01,1.21,0.4964844650949762,True
PR-001327,2025-03-27,Mídia paga,Curitiba,PR,Apartamento,545944.63,290543.92,240.0,596.0,52.0,2132.59,0.0,CONS-020,6.0,Contratada,52.0,2025-05-18,1.27,0.5321856906990733,True
PR-001328,2024-02-07,Mídia paga,Recife,PE,Casa,737491.29,413030.14,60.0,555.0,30.0,4260.71,0.0,CONS-010,4.0,Sem retorno,34.0,,,0.5600474820522965,False
PR-001329,2024-10-12,Correspondente,Rio de Janeiro,RJ,Casa,363388.57,171507.5,84.0,608.0,33.0,5202.07,0.0,CONS-001,4.0,Problema garantia,43.0,,,0.4719672388154641,False
PR-001331,2025-07-23,Parceria,Campinas,SP,Casa,270376.22,114722.78,120.0,778.0,40.0,4295.19,0.0,CONS-007,3.0,Reprovada crédito,35.0,,,0.42430795134276234,False
PR-001332,2024-05-28,Parceria,Belo Horizonte,MG,Casa,524094.22,293265.02,180.0,496.0,44.0,4175.37,0.0,CONS-020,5.0,Documentação pendente,34.0,,,0.559565453707923,False
PR-001333,2025-02-20,Correspondente,Santos,SP,Apartamento,1131589.68,621992.67,240.0,585.0,51.0,6208.42,0.0,CONS-026,5.0,Documentação pendente,50.0,,,0.5496627275710044,False
PR-001334,2025-06-16,Correspondente,Recife,PE,Apartamento,381114.53,169221.78,180.0,660.0,49.0,10813.9,0.0,CONS-012,4.0,Sem retorno,38.0,,,0.4440181800468221,False
PR-001336,2024-05-05,Organico,Salvador,BA,Apartamento,731271.28,422223.96,60.0,661.0,36.0,7700.01,0.0,CONS-007,6.0,Contratada,25.0,2024-05-30,1.38,0.5773834848265885,True
PR-001337,2024-12-14,Indicação,Campinas,SP,Apartamento,666570.53,184591.51,180.0,654.0,43.0,2828.15,0.0,CONS-007,6.0,Contratada,26.0,2025-09-01,1.4,0.2769271992867732,True
PR-001338,2024-02-12,Parceria,Rio de Janeiro,RJ,Casa,633439.74,292309.3,240.0,764.0,36.0,2559.78,1.0,CONS-002,3.0,Sem retorno,38.0,,,0.4614634692796508,False
PR-001339,2024-12-28,Organico,Belo Horizonte,MG,Casa,843983.38,259371.11,240.0,658.0,38.0,2367.11,0.0,CONS-029,5.0,Documentação pendente,42.0,,,0.3073177933906708,False
PR-001340,2025-03-04,Mídia paga,Porto Alegre,RS,Casa,899589.98,496397.84,84.0,605.0,48.0,4226.51,0.0,CONS-025,2.0,Reprovada crédito,11.0,,,0.5518045454441367,False
PR-001341,2024-08-16,Organico,Rio de Janeiro,RJ,Sala comercial,1259116.27,495366.6,180.0,632.0,38.0,5402.35,0.0,CONS-021,2.0,Desistiu,40.0,,,0.39342403223810296,False
PR-001342,2024-03-20,Organico,Campinas,SP,Casa,564294.13,427578.93,180.0,741.0,32.0,16447.91,0.0,CONS-009,6.0,Contratada,44.0,2024-03-05,1.31,0.757723512027318,True
PR-001343,2025-01-27,Correspondente,Porto Alegre,RS,Sala comercial,538080.93,301133.99,180.0,583.0,38.0,3875.89,0.0,CONS-026,5.0,Desistiu,49.0,,,0.5596444200317598,False
PR-001344,2025-06-09,Organico,Curitiba,PR,Apartamento,765527.1,370544.01,240.0,664.0,34.0,7116.1,0.0,CONS-009,5.0,Documentação pendente,26.0,,,0.48403774340581807,False
PR-001345,2025-04-05,Organico,Florianópolis,SC,Casa,1406351.06,698486.24,84.0,558.0,28.0,6324.93,0.0,CONS-012,6.0,Contratada,38.0,2025-11-06,1.31,0.49666563340166286,True
PR-001346,2024-11-06,Mídia paga,Florianópolis,SC,Apartamento,480158.71,186299.84,180.0,726.0,39.0,3293.63,0.0,CONS-016,6.0,Contratada,54.0,2024-04-08,1.37,0.3879963772811702,True
PR-001347,2024-07-18,Mídia paga,Brasília,DF,Casa,1353271.88,930483.6,180.0,670.0,46.0,8361.78,0.0,CONS-016,1.0,Sem retorno,22.0,,,0.687580680387743,False
PR-001348,2024-11-07,Organico,Campinas,SP,Apartamento,380075.4,143741.26,180.0,739.0,41.0,4260.08,0.0,CONS-025,3.0,Desistiu,22.0,,,0.3781914325420693,False
PR-001349,2025-03-23,Correspondente,Recife,PE,Casa,405517.42,153918.31,120.0,685.0,66.0,2574.14,0.0,CONS-014,5.0,Documentação pendente,14.0,,,0.37956029114606227,False
PR-001350,2025-09-30,Indicação,São Paulo,SP,Imóvel rural,1185259.17,394855.59,84.0,713.0,39.0,8730.92,0.0,CONS-009,4.0,Problema garantia,45.0,,,0.33313860798900213,False
PR-001351,2024-06-30,Mídia paga,São Paulo,SP,Casa,693264.14,350430.39,60.0,617.0,27.0,31322.67,0.0,CONS-009,5.0,Documentação pendente,35.0,,,0.5054788929368249,False
PR-001352,2025-05-30,Parceria,Salvador,BA,Apartamento,1022512.32,573735.41,120.0,633.0,45.0,10571.42,1.0,CONS-029,5.0,Desistiu,32.0,,,0.561103664746064,False
PR-001354,2025-04-19,Mídia paga,São Paulo,SP,Apartamento,696144.26,261327.08,240.0,674.0,21.0,8770.82,0.0,CONS-017,1.0,Sem retorno,32.0,,,0.3753921349577744,False
PR-001355,2024-08-22,Organico,Porto Alegre,RS,Apartamento,1052843.52,687533.17,180.0,693.0,56.0,4698.2,0.0,CONS-020,4.0,Sem retorno,48.0,,,0.6530250288285956,False
PR-001356,2025-08-15,Indicação,Porto Alegre,RS,Sala comercial,301731.82,178032.8,240.0,668.0,38.0,2152.69,0.0,CONS-004,1.0,Sem retorno,14.0,,,0.5900365430467359,False
PR-001357,2025-04-25,Parceria,Brasília,DF,Apartamento,356822.04,159983.98,240.0,678.0,32.0,3742.88,0.0,CONS-002,6.0,Contratada,48.0,2025-12-06,1.27,0.44835789851994573,True
PR-001358,2025-02-22,Indicação,Brasília,DF,Sala comercial,1177219.98,373795.68,240.0,549.0,53.0,6368.01,0.0,CONS-028,6.0,Contratada,26.0,2025-03-20,1.28,0.3175240705649593,True
PR-001359,2025-02-15,Indicação,Salvador,BA,Apartamento,753153.27,355510.06,120.0,736.0,47.0,4630.13,0.0,CONS-026,4.0,Problema garantia,35.0,,,0.4720288341840433,False
PR-001360,2025-05-02,Correspondente,Rio de Janeiro,RJ,Casa,320708.81,210148.96,84.0,620.0,37.0,3909.68,0.0,CONS-020,3.0,Reprovada crédito,31.0,,,0.6552640696088142,False
PR-001361,2025-06-06,Organico,Porto Alegre,RS,Imóvel rural,1585976.54,711201.9,240.0,754.0,27.0,10897.82,0.0,CONS-005,5.0,Documentação pendente,36.0,,,0.44843153859009793,False
PR-001362,2024-02-02,Correspondente,Santos,SP,Casa,408186.19,125264.66,84.0,607.0,54.0,3400.77,0.0,CONS-012,2.0,Reprovada crédito,20.0,,,0.30688118086503613,False
PR-001363,2025-06-25,Mídia paga,Salvador,BA,Casa,627098.6,182156.93,180.0,687.0,37.0,4050.97,1.0,CONS-019,3.0,Sem retorno,30.0,,,0.29047574017865774,False
PR-001364,2025-11-03,Correspondente,Brasília,DF,Casa,1030457.96,463919.81,180.0,702.0,44.0,3763.11,0.0,CONS-017,5.0,Desistiu,17.0,,,0.450207410693397,False
PR-001365,2025-06-29,Correspondente,Salvador,BA,Sala comercial,1616251.15,565628.1,180.0,621.0,39.0,13866.61,1.0,CONS-008,6.0,Contratada,14.0,2025-07-13,1.19,0.34996299925293173,True
PR-001366,2025-07-05,Correspondente,Rio de Janeiro,RJ,Apartamento,788831.92,382906.41,84.0,594.0,35.0,2675.88,0.0,CONS-010,5.0,Desistiu,32.0,,,0.48540937592890504,False
PR-001367,2025-08-02,Correspondente,Goiânia,GO,Apartamento,1083466.99,716653.69,60.0,672.0,33.0,7883.06,1.0,CONS-024,2.0,Sem retorno,22.0,,,0.6614448770608138,False
PR-001368,2025-12-03,Indicação,Salvador,BA,Sala comercial,739145.27,415129.13,60.0,696.0,46.0,5322.97,0.0,CONS-013,5.0,Desistiu,37.0,,,0.5616340208738669,False
PR-001369,2024-03-05,Mídia paga,Salvador,BA,Casa,371058.65,191458.2,180.0,820.0,47.0,4287.3,0.0,CONS-006,4.0,Problema garantia,50.0,,,0.5159782692035343,False
PR-001371,2025-05-28,Parceria,Recife,PE,Apartamento,857784.71,330028.64,84.0,736.0,49.0,3874.13,1.0,CONS-018,2.0,Reprovada crédito,31.0,,,0.38474530514772176,False
PR-001372,2025-05-28,Parceria,Recife,PE,Casa,838457.11,438104.94,84.0,669.0,51.0,13064.09,1.0,CONS-026,6.0,Contratada,35.0,2025-02-07,1.48,0.5225132386318485,True
PR-001373,2025-04-02,Organico,Brasília,DF,Apartamento,558249.52,267694.55,240.0,581.0,48.0,7617.2,0.0,CONS-011,5.0,Documentação pendente,44.0,,,0.47952490850328,False
PR-001375,2025-07-05,Parceria,Belo Horizonte,MG,Sala comercial,781892.64,315532.02,84.0,613.0,50.0,5487.68,0.0,CONS-002,6.0,Contratada,43.0,2025-06-19,1.15,0.4035490345579925,True
PR-001376,2025-03-19,Mídia paga,Santos,SP,Casa,1185256.37,693336.94,84.0,589.0,30.0,8143.45,0.0,CONS-004,5.0,Documentação pendente,34.0,,,0.5849679086727877,False
PR-001377,2024-05-13,Organico,Florianópolis,SC,Imóvel rural,1081328.27,437801.86,60.0,729.0,46.0,5098.15,1.0,CONS-012,2.0,Reprovada crédito,26.0,,,0.4048741461277064,False
PR-001379,2024-06-28,Mídia paga,Salvador,BA,Apartamento,503037.54,288901.88,120.0,641.0,42.0,4530.84,0.0,CONS-014,6.0,Contratada,25.0,2024-07-23,1.2,0.5743147519368038,True
PR-001380,2025-08-03,Mídia paga,São Paulo,SP,Sala comercial,977587.94,629758.38,84.0,551.0,32.0,3800.55,0.0,CONS-023,2.0,Desistiu,39.0,,,0.6441961425997134,False
PR-001381,2024-11-19,Indicação,Florianópolis,SC,Sala comercial,388804.97,162263.84,240.0,753.0,53.0,8365.95,0.0,CONS-017,5.0,Desistiu,51.0,,,0.4173399326659842,False
PR-001383,2024-11-28,Organico,Salvador,BA,Casa,1458879.04,667065.0,180.0,567.0,59.0,6690.36,0.0,CONS-029,6.0,Contratada,48.0,2025-01-15,1.35,0.45724489948117975,True
PR-001384,2024-10-26,Parceria,Rio de Janeiro,RJ,Apartamento,424576.01,148473.34,120.0,693.0,25.0,14044.07,1.0,CONS-002,3.0,Desistiu,27.0,,,0.34969790214948787,False
PR-001385,2024-12-05,Indicação,São Paulo,SP,Sala comercial,664827.94,351015.26,84.0,739.0,41.0,3407.57,1.0,CONS-025,2.0,Sem retorno,36.0,,,0.5279791038866387,False
PR-001386,2024-02-10,Correspondente,Salvador,BA,Apartamento,1051625.18,562970.15,120.0,497.0,41.0,3229.8,0.0,CONS-005,4.0,Sem retorno,31.0,,,0.5353334635825285,False
PR-001387,2024-09-15,Organico,Goiânia,GO,Apartamento,659998.6,387493.65,180.0,621.0,34.0,2360.77,0.0,CONS-004,2.0,Reprovada crédito,27.0,,,0.5871128362999558,False
PR-001388,2024-08-13,Parceria,Florianópolis,SC,Sala comercial,1036520.28,655647.0,180.0,792.0,34.0,6309.79,1.0,CONS-006,6.0,Contratada,25.0,2024-07-09,1.53,0.6325462344065279,True
PR-001389,2024-02-07,Parceria,Curitiba,PR,Casa,618659.23,200330.4,84.0,657.0,34.0,1960.8,0.0,CONS-020,5.0,Desistiu,48.0,,,0.32381380618858624,False
PR-001390,2024-11-29,Correspondente,Curitiba,PR,Casa,865668.55,366019.58,120.0,792.0,29.0,3523.66,0.0,CONS-029,2.0,Reprovada crédito,10.0,,,0.4228172318377513,False
PR-001391,2025-09-02,Parceria,Salvador,BA,Casa,1108886.61,580815.36,180.0,607.0,53.0,17750.26,0.0,CONS-020,4.0,Sem retorno,24.0,,,0.5237824632042405,False
PR-001392,2025-06-26,Organico,Recife,PE,Casa,648210.63,345100.58,120.0,496.0,44.0,5551.82,0.0,CONS-026,6.0,Contratada,47.0,2025-12-08,1.44,0.5323895721981604,True
PR-001393,2024-04-11,Mídia paga,Belo Horizonte,MG,Sala comercial,638774.53,243876.88,120.0,785.0,28.0,5379.91,0.0,CONS-005,2.0,Desistiu,39.0,,,0.38178867275750644,False
PR-001394,2024-10-17,Parceria,Salvador,BA,Apartamento,800441.02,526071.18,120.0,544.0,51.0,6229.44,0.0,CONS-003,3.0,Desistiu,23.0,,,0.6572266623717011,False
PR-001395,2025-07-14,Mídia paga,Santos,SP,Casa,947791.86,526774.57,240.0,687.0,43.0,3223.87,0.0,CONS-017,3.0,Desistiu,32.0,,,0.5557914055096442,False
PR-001396,2024-07-20,Parceria,Belo Horizonte,MG,Casa,512602.6,289867.51,240.0,596.0,42.0,5741.98,0.0,CONS-016,4.0,Problema garantia,44.0,,,0.5654819347385285,False
PR-001397,2025-02-14,Correspondente,Brasília,DF,Apartamento,278698.83,113301.35,60.0,673.0,25.0,9986.23,0.0,CONS-005,3.0,Sem retorno,29.0,,,0.40653686992514465,False
PR-001398,2025-07-16,Indicação,Porto Alegre,RS,Apartamento,743713.33,358246.7,240.0,709.0,50.0,6975.32,0.0,CONS-013,5.0,Documentação pendente,38.0,,,0.481699985127334,False
PR-001399,2025-01-26,Mídia paga,Santos,SP,Sala comercial,642979.91,373410.18,180.0,725.0,22.0,10582.13,0.0,CONS-015,6.0,Contratada,29.0,2025-02-24,1.58,0.5807493736468375,True
PR-001400,2024-03-12,Organico,Recife,PE,Apartamento,481267.84,173219.06,60.0,642.0,21.0,9776.72,1.0,CONS-007,2.0,Desistiu,24.0,,,0.35992236672203154,False
PR-001401,2025-07-23,Mídia paga,Brasília,DF,Apartamento,1320319.97,644739.85,84.0,645.0,35.0,3767.99,0.0,CONS-013,6.0,Contratada,9.0,2025-01-08,1.19,0.4883209105744269,True
PR-001402,2025-05-22,Correspondente,Florianópolis,SC,Casa,658274.4,365404.83,60.0,546.0,39.0,6657.69,0.0,CONS-027,1.0,Desistiu,17.0,,,0.5550950029349463,False
PR-001403,2024-09-30,Correspondente,Belo Horizonte,MG,Casa,1064597.15,326592.01,120.0,745.0,50.0,7322.71,0.0,CONS-009,3.0,Reprovada crédito,10.0,,,0.3067752060016317,False
PR-001404,2025-12-03,Indicação,Florianópolis,SC,Sala comercial,631366.3,316815.12,60.0,806.0,31.0,2693.91,0.0,CONS-010,4.0,Problema garantia,39.0,,,0.5017928894842819,False
PR-001405,2025-08-13,Mídia paga,Porto Alegre,RS,Casa,794754.3,293152.07,180.0,713.0,45.0,5791.64,0.0,CONS-016,6.0,Contratada,41.0,2025-09-23,1.21,0.3688587403679351,True
PR-001406,2024-12-28,Correspondente,Porto Alegre,RS,Casa,283600.1,166518.34,120.0,613.0,33.0,3978.49,0.0,CONS-028,3.0,Reprovada crédito,41.0,,,0.5871589608043157,False
PR-001407,2024-07-24,Organico,Goiânia,GO,Casa,640799.44,310851.26,120.0,734.0,42.0,12107.0,0.0,CONS-027,6.0,Contratada,40.0,2024-02-09,1.3,0.48509914428139955,True
PR-001408,2025-04-29,Mídia paga,Recife,PE,Casa,448318.62,127816.79,120.0,655.0,33.0,2019.77,0.0,CONS-012,3.0,Reprovada crédito,30.0,,,0.28510256834748465,False
PR-001409,2025-06-23,Organico,Curitiba,PR,Casa,890970.82,486129.48,84.0,751.0,24.0,2797.44,1.0,CONS-011,4.0,Sem retorno,31.0,,,0.5456177341475673,False
PR-001410,2025-07-18,Parceria,Florianópolis,SC,Apartamento,386824.77,230796.59,120.0,547.0,29.0,9785.58,0.0,CONS-004,5.0,Desistiu,28.0,,,0.5966437723209917,False
PR-001412,2024-07-12,Correspondente,Rio de Janeiro,RJ,Apartamento,498960.57,212505.72,60.0,632.0,31.0,3234.74,0.0,CONS-013,5.0,Desistiu,52.0,,,0.42589681986294026,False
PR-001413,2025-06-03,Organico,Rio de Janeiro,RJ,Sala comercial,1406191.58,550577.82,180.0,765.0,26.0,2522.69,0.0,CONS-021,3.0,Reprovada crédito,38.0,,,0.3915382710512318,False
PR-001414,2024-12-19,Parceria,Florianópolis,SC,Apartamento,736316.33,269858.59,120.0,566.0,26.0,6731.85,0.0,CONS-008,3.0,Desistiu,38.0,,,0.3664981734141358,False
PR-001415,2024-04-10,Organico,Brasília,DF,Casa,456616.74,228155.85,60.0,723.0,51.0,8776.85,0.0,CONS-030,5.0,Desistiu,33.0,,,0.4996659780804357,False
PR-001416,2025-02-13,Mídia paga,Florianópolis,SC,Apartamento,440339.86,173116.73,84.0,707.0,37.0,6078.93,0.0,CONS-029,3.0,Sem retorno,23.0,,,0.39314344606459206,False
PR-001417,2025-08-02,Correspondente,Recife,PE,Apartamento,1789035.84,965083.61,60.0,672.0,46.0,10237.62,1.0,CONS-009,5.0,Documentação pendente,45.0,,,0.5394434188640961,False
PR-001418,2024-08-23,Mídia paga,Salvador,BA,Apartamento,371775.92,185425.97,120.0,621.0,42.0,3674.97,0.0,CONS-008,1.0,Desistiu,26.0,,,0.49875734286394885,False
PR-001419,2024-05-27,Correspondente,Curitiba,PR,Apartamento,976670.49,424222.94,240.0,695.0,42.0,8142.92,0.0,CONS-007,4.0,Problema garantia,28.0,,,0.4343562586804481,False
PR-001420,2025-07-20,Organico,Porto Alegre,RS,Apartamento,423239.14,329740.24,60.0,745.0,35.0,3938.79,0.0,CONS-001,3.0,Sem retorno,44.0,,,0.7790873027480397,False
PR-001421,2024-08-26,Organico,Recife,PE,Casa,879228.34,290074.36,84.0,716.0,40.0,4768.24,0.0,CONS-029,4.0,Sem retorno,21.0,,,0.3299192562423545,False
PR-001422,2025-09-15,Mídia paga,Goiânia,GO,Apartamento,481946.74,197718.57,180.0,626.0,33.0,3259.21,0.0,CONS-016,2.0,Desistiu,24.0,,,0.4102498338301863,False
PR-001424,2025-10-11,Parceria,Curitiba,PR,Sala comercial,321595.81,112687.33,180.0,726.0,34.0,6949.53,0.0,CONS-030,6.0,Contratada,24.0,2025-04-12,1.48,0.3504004918472041,True
PR-001426,2025-05-23,Correspondente,São Paulo,SP,Casa,1058101.74,243363.4,84.0,748.0,50.0,1929.47,0.0,CONS-017,6.0,Contratada,58.0,2025-07-20,1.28,0.22999999981098226,True
PR-001427,2025-02-13,Indicação,Rio de Janeiro,RJ,Sala comercial,760061.82,461208.97,120.0,659.0,35.0,2821.36,1.0,CONS-010,5.0,Documentação pendente,52.0,,,0.606804549135227,False
PR-001428,2025-04-05,Correspondente,Curitiba,PR,Apartamento,536793.25,214159.0,120.0,768.0,52.0,5821.25,0.0,CONS-023,6.0,Contratada,29.0,2025-02-06,1.34,0.39895993476072955,True
PR-001429,2025-12-01,Mídia paga,Goiânia,GO,Sala comercial,324425.4,183217.32,180.0,723.0,45.0,2739.58,0.0,CONS-026,6.0,Contratada,57.0,2025-10-03,1.4,0.5647440675113601,True
PR-001430,2025-02-16,Correspondente,Campinas,SP,Casa,424911.63,188782.25,84.0,811.0,37.0,3843.58,0.0,CONS-021,5.0,Desistiu,49.0,,,0.44428590951958646,False
PR-001431,2024-08-17,Indicação,Santos,SP,Apartamento,1222735.47,620810.09,180.0,810.0,39.0,10379.65,0.0,CONS-017,6.0,Contratada,75.0,2024-10-31,1.51,0.5077223203478345,True
PR-001432,2024-05-04,Parceria,Santos,SP,Apartamento,562354.21,272813.67,84.0,660.0,43.0,1800.0,0.0,CONS-029,6.0,Contratada,43.0,2024-05-18,1.29,0.4851278165055437,True
PR-001433,2025-06-18,Parceria,Rio de Janeiro,RJ,Casa,593067.07,327532.84,240.0,880.0,57.0,8131.97,0.0,CONS-021,6.0,Contratada,26.0,2025-07-14,1.23,0.5522694760307634,True
PR-001434,2025-10-04,Indicação,Salvador,BA,Sala comercial,491149.34,244302.33,84.0,682.0,36.0,3708.18,0.0,CONS-002,6.0,Contratada,39.0,2025-05-19,1.28,0.4974094640949736,True
PR-001435,2024-09-05,Mídia paga,Salvador,BA,Casa,531555.24,313952.1,60.0,696.0,38.0,5309.05,0.0,CONS-030,5.0,Documentação pendente,47.0,,,0.5906293012933143,False
PR-001436,2025-06-13,Parceria,Santos,SP,Casa,586247.52,308192.81,120.0,579.0,40.0,3572.95,0.0,CONS-020,5.0,Documentação pendente,13.0,,,0.5257042451966364,False
PR-001437,2025-06-20,Parceria,Campinas,SP,Apartamento,621617.66,335849.92,84.0,716.0,48.0,4440.67,0.0,CONS-004,5.0,Documentação pendente,42.0,,,0.5402837493387816,False
PR-001438,2024-11-14,Parceria,Curitiba,PR,Apartamento,1389820.09,319658.62,120.0,818.0,22.0,4531.28,0.0,CONS-024,5.0,Documentação pendente,28.0,,,0.22999999949633768,False
PR-001439,2025-01-19,Correspondente,São Paulo,SP,Casa,596192.59,137124.3,60.0,606.0,48.0,4015.83,0.0,CONS-014,2.0,Sem retorno,16.0,,,0.2300000072124345,False
PR-001440,2025-08-02,Parceria,Curitiba,PR,Apartamento,1032471.4,571418.55,60.0,733.0,43.0,5382.71,1.0,CONS-007,5.0,Desistiu,52.0,,,0.5534473400425426,False
PR-001441,2025-12-06,Indicação,Santos,SP,Apartamento,943432.19,308604.67,240.0,789.0,23.0,7232.04,0.0,CONS-017,1.0,Desistiu,25.0,,,0.32710848036677653,False
PR-001442,2025-09-13,Organico,Santos,SP,Sala comercial,424825.02,219764.37,120.0,577.0,51.0,3929.84,1.0,CONS-026,3.0,Sem retorno,28.0,,,0.5173056191464429,False
PR-001443,2024-11-10,Mídia paga,Goiânia,GO,Casa,479251.32,195861.86,120.0,773.0,42.0,8901.88,0.0,CONS-005,2.0,Reprovada crédito,26.0,,,0.4086829849524462,False
PR-001444,2024-07-29,Indicação,Porto Alegre,RS,Apartamento,395267.31,235388.05,120.0,772.0,52.0,5214.79,0.0,CONS-027,6.0,Contratada,33.0,2024-08-31,1.29,0.5955161078208061,True
PR-001446,2024-10-26,Parceria,Porto Alegre,RS,Imóvel rural,785368.77,395052.92,120.0,645.0,42.0,3353.88,0.0,CONS-019,5.0,Documentação pendente,30.0,,,0.5030158252918562,False
PR-001447,2025-10-28,Organico,Curitiba,PR,Apartamento,468416.31,150730.46,240.0,834.0,42.0,2885.52,0.0,CONS-012,6.0,Contratada,17.0,2025-11-14,0.99,0.32178738609678215,True
PR-001448,2025-01-27,Parceria,Recife,PE,Casa,466026.29,265662.98,120.0,635.0,33.0,4674.79,0.0,CONS-018,3.0,Sem retorno,38.0,,,0.570060071074531,False
PR-001449,2025-03-21,Parceria,Brasília,DF,Apartamento,494280.81,293128.79,120.0,572.0,51.0,2533.04,1.0,CONS-008,4.0,Problema garantia,30.0,,,0.5930410084097741,False
PR-001450,2024-09-10,Correspondente,Brasília,DF,Apartamento,856617.06,342414.19,84.0,602.0,50.0,4127.15,0.0,CONS-023,3.0,Reprovada crédito,24.0,,,0.3997284270756877,False
PR-001451,2024-02-08,Organico,Porto Alegre,RS,Apartamento,1751490.16,1122212.99,240.0,620.0,57.0,11341.9,0.0,CONS-029,4.0,Problema garantia,23.0,,,0.6407189806878504,False
PR-001452,2025-03-05,Mídia paga,Belo Horizonte,MG,Apartamento,687722.97,170628.95,240.0,623.0,30.0,8266.01,0.0,CONS-004,6.0,Contratada,44.0,2025-06-16,1.21,0.2481070975424887,True
PR-001453,2024-10-31,Correspondente,Belo Horizonte,MG,Casa,630351.69,391458.93,60.0,705.0,57.0,3489.73,0.0,CONS-022,3.0,Reprovada crédito,31.0,,,0.6210167057694412,False
PR-001454,2025-02-24,Indicação,Porto Alegre,RS,Casa,312513.26,139806.29,180.0,785.0,24.0,8152.52,0.0,CONS-023,3.0,Reprovada crédito,29.0,,,0.4473611455718711,False
PR-001455,2025-03-21,Mídia paga,Florianópolis,SC,Imóvel rural,727581.3,361651.49,84.0,587.0,41.0,5894.86,0.0,CONS-023,1.0,Sem retorno,19.0,,,0.4970599024466406,False
PR-001456,2024-06-07,Mídia paga,Goiânia,GO,Casa,245997.59,152813.79,60.0,810.0,45.0,5856.82,0.0,CONS-015,6.0,Contratada,40.0,2024-08-15,1.29,0.6212003540359887,True
PR-001457,2025-06-29,Parceria,Recife,PE,Apartamento,469047.83,302715.24,120.0,617.0,52.0,6830.15,0.0,CONS-002,3.0,Reprovada crédito,30.0,,,0.6453824549193629,False
PR-001458,2025-03-01,Organico,Curitiba,PR,Apartamento,914550.79,583867.21,240.0,747.0,31.0,6278.53,1.0,CONS-023,3.0,Sem retorno,24.0,,,0.6384196661182698,False
PR-001459,2025-10-02,Correspondente,Rio de Janeiro,RJ,Casa,840304.75,413356.4,60.0,687.0,44.0,4277.96,0.0,CONS-024,4.0,Sem retorno,11.0,,,0.4919124877016345,False
PR-001461,2025-07-21,Mídia paga,Recife,PE,Apartamento,1410808.62,583032.96,240.0,647.0,48.0,3289.77,0.0,CONS-008,5.0,Desistiu,21.0,,,0.41326155208776644,False
PR-001462,2025-10-05,Correspondente,Porto Alegre,RS,Casa,1928778.96,935637.14,240.0,620.0,44.0,10282.96,1.0,CONS-001,4.0,Sem retorno,15.0,,,0.48509298338675366,False
PR-001463,2025-08-25,Correspondente,Santos,SP,Casa,551959.35,354061.2,84.0,582.0,33.0,3558.94,0.0,CONS-018,3.0,Desistiu,16.0,,,0.6414624555232192,False
PR-001464,2024-04-16,Mídia paga,São Paulo,SP,Apartamento,1107485.7,498503.19,240.0,611.0,43.0,9654.66,1.0,CONS-022,2.0,Desistiu,18.0,,,0.45012155913164387,False
PR-001465,2025-09-14,Mídia paga,Santos,SP,Apartamento,582702.95,234299.58,60.0,644.0,28.0,7397.98,0.0,CONS-026,6.0,Contratada,24.0,2025-08-10,1.09,0.40209094530926953,True
PR-001466,2025-12-03,Mídia paga,Curitiba,PR,Apartamento,308109.69,174779.91,60.0,717.0,43.0,6867.06,0.0,CONS-013,4.0,Problema garantia,16.0,,,0.5672652164883227,False
PR-001467,2025-01-14,Correspondente,Brasília,DF,Sala comercial,584588.55,189073.92,180.0,584.0,21.0,8069.54,0.0,CONS-027,4.0,Sem retorno,11.0,,,0.3234307616870019,False
PR-001468,2024-12-10,Organico,Belo Horizonte,MG,Casa,640600.8,231325.6,60.0,539.0,21.0,1800.0,1.0,CONS-001,3.0,Sem retorno,28.0,,,0.3611072605591501,False
PR-001469,2024-11-11,Correspondente,Brasília,DF,Apartamento,785957.63,344293.74,60.0,764.0,48.0,8618.06,0.0,CONS-016,6.0,Contratada,34.0,2024-12-15,1.28,0.4380563618931977,True
PR-001470,2024-12-14,Organico,Campinas,SP,Casa,1004445.61,508194.28,180.0,744.0,44.0,12070.25,0.0,CONS-015,4.0,Problema garantia,43.0,,,0.5059450456456274,False
PR-001471,2024-02-12,Indicação,Recife,PE,Apartamento,1149941.22,403030.16,60.0,605.0,42.0,5503.42,0.0,CONS-030,3.0,Sem retorno,10.0,,,0.35047892274006837,False
PR-001473,2024-12-26,Correspondente,São Paulo,SP,Apartamento,713892.71,299579.5,180.0,575.0,22.0,13023.61,1.0,CONS-015,3.0,Desistiu,34.0,,,0.4196421896505989,False
PR-001474,2025-06-09,Organico,Campinas,SP,Casa,565943.06,273906.86,84.0,625.0,48.0,6971.27,0.0,CONS-012,2.0,Desistiu,14.0,,,0.48398307066438795,False
PR-001475,2025-06-25,Organico,Santos,SP,Apartamento,478523.44,249046.04,60.0,764.0,44.0,13876.36,0.0,CONS-025,3.0,Reprovada crédito,30.0,,,0.5204468980662682,False
PR-001476,2025-08-28,Indicação,São Paulo,SP,Apartamento,843491.45,353593.48,60.0,686.0,26.0,5668.89,0.0,CONS-013,6.0,Contratada,46.0,2025-10-13,1.37,0.4192022100520402,True
PR-001477,2025-03-13,Mídia paga,Recife,PE,Sala comercial,658043.25,379624.48,240.0,573.0,48.0,1800.0,0.0,CONS-020,3.0,Sem retorno,28.0,,,0.576898980424159,False
PR-001478,2025-03-05,Organico,Goiânia,GO,Casa,477827.23,195069.19,60.0,704.0,39.0,3775.92,0.0,CONS-003,3.0,Desistiu,10.0,,,0.40824209620703283,False
PR-001479,2025-03-07,Correspondente,Salvador,BA,Apartamento,745634.45,316903.98,84.0,664.0,37.0,4826.29,0.0,CONS-005,2.0,Desistiu,25.0,,,0.42501252456884203,False
PR-001480,2025-01-16,Correspondente,Goiânia,GO,Casa,1164680.24,747744.74,180.0,566.0,31.0,2483.18,1.0,CONS-011,1.0,Sem retorno,28.0,,,0.6420171943502707,False
PR-001481,2025-03-19,Organico,Salvador,BA,Sala comercial,1054759.77,439623.89,60.0,701.0,50.0,2649.44,0.0,CONS-010,6.0,Contratada,31.0,2025-04-19,1.32,0.416800016936558,True
PR-001482,2024-02-10,Organico,Goiânia,GO,Apartamento,834372.35,532335.2,84.0,760.0,21.0,4049.94,0.0,CONS-003,5.0,Desistiu,44.0,,,0.6380067604109844,False
PR-001483,2025-05-26,Correspondente,Belo Horizonte,MG,Apartamento,659349.7,385595.75,120.0,757.0,36.0,2246.37,0.0,CONS-016,3.0,Sem retorno,28.0,,,0.5848122020833558,False
PR-001485,2024-08-11,Indicação,Rio de Janeiro,RJ,Apartamento,603650.88,357659.05,60.0,578.0,36.0,6267.38,0.0,CONS-027,4.0,Sem retorno,35.0,,,0.5924932139583727,False
PR-001486,2025-03-03,Indicação,Salvador,BA,Casa,992060.56,426676.55,120.0,686.0,44.0,4511.58,0.0,CONS-015,3.0,Reprovada crédito,35.0,,,0.4300912335432425,False
PR-001487,2025-06-05,Correspondente,Brasília,DF,Casa,885416.88,505741.21,120.0,670.0,50.0,3058.68,0.0,CONS-030,6.0,Contratada,50.0,2025-06-25,1.17,0.5711899348474133,True
PR-001488,2025-03-24,Organico,Florianópolis,SC,Sala comercial,699210.26,160818.36,180.0,555.0,54.0,4140.9,0.0,CONS-012,2.0,Reprovada crédito,26.0,,,0.23000000028603698,False
PR-001489,2024-06-03,Organico,Recife,PE,Casa,974820.86,453427.64,120.0,630.0,57.0,7230.6,0.0,CONS-011,4.0,Sem retorno,30.0,,,0.465139451365454,False
PR-001490,2024-07-24,Correspondente,Rio de Janeiro,RJ,Apartamento,828511.16,558498.08,180.0,560.0,35.0,10498.32,0.0,CONS-021,2.0,Sem retorno,19.0,,,0.6740984394223488,False
PR-001491,2025-02-27,Parceria,Curitiba,PR,Sala comercial,464868.66,170159.19,120.0,693.0,50.0,5744.4,1.0,CONS-014,2.0,Desistiu,24.0,,,0.36603712971315383,False
PR-001493,2024-08-28,Mídia paga,Belo Horizonte,MG,Casa,918931.72,569838.18,120.0,713.0,50.0,2131.18,0.0,CONS-011,3.0,Sem retorno,41.0,,,0.6201093809233182,False
PR-001494,2024-09-16,Parceria,Santos,SP,Apartamento,757024.02,366783.43,180.0,631.0,29.0,6625.46,0.0,CONS-005,2.0,Reprovada crédito,32.0,,,0.4845069909406573,False
PR-001495,2024-04-16,Organico,Rio de Janeiro,RJ,Apartamento,576026.42,305602.31,180.0,594.0,44.0,5137.83,0.0,CONS-026,3.0,Sem retorno,40.0,,,0.5305352313527563,False
PR-001496,2025-05-16,Mídia paga,Florianópolis,SC,Apartamento,760421.58,347106.37,120.0,767.0,21.0,6736.43,0.0,CONS-004,6.0,Contratada,35.0,2025-06-20,1.21,0.4564657015651765,True
PR-001497,2025-03-16,Mídia paga,Goiânia,GO,Casa,823181.58,365511.73,60.0,747.0,58.0,5861.81,0.0,CONS-017,4.0,Problema garantia,38.0,,,0.44402321295867675,False
PR-001498,2025-07-03,Parceria,Rio de Janeiro,RJ,Casa,632908.97,247454.55,84.0,640.0,46.0,7772.71,0.0,CONS-008,1.0,Sem retorno,2.0,,,0.39097968543564804,False
PR-001499,2024-08-26,Mídia paga,Salvador,BA,Casa,486084.85,305326.88,240.0,728.0,26.0,4496.16,0.0,CONS-016,6.0,Contratada,38.0,2024-03-10,1.38,0.6281349439300566,True
PR-001500,2025-08-05,Correspondente,Porto Alegre,RS,Casa,474954.49,238944.58,240.0,682.0,30.0,6342.7,0.0,CONS-027,2.0,Desistiu,25.0,,,0.5030894223149674,False
PR-001501,2025-06-23,Correspondente,Curitiba,PR,Imóvel rural,449890.39,345366.04,180.0,727.0,36.0,4434.45,0.0,CONS-028,1.0,Sem retorno,29.0,,,0.7676670755292194,False
PR-001502,2025-03-31,Organico,Goiânia,GO,Sala comercial,813854.38,383557.24,84.0,659.0,33.0,1800.0,0.0,CONS-002,6.0,Contratada,45.0,2025-05-15,1.23,0.4712848507370569,True
PR-001503,2025-03-31,Organico,Curitiba,PR,Casa,833861.65,469255.87,180.0,542.0,25.0,6787.73,0.0,CONS-025,1.0,Desistiu,20.0,,,0.5627502715828219,False
PR-001505,2025-12-03,Indicação,Florianópolis,SC,Apartamento,355481.98,163809.01,60.0,713.0,25.0,4080.74,0.0,CONS-027,3.0,Desistiu,31.0,,,0.46080819624105845,False
PR-001506,2024-01-12,Correspondente,São Paulo,SP,Casa,1337782.08,710133.42,120.0,755.0,59.0,8473.2,0.0,CONS-015,6.0,Contratada,42.0,2025-12-01,1.53,0.5308289224505085,True
PR-001507,2024-09-25,Mídia paga,Goiânia,GO,Apartamento,928060.54,461226.07,180.0,738.0,46.0,2741.31,0.0,CONS-012,4.0,Problema garantia,28.0,,,0.4969784298769992,False
PR-001508,2024-10-09,Organico,Curitiba,PR,Sala comercial,587935.71,308130.49,60.0,728.0,33.0,6269.76,0.0,CONS-011,3.0,Sem retorno,37.0,,,0.524088747730598,False
PR-001509,2024-06-03,Correspondente,Recife,PE,Imóvel rural,896447.68,465732.0,240.0,683.0,36.0,6187.32,1.0,CONS-019,3.0,Sem retorno,28.0,,,0.5195305988186616,False
PR-001510,2025-04-03,Organico,Florianópolis,SC,Casa,1069468.42,460731.24,84.0,677.0,21.0,4781.36,0.0,CONS-016,2.0,Sem retorno,14.0,,,0.4308039689474889,False
PR-001511,2024-12-18,Organico,São Paulo,SP,Casa,1415893.87,903881.22,60.0,526.0,36.0,18302.33,1.0,CONS-009,3.0,Desistiu,29.0,,,0.6383820420099706,False
PR-001512,2025-07-16,Mídia paga,Goiânia,GO,Apartamento,1257785.35,643630.66,180.0,770.0,49.0,2853.76,1.0,CONS-022,2.0,Sem retorno,14.0,,,0.511717408697756,False
PR-001513,2024-02-19,Parceria,Campinas,SP,Casa,810966.92,244930.18,240.0,665.0,48.0,5783.11,0.0,CONS-025,4.0,Sem retorno,34.0,,,0.30202240555015486,False
PR-001514,2025-09-03,Parceria,Salvador,BA,Apartamento,234893.93,127509.63,240.0,698.0,30.0,3617.52,0.0,CONS-001,4.0,Problema garantia,34.0,,,0.5428391870322065,False
PR-001515,2025-09-11,Parceria,Salvador,BA,Casa,665015.52,242776.99,180.0,616.0,54.0,5072.1,0.0,CONS-023,5.0,Desistiu,48.0,,,0.36506966032913035,False
PR-001517,2025-01-06,Correspondente,Salvador,BA,Apartamento,806145.59,535277.02,120.0,635.0,56.0,2524.63,0.0,CONS-016,4.0,Problema garantia,30.0,,,0.6639954700986457,False
PR-001518,2024-10-21,Organico,Porto Alegre,RS,Apartamento,466369.12,154970.05,240.0,667.0,45.0,2731.76,0.0,CONS-016,6.0,Contratada,41.0,2024-01-12,1.34,0.3322905470242112,True
PR-001519,2025-05-30,Organico,Campinas,SP,Sala comercial,2267308.85,1268775.44,84.0,813.0,33.0,6046.33,1.0,CONS-017,6.0,Contratada,43.0,2025-12-07,1.5,0.5595953281794847,True
PR-001520,2025-03-09,Indicação,Recife,PE,Casa,984510.57,463036.51,60.0,551.0,33.0,2895.55,0.0,CONS-027,3.0,Sem retorno,28.0,,,0.4703215222971146,False
PR-001521,2024-12-25,Parceria,São Paulo,SP,Apartamento,591188.97,328635.33,60.0,683.0,22.0,8226.81,0.0,CONS-008,3.0,Desistiu,12.0,,,0.5558888048943132,False
PR-001522,2024-08-13,Correspondente,Florianópolis,SC,Apartamento,621628.1,334157.33,120.0,623.0,47.0,5702.23,0.0,CONS-017,6.0,Contratada,28.0,2024-10-09,1.38,0.5375518416879803,True
PR-001523,2024-04-24,Parceria,Brasília,DF,Casa,408083.58,196377.88,60.0,714.0,43.0,3900.17,0.0,CONS-030,6.0,Contratada,51.0,2024-06-14,1.27,0.4812197540513637,True
PR-001524,2025-02-25,Correspondente,Florianópolis,SC,Apartamento,580085.74,180502.93,84.0,630.0,42.0,4202.41,0.0,CONS-018,4.0,Sem retorno,30.0,,,0.3111659493646577,False
PR-001525,2024-12-20,Mídia paga,Porto Alegre,RS,Casa,624950.72,313052.37,240.0,691.0,48.0,2752.22,1.0,CONS-012,6.0,Contratada,50.0,2025-08-02,1.25,0.5009232887994752,True
PR-001526,2024-11-01,Mídia paga,São Paulo,SP,Casa,605782.21,278323.42,84.0,657.0,43.0,3793.69,0.0,CONS-017,3.0,Reprovada crédito,22.0,,,0.4594446905266498,False
PR-001527,2025-06-06,Mídia paga,Recife,PE,Casa,673990.98,254925.17,120.0,640.0,50.0,5589.31,0.0,CONS-025,4.0,Problema garantia,43.0,,,0.3782323169962898,False
PR-001528,2025-08-16,Organico,São Paulo,SP,Sala comercial,475270.59,238773.51,60.0,513.0,55.0,20614.3,1.0,CONS-021,3.0,Sem retorno,39.0,,,0.5023948778315949,False
PR-001529,2025-03-05,Mídia paga,Campinas,SP,Apartamento,574430.58,311741.12,60.0,656.0,46.0,4403.0,0.0,CONS-029,6.0,Contratada,29.0,2025-01-06,1.43,0.5426958989544046,True
PR-001531,2024-02-26,Correspondente,Goiânia,GO,Casa,640354.11,305136.62,84.0,897.0,42.0,2209.42,0.0,CONS-025,4.0,Sem retorno,6.0,,,0.4765123159746722,False
PR-001532,2024-02-14,Correspondente,Recife,PE,Apartamento,728285.23,349860.35,60.0,677.0,37.0,6341.13,0.0,CONS-006,1.0,Sem retorno,6.0,,,0.48038918762639193,False
PR-001533,2025-06-09,Mídia paga,Salvador,BA,Casa,317695.2,169896.49,60.0,608.0,35.0,8349.11,1.0,CONS-009,5.0,Documentação pendente,49.0,,,0.5347782717522959,False
PR-001534,2025-06-06,Indicação,Goiânia,GO,Casa,1186815.32,632786.24,84.0,701.0,37.0,7263.97,0.0,CONS-005,6.0,Contratada,53.0,2025-07-29,1.25,0.5331800401767648,True
PR-001535,2024-11-25,Mídia paga,Curitiba,PR,Apartamento,657328.06,477187.53,84.0,663.0,39.0,2519.42,0.0,CONS-023,2.0,Desistiu,25.0,,,0.7259503420559895,False
PR-001536,2025-07-22,Organico,Campinas,SP,Apartamento,588187.35,251093.38,180.0,567.0,39.0,3279.75,0.0,CONS-019,6.0,Contratada,41.0,2025-01-09,1.19,0.4268935399579743,True
PR-001537,2025-10-10,Indicação,Brasília,DF,Apartamento,485257.89,320516.57,240.0,652.0,54.0,1800.0,1.0,CONS-006,3.0,Reprovada crédito,32.0,,,0.6605076941664977,False
PR-001538,2024-03-11,Correspondente,Brasília,DF,Apartamento,961198.03,484471.87,60.0,707.0,43.0,9530.73,0.0,CONS-013,3.0,Desistiu,34.0,,,0.5040291957319138,False
PR-001539,2024-05-30,Organico,Curitiba,PR,Casa,817267.61,187971.55,240.0,666.0,46.0,5073.75,0.0,CONS-006,3.0,Reprovada crédito,51.0,,,0.22999999963292317,False
PR-001540,2024-08-11,Organico,Salvador,BA,Imóvel rural,1082136.51,391252.94,240.0,727.0,27.0,7663.26,0.0,CONS-021,4.0,Problema garantia,33.0,,,0.361555992598383,False
PR-001541,2024-11-26,Correspondente,Campinas,SP,Imóvel rural,775955.33,395674.0,240.0,624.0,45.0,6500.46,0.0,CONS-027,5.0,Desistiu,26.0,,,0.5099185284286919,False
PR-001542,2025-03-02,Organico,São Paulo,SP,Sala comercial,601511.12,280310.52,120.0,618.0,30.0,4370.18,0.0,CONS-010,3.0,Reprovada crédito,23.0,,,0.46601053692905964,False
PR-001543,2025-07-14,Parceria,Curitiba,PR,Apartamento,839351.63,371097.03,180.0,663.0,29.0,10228.34,0.0,CONS-024,6.0,Contratada,48.0,2025-08-31,1.3,0.4421234399699683,True
PR-001544,2025-02-20,Correspondente,Belo Horizonte,MG,Apartamento,438527.48,215627.84,120.0,717.0,59.0,9752.05,0.0,CONS-019,2.0,Desistiu,45.0,,,0.4917088434229937,False
PR-001545,2024-12-27,Parceria,Porto Alegre,RS,Apartamento,545949.26,271991.45,240.0,641.0,33.0,4311.55,0.0,CONS-023,3.0,Desistiu,36.0,,,0.49819913667434956,False
PR-001546,2025-01-18,Correspondente,Salvador,BA,Casa,615050.16,276488.5,60.0,552.0,43.0,1896.94,0.0,CONS-002,3.0,Desistiu,9.0,,,0.44953813197934944,False
PR-001547,2025-06-06,Parceria,Recife,PE,Sala comercial,1767978.0,776602.91,180.0,557.0,47.0,9802.23,0.0,CONS-022,3.0,Desistiu,35.0,,,0.4392605055040278,False
PR-001548,2024-07-11,Correspondente,Santos,SP,Casa,481802.81,188238.76,120.0,663.0,43.0,1970.19,1.0,CONS-006,2.0,Desistiu,16.0,,,0.3906966835664574,False
PR-001549,2025-01-31,Organico,Curitiba,PR,Apartamento,202881.11,133206.91,120.0,702.0,31.0,4743.06,0.0,CONS-015,2.0,Sem retorno,20.0,,,0.6565762085982279,False
PR-001550,2024-12-10,Mídia paga,Goiânia,GO,Casa,1263303.77,826787.44,180.0,612.0,31.0,6649.32,0.0,CONS-025,3.0,Sem retorno,48.0,,,0.6544644761093367,False
PR-001551,2025-10-17,Correspondente,Rio de Janeiro,RJ,Apartamento,1286789.72,551847.16,84.0,580.0,50.0,15048.78,0.0,CONS-007,2.0,Reprovada crédito,30.0,,,0.4288557418689979,False
PR-001552,2025-08-07,Organico,Florianópolis,SC,Apartamento,442377.69,203189.22,240.0,697.0,46.0,8325.91,0.0,CONS-005,4.0,Sem retorno,37.0,,,0.459311634815942,False
PR-001553,2025-03-21,Mídia paga,Goiânia,GO,Casa,651291.48,201147.22,60.0,782.0,24.0,9531.2,0.0,CONS-027,4.0,Sem retorno,40.0,,,0.30884362252059555,False
PR-001555,2025-03-04,Correspondente,Goiânia,GO,Imóvel rural,1732559.54,761665.54,180.0,638.0,30.0,3759.8,0.0,CONS-016,5.0,Documentação pendente,41.0,,,0.4396186811565506,False
PR-001556,2025-11-09,Mídia paga,São Paulo,SP,Apartamento,952275.36,442001.57,120.0,629.0,38.0,6687.82,1.0,CONS-029,6.0,Contratada,53.0,2025-08-05,1.31,0.4641531100836212,True
PR-001557,2024-12-29,Correspondente,Porto Alegre,RS,Apartamento,974473.29,553261.77,240.0,703.0,36.0,3542.15,0.0,CONS-015,4.0,Problema garantia,29.0,,,0.5677546790430756,False
PR-001558,2025-04-26,Correspondente,Goiânia,GO,Imóvel rural,2071907.15,751682.93,84.0,711.0,51.0,7785.94,0.0,CONS-016,2.0,Sem retorno,28.0,,,0.3627975944771464,False
PR-001559,2025-02-05,Indicação,Recife,PE,Imóvel rural,508048.54,201852.87,60.0,613.0,37.0,2584.02,0.0,CONS-015,5.0,Documentação pendente,60.0,,,0.39731020583190735,False
PR-001560,2025-02-20,Correspondente,Curitiba,PR,Casa,872415.77,501393.43,180.0,620.0,45.0,5508.21,0.0,CONS-029,4.0,Problema garantia,13.0,,,0.5747184395807059,False
PR-001561,2024-12-06,Organico,Salvador,BA,Casa,984298.59,739238.89,60.0,692.0,42.0,3416.97,0.0,CONS-022,5.0,Documentação pendente,32.0,,,0.7510311378176413,False
PR-001562,2024-07-26,Correspondente,Santos,SP,Apartamento,464448.78,196689.87,180.0,497.0,37.0,10629.22,0.0,CONS-001,2.0,Reprovada crédito,15.0,,,0.4234909821487743,False
PR-001563,2024-01-12,Parceria,Santos,SP,Apartamento,1060510.51,396478.56,84.0,735.0,36.0,4891.78,0.0,CONS-021,3.0,Reprovada crédito,27.0,,,0.37385632321550494,False
PR-001564,2024-08-09,Correspondente,Campinas,SP,Casa,910325.17,364656.2,240.0,601.0,50.0,5124.2,0.0,CONS-016,2.0,Reprovada crédito,24.0,,,0.40057796051052835,False
PR-001565,2024-05-10,Correspondente,Santos,SP,Apartamento,699949.27,342410.81,240.0,597.0,41.0,8951.77,1.0,CONS-026,6.0,Contratada,55.0,2024-11-29,1.4,0.48919375257009695,True
PR-001566,2025-03-14,Parceria,Rio de Janeiro,RJ,Casa,578433.36,348561.5,120.0,741.0,50.0,3364.93,0.0,CONS-006,5.0,Documentação pendente,44.0,,,0.6025957769793914,False
PR-001567,2025-04-29,Mídia paga,Rio de Janeiro,RJ,Apartamento,529032.91,326647.3,60.0,847.0,40.0,6921.58,0.0,CONS-015,3.0,Desistiu,21.0,,,0.6174423061884751,False
PR-001568,2024-05-09,Organico,Santos,SP,Casa,774547.97,193494.83,240.0,702.0,42.0,4960.81,0.0,CONS-004,3.0,Reprovada crédito,30.0,,,0.24981645746227957,False
PR-001569,2025-07-15,Mídia paga,Recife,PE,Apartamento,900373.55,422911.2,60.0,760.0,53.0,3061.7,0.0,CONS-025,4.0,Sem retorno,29.0,,,0.46970637909121166,False
PR-001570,2024-03-06,Correspondente,São Paulo,SP,Apartamento,550278.94,273762.31,120.0,709.0,45.0,4061.29,1.0,CONS-021,3.0,Sem retorno,28.0,,,0.49749734198441253,False
PR-001571,2025-08-11,Organico,São Paulo,SP,Apartamento,683707.85,298330.78,240.0,728.0,45.0,4266.87,1.0,CONS-022,6.0,Contratada,36.0,2025-12-14,1.29,0.43634248166084394,True
PR-001572,2024-11-29,Mídia paga,Recife,PE,Sala comercial,1310949.98,788452.1,120.0,813.0,49.0,13768.56,0.0,CONS-011,3.0,Reprovada crédito,34.0,,,0.6014356855934351,False
PR-001573,2024-11-26,Organico,Santos,SP,Casa,1062282.28,672427.99,180.0,650.0,45.0,4442.14,0.0,CONS-008,2.0,Desistiu,32.0,,,0.6330031128825758,False
PR-001574,2025-03-09,Correspondente,São Paulo,SP,Apartamento,1460445.06,709344.55,240.0,548.0,32.0,6461.53,0.0,CONS-022,4.0,Sem retorno,37.0,,,0.4857043715153516,False
PR-001575,2025-08-04,Correspondente,Goiânia,GO,Apartamento,668612.04,310835.48,240.0,657.0,42.0,4078.57,1.0,CONS-018,5.0,Desistiu,39.0,,,0.46489662375807644,False
PR-001576,2024-11-08,Organico,Rio de Janeiro,RJ,Apartamento,1743017.5,623332.59,60.0,716.0,41.0,4783.07,0.0,CONS-023,2.0,Reprovada crédito,15.0,,,0.3576169430312662,False
PR-001577,2025-06-14,Correspondente,Recife,PE,Apartamento,532552.69,263126.7,120.0,703.0,52.0,7871.87,1.0,CONS-028,4.0,Problema garantia,45.0,,,0.49408575891335754,False
PR-001578,2025-01-06,Mídia paga,Belo Horizonte,MG,Sala comercial,635795.3,428562.29,84.0,644.0,49.0,3975.89,1.0,CONS-020,5.0,Desistiu,35.0,,,0.6740570274740941,False
PR-001579,2025-03-03,Parceria,Brasília,DF,Casa,820643.6,515006.87,180.0,723.0,43.0,3132.46,0.0,CONS-016,4.0,Sem retorno,49.0,,,0.627564596860318,False
PR-001580,2025-12-12,Correspondente,Santos,SP,Casa,1145933.0,718436.69,180.0,621.0,47.0,3363.83,0.0,CONS-010,4.0,Problema garantia,9.0,,,0.626944760295759,False
PR-001581,2025-03-16,Indicação,Santos,SP,Casa,671699.22,154490.82,60.0,587.0,53.0,7363.9,0.0,CONS-005,6.0,Contratada,55.0,2025-10-05,1.21,0.22999999910674307,True
PR-001583,2024-03-09,Organico,Curitiba,PR,Casa,347344.83,126221.75,240.0,572.0,61.0,7166.74,0.0,CONS-030,2.0,Desistiu,24.0,,,0.36339032309765484,False
PR-001584,2025-03-06,Organico,Curitiba,PR,Apartamento,633740.37,199586.17,60.0,522.0,36.0,11119.66,0.0,CONS-010,3.0,Desistiu,29.0,,,0.31493365335081935,False
PR-001585,2025-02-05,Mídia paga,Salvador,BA,Apartamento,1348784.9,357678.99,120.0,775.0,56.0,16405.83,0.0,CONS-001,6.0,Contratada,30.0,2025-01-06,1.44,0.2651860871218235,True
PR-001586,2024-07-20,Parceria,Rio de Janeiro,RJ,Apartamento,931967.48,371101.98,84.0,678.0,60.0,2268.25,1.0,CONS-022,6.0,Contratada,29.0,2024-08-18,1.45,0.39819198412373785,True
PR-001587,2025-02-21,Mídia paga,Santos,SP,Casa,380597.26,149769.03,84.0,815.0,53.0,16884.33,0.0,CONS-029,3.0,Sem retorno,36.0,,,0.39351053131596375,False
PR-001588,2025-02-14,Mídia paga,Rio de Janeiro,RJ,Sala comercial,935958.14,361147.12,60.0,660.0,41.0,3529.77,1.0,CONS-007,3.0,Reprovada crédito,21.0,,,0.3858581966069551,False
PR-001589,2025-04-09,Parceria,Santos,SP,Apartamento,518001.26,210617.17,84.0,605.0,34.0,7249.29,0.0,CONS-023,6.0,Contratada,37.0,2025-11-10,1.24,0.40659586426488614,True
PR-001592,2025-02-06,Parceria,Curitiba,PR,Apartamento,569549.24,278354.68,180.0,598.0,43.0,7825.15,0.0,CONS-029,2.0,Desistiu,31.0,,,0.4887280334181466,False
PR-001593,2025-10-05,Mídia paga,Campinas,SP,Casa,503740.59,286416.91,120.0,679.0,32.0,6127.33,0.0,CONS-029,5.0,Documentação pendente,53.0,,,0.5685801694082265,False
PR-001594,2025-03-04,Organico,Brasília,DF,Casa,501489.49,234577.36,84.0,646.0,51.0,10363.32,1.0,CONS-022,6.0,Contratada,33.0,2025-06-05,1.19,0.4677612685362558,True
PR-001596,2025-03-28,Correspondente,Brasília,DF,Apartamento,466265.02,241423.87,120.0,661.0,41.0,18178.32,1.0,CONS-007,3.0,Desistiu,17.0,,,0.5177825048938905,False
PR-001597,2024-11-13,Correspondente,Belo Horizonte,MG,Casa,627958.85,394941.3,240.0,644.0,22.0,5131.59,0.0,CONS-016,3.0,Reprovada crédito,18.0,,,0.6289286312311706,False
PR-001598,2025-05-08,Correspondente,Porto Alegre,RS,Sala comercial,1255505.41,667869.93,180.0,637.0,38.0,4725.47,0.0,CONS-003,4.0,Problema garantia,30.0,,,0.5319530482947104,False
PR-001599,2025-08-17,Mídia paga,Belo Horizonte,MG,Imóvel rural,1014518.52,664429.6,120.0,603.0,47.0,2737.03,0.0,CONS-030,3.0,Reprovada crédito,7.0,,,0.6549211146978371,False
PR-001600,2025-03-07,Indicação,Campinas,SP,Sala comercial,438224.83,181017.36,180.0,651.0,33.0,7135.9,1.0,CONS-029,6.0,Contratada,22.0,2025-07-25,1.28,0.41306961086618477,True
PR-001601,2025-08-08,Organico,Rio de Janeiro,RJ,Casa,875928.76,437212.38,120.0,639.0,32.0,4116.72,0.0,CONS-010,6.0,Contratada,21.0,2025-08-29,1.22,0.4991414826931816,True
PR-001602,2024-09-23,Organico,Brasília,DF,Casa,330422.24,165474.03,240.0,793.0,53.0,3594.5,0.0,CONS-025,6.0,Contratada,32.0,2024-10-25,1.44,0.500795678886506,True
PR-001603,2025-03-15,Indicação,Recife,PE,Casa,426258.95,168165.55,60.0,670.0,53.0,1861.93,0.0,CONS-017,4.0,Problema garantia,39.0,,,0.39451500079939666,False
PR-001604,2025-10-06,Parceria,Brasília,DF,Apartamento,2078056.34,1050720.38,120.0,807.0,53.0,3294.99,0.0,CONS-015,3.0,Sem retorno,40.0,,,0.5056265125131304,False
PR-001605,2025-02-02,Correspondente,Campinas,SP,Sala comercial,373071.96,229553.7,120.0,608.0,24.0,2884.1,0.0,CONS-014,2.0,Desistiu,27.0,,,0.6153067628025435,False
PR-001606,2024-04-07,Indicação,Campinas,SP,Casa,514380.17,253373.38,84.0,642.0,41.0,3033.36,0.0,CONS-004,5.0,Desistiu,37.0,,,0.4925799919542,False
PR-001607,2025-02-25,Indicação,Belo Horizonte,MG,Apartamento,871694.89,387329.61,60.0,819.0,57.0,3952.12,0.0,CONS-013,6.0,Contratada,47.0,2025-04-13,1.2,0.44434080599004083,True
PR-001608,2025-02-22,Organico,Porto Alegre,RS,Apartamento,1073527.09,577755.53,180.0,489.0,57.0,6352.11,0.0,CONS-024,4.0,Problema garantia,47.0,,,0.5381843973774336,False
PR-001610,2024-11-22,Organico,Santos,SP,Sala comercial,635302.65,250489.9,180.0,792.0,27.0,7607.57,1.0,CONS-022,6.0,Contratada,29.0,2024-12-21,1.09,0.39428436194937955,True
PR-001611,2025-09-28,Mídia paga,Rio de Janeiro,RJ,Apartamento,438310.12,170671.98,240.0,658.0,37.0,6675.57,0.0,CONS-007,4.0,Sem retorno,32.0,,,0.38938635503099955,False
PR-001612,2024-07-29,Mídia paga,Rio de Janeiro,RJ,Imóvel rural,724962.56,352060.57,84.0,771.0,30.0,3581.27,1.0,CONS-016,6.0,Contratada,42.0,2024-09-09,1.03,0.4856258645963731,True
PR-001613,2024-03-08,Parceria,Campinas,SP,Apartamento,516689.21,261119.72,120.0,789.0,38.0,5923.7,0.0,CONS-009,3.0,Desistiu,41.0,,,0.5053709559756434,False
PR-001614,2025-03-15,Organico,Florianópolis,SC,Casa,470479.67,303091.97,84.0,652.0,46.0,3243.48,1.0,CONS-022,1.0,Desistiu,22.0,,,0.6442190583920449,False
PR-001615,2024-02-15,Correspondente,Porto Alegre,RS,Apartamento,1016878.37,386612.78,60.0,634.0,25.0,1886.54,0.0,CONS-029,1.0,Sem retorno,4.0,,,0.3801956963643548,False
PR-001616,2025-09-04,Indicação,Belo Horizonte,MG,Sala comercial,919037.19,583709.77,180.0,775.0,57.0,13357.81,0.0,CONS-007,4.0,Sem retorno,35.0,,,0.6351318274726184,False
PR-001617,2025-04-21,Parceria,Rio de Janeiro,RJ,Casa,1334980.5,596788.11,180.0,766.0,47.0,3364.9,1.0,CONS-018,6.0,Contratada,33.0,2025-05-24,1.4,0.4470388219153763,True
PR-001618,2025-10-02,Mídia paga,Porto Alegre,RS,Apartamento,478814.85,216973.83,120.0,794.0,32.0,4653.76,0.0,CONS-002,2.0,Sem retorno,25.0,,,0.453147662400195,False
PR-001619,2025-06-29,Correspondente,Belo Horizonte,MG,Casa,1409519.8,741567.42,60.0,753.0,49.0,6396.47,0.0,CONS-024,3.0,Desistiu,11.0,,,0.5261135175256141,False
PR-001620,2025-08-01,Indicação,Brasília,DF,Sala comercial,577158.13,205216.16,240.0,662.0,46.0,23799.67,0.0,CONS-004,4.0,Sem retorno,25.0,,,0.3555631452336988,False
PR-001621,2025-02-12,Organico,São Paulo,SP,Casa,633614.22,334020.21,120.0,836.0,51.0,3864.32,0.0,CONS-014,6.0,Contratada,26.0,2025-12-28,1.52,0.527166530448133,True
PR-001622,2024-12-23,Correspondente,Porto Alegre,RS,Casa,791288.11,416229.41,240.0,649.0,33.0,5542.38,1.0,CONS-006,2.0,Sem retorno,25.0,,,0.5260149934516266,False
PR-001623,2025-07-16,Parceria,Recife,PE,Casa,303627.29,189012.74,240.0,680.0,51.0,4558.51,0.0,CONS-011,3.0,Sem retorno,33.0,,,0.622515650684759,False
PR-001624,2025-02-18,Parceria,Porto Alegre,RS,Apartamento,973276.75,480184.87,180.0,517.0,33.0,6190.92,0.0,CONS-002,6.0,Contratada,50.0,2025-09-04,1.38,0.4933693011776969,True
PR-001625,2025-01-31,Organico,Campinas,SP,Apartamento,402740.72,181611.57,84.0,600.0,31.0,6422.28,1.0,CONS-012,3.0,Desistiu,40.0,,,0.4509391799269764,False
PR-001626,2024-12-30,Indicação,Recife,PE,Apartamento,982359.34,393766.27,60.0,718.0,33.0,4677.59,1.0,CONS-012,6.0,Contratada,26.0,2025-01-25,1.09,0.4008373046058686,True
PR-001627,2025-03-15,Parceria,Santos,SP,Casa,622838.9,345684.53,84.0,686.0,47.0,3597.7,0.0,CONS-028,4.0,Problema garantia,45.0,,,0.5550143544341883,False
PR-001628,2025-08-31,Mídia paga,Florianópolis,SC,Casa,522522.25,341880.34,84.0,768.0,43.0,8152.27,0.0,CONS-001,6.0,Contratada,51.0,2025-10-21,1.37,0.6542885781418878,True
PR-001629,2025-03-20,Correspondente,Porto Alegre,RS,Apartamento,978154.36,491252.59,60.0,553.0,55.0,6890.35,0.0,CONS-023,2.0,Sem retorno,27.0,,,0.5022239945850674,False
PR-001630,2025-01-03,Mídia paga,Brasília,DF,Casa,906038.37,345503.89,120.0,675.0,46.0,4434.84,0.0,CONS-026,4.0,Problema garantia,33.0,,,0.3813347220603913,False
PR-001631,2024-02-19,Indicação,Campinas,SP,Casa,289694.46,172985.29,120.0,641.0,56.0,7150.66,0.0,CONS-027,4.0,Sem retorno,52.0,,,0.5971301280666533,False
PR-001632,2025-03-26,Parceria,Goiânia,GO,Imóvel rural,727514.49,320593.43,120.0,673.0,48.0,4157.53,0.0,CONS-021,3.0,Sem retorno,39.0,,,0.44066947724986205,False
PR-001633,2024-05-19,Indicação,São Paulo,SP,Casa,1665893.26,1047549.26,240.0,794.0,39.0,4691.09,0.0,CONS-002,2.0,Desistiu,20.0,,,0.6288213567776846,False
PR-001634,2025-02-13,Organico,Rio de Janeiro,RJ,Apartamento,832289.08,601905.11,240.0,675.0,46.0,3636.35,0.0,CONS-002,3.0,Sem retorno,16.0,,,0.7231923672481682,False
PR-001635,2025-11-09,Mídia paga,Florianópolis,SC,Apartamento,537838.32,239840.96,60.0,631.0,40.0,2540.37,1.0,CONS-004,2.0,Reprovada crédito,43.0,,,0.4459350534933993,False
PR-001636,2025-02-24,Mídia paga,São Paulo,SP,Apartamento,370936.18,196126.6,180.0,647.0,51.0,4340.1,0.0,CONS-026,3.0,Desistiu,36.0,,,0.52873408034773,False
PR-001637,2024-11-14,Parceria,Goiânia,GO,Casa,712709.95,230321.13,120.0,646.0,22.0,2620.58,0.0,CONS-007,6.0,Contratada,35.0,2024-12-19,1.13,0.32316250109879907,True
PR-001638,2024-07-11,Indicação,Brasília,DF,Casa,616867.89,205138.27,60.0,665.0,38.0,6218.12,0.0,CONS-018,3.0,Reprovada crédito,11.0,,,0.3325481408993423,False
PR-001639,2024-04-05,Parceria,Brasília,DF,Apartamento,1238051.7,336545.73,120.0,598.0,46.0,10055.9,0.0,CONS-014,5.0,Desistiu,36.0,,,0.27183495648848915,False
PR-001640,2024-05-13,Parceria,Campinas,SP,Sala comercial,1145612.92,477341.26,120.0,698.0,27.0,11741.11,1.0,CONS-011,3.0,Sem retorno,13.0,,,0.41666888673008334,False
PR-001641,2024-10-22,Mídia paga,São Paulo,SP,Apartamento,526421.46,244149.58,240.0,720.0,43.0,7012.02,0.0,CONS-025,3.0,Reprovada crédito,49.0,,,0.4637910848087386,False
PR-001642,2025-02-03,Organico,Santos,SP,Casa,1191605.32,655138.63,120.0,735.0,39.0,1800.0,0.0,CONS-016,6.0,Contratada,24.0,2025-03-26,1.2,0.5497949858095632,True
PR-001643,2024-02-10,Mídia paga,Florianópolis,SC,Apartamento,543416.13,291153.75,180.0,678.0,29.0,4978.07,1.0,CONS-025,6.0,Contratada,27.0,2024-10-29,1.39,0.5357841512728008,True
PR-001644,2025-03-17,Organico,Santos,SP,Casa,873568.76,352440.47,84.0,681.0,33.0,5453.11,0.0,CONS-021,4.0,Sem retorno,34.0,,,0.40344903130464504,False
PR-001646,2025-04-14,Indicação,Campinas,SP,Apartamento,974976.29,369302.99,180.0,751.0,31.0,9391.02,1.0,CONS-016,3.0,Desistiu,37.0,,,0.3787815086251995,False
PR-001647,2025-02-20,Organico,Rio de Janeiro,RJ,Casa,732092.31,297712.71,120.0,794.0,39.0,14689.45,0.0,CONS-012,6.0,Contratada,39.0,2025-03-31,1.38,0.4066600699575713,True
PR-001648,2024-08-08,Correspondente,Goiânia,GO,Casa,954103.99,676952.0,120.0,584.0,41.0,2590.45,0.0,CONS-024,3.0,Desistiu,8.0,,,0.7095159511910227,False
PR-001649,2024-07-08,Indicação,Rio de Janeiro,RJ,Apartamento,488786.4,232848.01,240.0,623.0,40.0,6418.17,0.0,CONS-004,6.0,Contratada,46.0,2024-09-22,1.32,0.476379887001766,True
PR-001650,2024-02-09,Organico,Belo Horizonte,MG,Apartamento,680527.14,370555.64,180.0,676.0,44.0,7868.03,0.0,CONS-013,4.0,Problema garantia,44.0,,,0.544512655292484,False
PR-001651,2025-11-28,Indicação,Recife,PE,Casa,948149.34,408801.56,180.0,696.0,62.0,4125.73,0.0,CONS-003,2.0,Reprovada crédito,16.0,,,0.4311573533342332,False
PR-001652,2024-05-11,Indicação,Santos,SP,Casa,266969.26,110675.01,240.0,721.0,55.0,5639.98,1.0,CONS-013,4.0,Sem retorno,34.0,,,0.41456087491121635,False
PR-001653,2024-05-05,Organico,Curitiba,PR,Apartamento,339426.32,157398.86,240.0,702.0,37.0,6454.48,0.0,CONS-016,1.0,Sem retorno,36.0,,,0.4637202559895767,False
PR-001654,2025-02-16,Correspondente,Brasília,DF,Imóvel rural,289908.82,109804.52,240.0,720.0,49.0,1800.0,0.0,CONS-028,6.0,Contratada,58.0,2025-04-15,1.37,0.37875536177202196,True
PR-001655,2024-10-16,Indicação,Brasília,DF,Casa,1008114.02,544433.44,120.0,631.0,33.0,7318.81,0.0,CONS-010,1.0,Sem retorno,31.0,,,0.5400514517197171,False
PR-001656,2025-03-05,Indicação,Recife,PE,Apartamento,735587.23,264770.8,60.0,584.0,41.0,4611.3,1.0,CONS-026,3.0,Desistiu,27.0,,,0.3599448021956553,False
PR-001657,2025-08-16,Organico,Belo Horizonte,MG,Apartamento,1061182.23,443365.47,240.0,693.0,26.0,3215.72,0.0,CONS-019,1.0,Sem retorno,11.0,,,0.4178033305363585,False
PR-001658,2024-05-12,Organico,Goiânia,GO,Sala comercial,824465.57,547600.05,60.0,701.0,45.0,3187.9,1.0,CONS-012,1.0,Desistiu,30.0,,,0.6641878932555062,False
PR-001659,2024-11-20,Indicação,Recife,PE,Apartamento,2704580.07,1281478.11,180.0,536.0,70.0,8594.22,0.0,CONS-005,6.0,Contratada,25.0,2024-12-15,1.23,0.47381777460188124,True
PR-001660,2025-01-15,Parceria,Santos,SP,Casa,1095465.97,516822.07,240.0,752.0,58.0,4038.73,0.0,CONS-018,2.0,Desistiu,15.0,,,0.4717828614977424,False
PR-001662,2024-11-16,Organico,Goiânia,GO,Sala comercial,371645.91,227304.29,240.0,682.0,31.0,2992.22,0.0,CONS-028,3.0,Desistiu,28.0,,,0.6116152065281709,False
PR-001664,2024-12-23,Mídia paga,Recife,PE,Apartamento,1668388.59,933252.18,60.0,653.0,43.0,2992.77,0.0,CONS-012,5.0,Documentação pendente,26.0,,,0.5593733891455107,False
PR-001665,2024-11-14,Organico,Campinas,SP,Casa,484824.26,290083.37,120.0,627.0,27.0,7111.94,0.0,CONS-012,2.0,Desistiu,34.0,,,0.5983268452779157,False
PR-001666,2025-01-22,Mídia paga,Brasília,DF,Casa,899782.58,478313.35,180.0,544.0,39.0,6484.59,0.0,CONS-019,5.0,Desistiu,44.0,,,0.5315876975524465,False
PR-001668,2024-05-12,Correspondente,Rio de Janeiro,RJ,Apartamento,726196.37,242706.3,240.0,520.0,33.0,2648.43,0.0,CONS-016,2.0,Sem retorno,26.0,,,0.3342157989580697,False
PR-001669,2025-02-15,Parceria,São Paulo,SP,Casa,1163790.3,319255.02,84.0,566.0,36.0,3931.09,0.0,CONS-017,4.0,Problema garantia,35.0,,,0.27432349281481383,False
PR-001670,2024-11-14,Organico,Curitiba,PR,Apartamento,695819.37,359549.41,240.0,680.0,48.0,5505.73,0.0,CONS-025,1.0,Sem retorno,29.0,,,0.5167280841865612,False
PR-001671,2024-03-05,Organico,Porto Alegre,RS,Sala comercial,844706.38,493316.44,120.0,655.0,40.0,5282.67,0.0,CONS-025,4.0,Sem retorno,30.0,,,0.5840093690306921,False
PR-001672,2024-09-12,Indicação,Campinas,SP,Apartamento,527722.44,289604.54,60.0,689.0,30.0,7132.84,1.0,CONS-019,3.0,Reprovada crédito,39.0,,,0.5487819316533138,False
PR-001673,2025-01-20,Parceria,Campinas,SP,Apartamento,651050.38,269874.72,120.0,674.0,21.0,4904.25,0.0,CONS-003,5.0,Documentação pendente,53.0,,,0.41452202208990335,False
PR-001674,2025-12-05,Mídia paga,Salvador,BA,Apartamento,1019947.28,339757.19,240.0,633.0,40.0,9331.89,0.0,CONS-010,4.0,Problema garantia,31.0,,,0.33311250165792883,False
PR-001675,2024-07-03,Correspondente,Recife,PE,Sala comercial,512493.58,212780.41,60.0,678.0,30.0,7112.09,0.0,CONS-012,2.0,Reprovada crédito,26.0,,,0.4151864887751374,False
PR-001676,2024-06-07,Indicação,Brasília,DF,Casa,517217.87,154006.62,120.0,560.0,47.0,6599.36,0.0,CONS-029,3.0,Reprovada crédito,32.0,,,0.2977596655738132,False
PR-001677,2025-09-02,Correspondente,Rio de Janeiro,RJ,Casa,817446.88,358976.82,240.0,609.0,46.0,6513.32,1.0,CONS-010,6.0,Contratada,18.0,2025-02-27,1.02,0.4391439111003763,True
PR-001678,2024-03-29,Correspondente,Santos,SP,Sala comercial,558213.76,235350.98,120.0,610.0,31.0,2789.25,0.0,CONS-001,3.0,Sem retorno,19.0,,,0.42161443673477345,False
PR-001679,2025-01-03,Correspondente,Recife,PE,Sala comercial,603269.15,309634.08,84.0,553.0,49.0,7359.03,0.0,CONS-017,4.0,Sem retorno,33.0,,,0.5132602587087373,False
PR-001681,2024-10-20,Indicação,São Paulo,SP,Apartamento,895504.3,551510.04,240.0,600.0,35.0,5804.91,0.0,CONS-003,3.0,Desistiu,29.0,,,0.6158653174529704,False
PR-001683,2025-10-12,Indicação,Belo Horizonte,MG,Imóvel rural,1214642.06,407471.24,180.0,750.0,35.0,5433.79,0.0,CONS-012,6.0,Contratada,32.0,2026-11-01,1.2,0.33546610431059826,True
PR-001685,2024-02-06,Correspondente,Porto Alegre,RS,Apartamento,440900.55,227275.12,120.0,553.0,46.0,4715.65,0.0,CONS-004,5.0,Desistiu,46.0,,,0.5154793297490783,False
PR-001686,2025-03-25,Parceria,Belo Horizonte,MG,Casa,462378.49,222242.84,84.0,622.0,39.0,10293.67,0.0,CONS-003,5.0,Documentação pendente,32.0,,,0.48065133825753875,False
PR-001687,2025-03-20,Correspondente,Recife,PE,Casa,577121.4,214900.99,120.0,729.0,42.0,9951.11,0.0,CONS-012,5.0,Documentação pendente,26.0,,,0.37236704443813723,False
PR-001689,2024-03-10,Correspondente,Belo Horizonte,MG,Apartamento,578568.34,277109.33,240.0,654.0,33.0,12051.01,0.0,CONS-005,6.0,Contratada,35.0,2024-07-11,1.11,0.47895695433317353,True
PR-001690,2024-07-11,Parceria,Curitiba,PR,Sala comercial,318027.49,83188.43,120.0,759.0,54.0,4803.03,0.0,CONS-022,6.0,Contratada,39.0,2024-12-16,1.45,0.2615762241182358,True
PR-001691,2025-08-21,Parceria,Brasília,DF,Casa,1521351.12,649187.81,180.0,745.0,59.0,3487.93,0.0,CONS-026,3.0,Reprovada crédito,43.0,,,0.42671793609354297,False
PR-001692,2024-11-08,Organico,Recife,PE,Apartamento,1443676.46,537863.94,60.0,517.0,25.0,19721.84,1.0,CONS-019,3.0,Reprovada crédito,31.0,,,0.3725654292375176,False
PR-001693,2025-06-16,Correspondente,São Paulo,SP,Sala comercial,1363256.59,692235.42,240.0,550.0,50.0,2242.97,1.0,CONS-027,3.0,Reprovada crédito,26.0,,,0.5077807252705083,False
PR-001694,2025-01-02,Correspondente,Santos,SP,Apartamento,1146998.66,485001.18,240.0,686.0,23.0,4573.46,0.0,CONS-024,3.0,Reprovada crédito,13.0,,,0.42284371979998653,False
PR-001695,2024-07-09,Indicação,Salvador,BA,Apartamento,510281.19,301813.54,84.0,579.0,58.0,5799.89,0.0,CONS-011,5.0,Documentação pendente,28.0,,,0.5914651488525375,False
PR-001696,2024-03-17,Parceria,Rio de Janeiro,RJ,Casa,347864.48,190226.21,120.0,605.0,54.0,4163.44,0.0,CONS-013,5.0,Documentação pendente,32.0,,,0.5468399935515118,False
PR-001697,2024-09-04,Organico,Rio de Janeiro,RJ,Sala comercial,345837.04,187314.16,180.0,729.0,37.0,10521.96,0.0,CONS-021,6.0,Contratada,27.0,2024-06-05,1.5,0.5416255008428248,True
PR-001698,2025-08-04,Mídia paga,Rio de Janeiro,RJ,Apartamento,386072.53,210904.08,180.0,763.0,38.0,3344.86,0.0,CONS-021,3.0,Sem retorno,29.0,,,0.5462809798977409,False
PR-001699,2025-12-07,Indicação,Salvador,BA,Apartamento,1029676.55,406422.08,240.0,607.0,21.0,9828.51,1.0,CONS-019,3.0,Desistiu,23.0,,,0.39470849365269123,False
PR-001700,2024-05-10,Indicação,Recife,PE,Apartamento,927682.04,291332.43,180.0,562.0,44.0,2995.87,0.0,CONS-003,5.0,Desistiu,29.0,,,0.3140434086661848,False
PR-001701,2024-08-16,Organico,São Paulo,SP,Apartamento,835902.61,433825.13,60.0,765.0,55.0,2512.59,0.0,CONS-025,3.0,Sem retorno,28.0,,,0.5189900411963063,False
PR-001702,2025-02-05,Organico,Santos,SP,Apartamento,1006475.31,472517.52,240.0,605.0,24.0,12750.36,0.0,CONS-023,2.0,Sem retorno,19.0,,,0.46947750760026097,False
PR-001703,2025-04-20,Indicação,Porto Alegre,RS,Apartamento,1041524.26,389677.41,240.0,758.0,21.0,4302.86,0.0,CONS-011,6.0,Contratada,36.0,2025-05-26,1.12,0.37414146262901254,True
PR-001704,2024-06-16,Correspondente,Rio de Janeiro,RJ,Casa,1125107.2,649655.93,84.0,687.0,31.0,3355.9,0.0,CONS-010,4.0,Sem retorno,25.0,,,0.5774169163613921,False
PR-001705,2024-11-15,Organico,Belo Horizonte,MG,Apartamento,605146.12,339637.7,240.0,794.0,43.0,6025.83,1.0,CONS-021,6.0,Contratada,9.0,2024-11-24,1.51,0.5612490748515416,True
PR-001706,2024-12-09,Parceria,Florianópolis,SC,Casa,463221.08,213645.69,120.0,784.0,41.0,16741.51,0.0,CONS-028,4.0,Problema garantia,29.0,,,0.4612175464898963,False
PR-001707,2025-01-20,Mídia paga,Rio de Janeiro,RJ,Sala comercial,1222867.35,466222.44,60.0,689.0,50.0,1800.0,0.0,CONS-002,3.0,Desistiu,35.0,,,0.38125348591570457,False
PR-001708,2025-02-25,Mídia paga,Campinas,SP,Apartamento,444950.41,308571.23,120.0,660.0,47.0,5886.84,1.0,CONS-004,2.0,Desistiu,38.0,,,0.6934957763045999,False
PR-001709,2025-08-25,Organico,Santos,SP,Apartamento,282451.89,96436.86,120.0,652.0,36.0,8202.4,0.0,CONS-007,2.0,Sem retorno,25.0,,,0.34142756134504887,False
PR-001710,2025-12-03,Indicação,Curitiba,PR,Sala comercial,542541.84,286716.19,180.0,714.0,39.0,7811.77,1.0,CONS-001,1.0,Desistiu,38.0,,,0.5284683481738478,False
PR-001711,2025-01-25,Correspondente,Curitiba,PR,Apartamento,568248.15,303798.59,84.0,668.0,49.0,1879.69,0.0,CONS-015,6.0,Contratada,58.0,2025-03-24,1.6,0.5346231043603046,True
PR-001712,2024-10-23,Correspondente,Curitiba,PR,Apartamento,770976.29,545395.28,84.0,697.0,49.0,5353.33,0.0,CONS-008,5.0,Documentação pendente,28.0,,,0.7074086286103558,False
PR-001713,2024-11-03,Indicação,Belo Horizonte,MG,Apartamento,661518.03,293094.29,180.0,719.0,53.0,2328.49,0.0,CONS-004,5.0,Documentação pendente,32.0,,,0.4430631920947037,False
PR-001714,2024-02-14,Parceria,Belo Horizonte,MG,Apartamento,448378.44,276761.17,84.0,820.0,27.0,2263.64,0.0,CONS-019,6.0,Contratada,39.0,2024-03-24,1.35,0.6172490586300269,True
PR-001715,2024-09-22,Indicação,Salvador,BA,Apartamento,341475.79,184557.82,180.0,844.0,51.0,7993.01,0.0,CONS-009,3.0,Sem retorno,41.0,,,0.5404711707380486,False
PR-001716,2025-06-05,Mídia paga,Salvador,BA,Sala comercial,455347.14,223685.33,240.0,695.0,31.0,6190.63,0.0,CONS-020,3.0,Reprovada crédito,25.0,,,0.49124131975441854,False
PR-001718,2025-03-18,Organico,Salvador,BA,Apartamento,541686.32,308175.44,180.0,718.0,44.0,4109.06,0.0,CONS-027,3.0,Desistiu,21.0,,,0.568918631727676,False
PR-001719,2024-12-19,Parceria,Campinas,SP,Apartamento,403999.0,185952.09,60.0,744.0,41.0,3889.74,0.0,CONS-014,3.0,Reprovada crédito,31.0,,,0.46027858979848957,False
PR-001720,2024-09-22,Organico,São Paulo,SP,Casa,977482.4,604412.18,240.0,686.0,36.0,3523.78,1.0,CONS-030,6.0,Contratada,15.0,2024-07-10,1.42,0.6183356140223087,True
PR-001721,2025-04-15,Mídia paga,Goiânia,GO,Apartamento,1025338.85,334175.21,180.0,808.0,42.0,5109.53,1.0,CONS-020,6.0,Contratada,30.0,2025-05-15,1.18,0.3259168517802676,True
PR-001722,2025-08-18,Correspondente,Goiânia,GO,Casa,769625.02,481092.37,84.0,634.0,37.0,8157.74,0.0,CONS-020,3.0,Sem retorno,16.0,,,0.6250997011505681,False
PR-001723,2025-06-24,Parceria,Belo Horizonte,MG,Apartamento,795232.36,393639.3,180.0,673.0,39.0,4952.93,0.0,CONS-003,3.0,Desistiu,30.0,,,0.49499909686773813,False
PR-001724,2025-10-21,Indicação,Porto Alegre,RS,Apartamento,704890.31,337776.63,120.0,726.0,45.0,4103.81,0.0,CONS-022,3.0,Desistiu,12.0,,,0.47919034381391906,False
PR-001725,2025-05-26,Indicação,Porto Alegre,RS,Casa,317825.46,131130.88,240.0,621.0,40.0,6172.64,0.0,CONS-007,6.0,Contratada,16.0,2025-11-06,1.36,0.4125877140239174,True
PR-001726,2025-03-01,Indicação,Campinas,SP,Sala comercial,718142.21,335971.9,60.0,712.0,34.0,7178.8,0.0,CONS-014,3.0,Desistiu,18.0,,,0.4678347760675424,False
PR-001727,2025-05-02,Organico,São Paulo,SP,Apartamento,613173.35,482835.84,120.0,649.0,38.0,3744.74,0.0,CONS-015,4.0,Sem retorno,45.0,,,0.7874377449704885,False
PR-001728,2024-05-21,Indicação,Florianópolis,SC,Apartamento,1629637.33,1140445.37,60.0,856.0,37.0,3754.76,1.0,CONS-028,3.0,Desistiu,12.0,,,0.6998154429857102,False
PR-001729,2024-09-14,Correspondente,Belo Horizonte,MG,Apartamento,798364.33,468974.28,60.0,760.0,32.0,2478.71,1.0,CONS-024,4.0,Sem retorno,48.0,,,0.5874188792978765,False
PR-001730,2024-07-28,Mídia paga,São Paulo,SP,Casa,317204.01,199186.56,120.0,593.0,39.0,2853.07,1.0,CONS-027,2.0,Desistiu,7.0,,,0.6279446467275114,False
PR-001731,2025-06-02,Mídia paga,Salvador,BA,Casa,636923.19,272270.96,60.0,510.0,46.0,4923.96,0.0,CONS-018,3.0,Sem retorno,41.0,,,0.42747848449355413,False
PR-001732,2024-08-19,Parceria,Curitiba,PR,Casa,917952.91,347578.18,60.0,668.0,47.0,2700.42,0.0,CONS-018,3.0,Sem retorno,22.0,,,0.378644891490131,False
PR-001733,2025-04-26,Organico,Goiânia,GO,Apartamento,2234334.12,1411449.81,120.0,808.0,45.0,2498.9,0.0,CONS-012,4.0,Problema garantia,27.0,,,0.6317093747823177,False
PR-001734,2024-09-18,Organico,Santos,SP,Apartamento,642877.99,361784.0,180.0,486.0,62.0,16046.24,0.0,CONS-013,4.0,Sem retorno,22.0,,,0.562756861531377,False
PR-001735,2025-05-24,Organico,Campinas,SP,Apartamento,430785.33,220066.62,60.0,665.0,57.0,3489.39,1.0,CONS-010,3.0,Desistiu,8.0,,,0.5108498471849076,False
PR-001738,2024-10-19,Mídia paga,Salvador,BA,Apartamento,297727.91,115676.67,120.0,667.0,44.0,2143.54,0.0,CONS-008,3.0,Reprovada crédito,19.0,,,0.38853149508220447,False
PR-001739,2024-12-11,Mídia paga,São Paulo,SP,Sala comercial,488672.22,224456.3,180.0,658.0,40.0,7627.72,0.0,CONS-012,6.0,Contratada,48.0,2024-12-30,1.42,0.4593187228854548,True
PR-001740,2025-07-04,Parceria,Belo Horizonte,MG,Apartamento,2180311.22,1722445.86,240.0,690.0,46.0,3220.29,0.0,CONS-022,2.0,Reprovada crédito,35.0,,,0.7899999982571295,False
PR-001741,2024-04-10,Parceria,Curitiba,PR,Imóvel rural,276473.73,168297.44,180.0,774.0,50.0,9554.14,1.0,CONS-001,5.0,Documentação pendente,57.0,,,0.6087285037894921,False
PR-001742,2025-11-12,Correspondente,Goiânia,GO,Apartamento,825269.45,457242.97,180.0,652.0,42.0,12674.05,0.0,CONS-028,2.0,Desistiu,32.0,,,0.5540529459802492,False
PR-001744,2025-11-03,Correspondente,Santos,SP,Sala comercial,871151.32,259051.9,84.0,789.0,42.0,3837.42,0.0,CONS-010,3.0,Sem retorno,19.0,,,0.29736728172552157,False
PR-001745,2024-02-11,Correspondente,Belo Horizonte,MG,Sala comercial,428807.05,227300.57,60.0,679.0,41.0,6791.02,0.0,CONS-005,2.0,Reprovada crédito,17.0,,,0.5300765694034182,False
PR-001746,2025-05-06,Parceria,Recife,PE,Casa,821429.94,221311.37,120.0,653.0,41.0,7290.04,0.0,CONS-017,2.0,Desistiu,27.0,,,0.2694220885106769,False
PR-001747,2024-10-03,Correspondente,Curitiba,PR,Casa,754903.33,327801.69,180.0,734.0,39.0,6092.73,0.0,CONS-004,2.0,Desistiu,33.0,,,0.4342300225381176,False
PR-001748,2024-10-28,Correspondente,Campinas,SP,Apartamento,380506.08,158261.13,84.0,713.0,29.0,7981.14,1.0,CONS-015,1.0,Desistiu,14.0,,,0.41592273637256993,False
PR-001749,2025-06-27,Indicação,Salvador,BA,Casa,1563742.43,971333.05,84.0,700.0,42.0,3265.1,0.0,CONS-027,4.0,Problema garantia,37.0,,,0.6211592340050529,False
PR-001750,2025-02-22,Mídia paga,Porto Alegre,RS,Apartamento,1787422.98,1284769.74,180.0,659.0,49.0,7379.13,0.0,CONS-003,6.0,Contratada,46.0,2025-09-04,1.25,0.7187832731119973,True
PR-001751,2025-09-03,Organico,Florianópolis,SC,Apartamento,427932.92,241828.37,180.0,743.0,47.0,7757.12,0.0,CONS-013,5.0,Desistiu,11.0,,,0.5651081248902281,False
PR-001752,2024-12-20,Mídia paga,Curitiba,PR,Sala comercial,556959.65,146650.16,180.0,774.0,51.0,10296.5,0.0,CONS-019,5.0,Documentação pendente,36.0,,,0.2633048192988487,False
PR-001753,2025-04-20,Parceria,Goiânia,GO,Apartamento,564641.55,280385.47,240.0,710.0,34.0,11620.24,0.0,CONS-004,4.0,Problema garantia,17.0,,,0.4965725069293961,False
PR-001754,2025-02-04,Parceria,São Paulo,SP,Apartamento,1417148.7,676012.6,84.0,804.0,59.0,6392.38,1.0,CONS-008,3.0,Reprovada crédito,22.0,,,0.47702305340293505,False
PR-001755,2024-10-17,Organico,Campinas,SP,Apartamento,308814.69,100727.09,240.0,646.0,29.0,7469.24,0.0,CONS-008,4.0,Sem retorno,42.0,,,0.3261732464864285,False
PR-001756,2025-10-31,Mídia paga,São Paulo,SP,Apartamento,704155.9,357593.78,60.0,621.0,52.0,4281.43,0.0,CONS-021,1.0,Desistiu,30.0,,,0.5078332511308931,False
PR-001757,2024-05-11,Correspondente,Recife,PE,Apartamento,1063649.94,445293.31,180.0,692.0,39.0,6382.78,1.0,CONS-030,3.0,Desistiu,31.0,,,0.4186464862678411,False
PR-001759,2024-10-05,Indicação,Curitiba,PR,Casa,951399.69,401206.48,84.0,720.0,32.0,12438.96,0.0,CONS-030,4.0,Problema garantia,30.0,,,0.42170129359617514,False
PR-001760,2025-06-15,Mídia paga,Rio de Janeiro,RJ,Apartamento,1274889.84,724301.23,180.0,679.0,35.0,6457.51,0.0,CONS-013,3.0,Sem retorno,28.0,,,0.5681284823793089,False
PR-001761,2024-12-11,Mídia paga,Santos,SP,Casa,853262.62,387305.72,120.0,620.0,51.0,6568.79,1.0,CONS-004,4.0,Sem retorno,43.0,,,0.45391150499479277,False
PR-001762,2024-12-16,Mídia paga,Goiânia,GO,Casa,688346.41,342535.78,240.0,612.0,34.0,5507.56,0.0,CONS-030,3.0,Sem retorno,26.0,,,0.4976212195252097,False
PR-001763,2025-04-04,Parceria,Campinas,SP,Apartamento,927064.79,390047.52,240.0,609.0,35.0,13461.04,0.0,CONS-005,2.0,Desistiu,18.0,,,0.4207338302644414,False
PR-001764,2025-11-09,Indicação,Santos,SP,Casa,839823.26,453878.9,84.0,659.0,27.0,4880.51,1.0,CONS-002,3.0,Desistiu,40.0,,,0.5404457361659643,False
PR-001765,2025-07-03,Correspondente,Belo Horizonte,MG,Sala comercial,794357.25,263010.05,84.0,629.0,44.0,8583.42,0.0,CONS-013,3.0,Desistiu,35.0,,,0.3310979411341685,False
PR-001766,2024-10-13,Organico,Santos,SP,Casa,429215.74,222438.44,120.0,788.0,39.0,6472.51,1.0,CONS-003,2.0,Reprovada crédito,24.0,,,0.518243902239,False
PR-001767,2024-06-12,Mídia paga,São Paulo,SP,Casa,1864685.63,816412.15,240.0,688.0,41.0,3486.25,1.0,CONS-017,4.0,Problema garantia,36.0,,,0.4378283056753111,False
PR-001768,2024-09-10,Parceria,Rio de Janeiro,RJ,Sala comercial,761298.84,441211.54,180.0,679.0,46.0,8576.08,0.0,CONS-011,4.0,Problema garantia,38.0,,,0.5795510472602322,False
PR-001769,2025-12-03,Organico,Brasília,DF,Sala comercial,699667.8,279855.77,120.0,554.0,42.0,4598.26,0.0,CONS-029,6.0,Contratada,40.0,2025-04-21,1.16,0.3999837780157955,True
PR-001770,2024-12-27,Organico,Campinas,SP,Imóvel rural,1535062.16,867778.89,180.0,641.0,62.0,3784.07,1.0,CONS-003,2.0,Sem retorno,22.0,,,0.5653053749953683,False
PR-001771,2025-03-15,Mídia paga,Salvador,BA,Apartamento,523602.69,344470.6,180.0,754.0,25.0,14389.74,0.0,CONS-023,4.0,Sem retorno,35.0,,,0.6578854665548032,False
PR-001772,2024-11-06,Mídia paga,Salvador,BA,Apartamento,551018.57,200942.06,84.0,795.0,28.0,2872.69,0.0,CONS-006,4.0,Problema garantia,41.0,,,0.3646738439323379,False
PR-001773,2025-09-18,Correspondente,Porto Alegre,RS,Apartamento,552481.28,243811.02,60.0,716.0,43.0,1800.0,1.0,CONS-013,4.0,Sem retorno,40.0,,,0.4413018663727393,False
PR-001774,2024-12-20,Parceria,Salvador,BA,Apartamento,1565732.74,915902.45,180.0,696.0,40.0,2721.52,0.0,CONS-028,3.0,Desistiu,20.0,,,0.5849672978033275,False
PR-001775,2025-02-14,Correspondente,Porto Alegre,RS,Apartamento,780279.85,301068.84,180.0,691.0,48.0,3476.91,0.0,CONS-001,3.0,Desistiu,27.0,,,0.3858472572372592,False
PR-001776,2024-06-30,Correspondente,Curitiba,PR,Apartamento,1204278.5,606586.53,180.0,771.0,34.0,3416.62,0.0,CONS-019,3.0,Reprovada crédito,33.0,,,0.5036928999396735,False
PR-001777,2025-12-10,Parceria,Campinas,SP,Apartamento,2443927.73,798540.66,240.0,756.0,55.0,3854.09,0.0,CONS-019,5.0,Documentação pendente,25.0,,,0.32674479289942016,False
PR-001778,2025-02-27,Correspondente,Porto Alegre,RS,Sala comercial,290758.04,127427.71,60.0,743.0,47.0,6747.17,0.0,CONS-002,4.0,Problema garantia,29.0,,,0.43826031431495416,False
PR-001780,2025-03-01,Correspondente,Belo Horizonte,MG,Casa,900781.26,475187.82,240.0,557.0,57.0,5587.89,1.0,CONS-014,4.0,Sem retorno,44.0,,,0.5275285367282174,False
PR-001781,2025-02-25,Correspondente,Campinas,SP,Sala comercial,510396.02,151005.72,60.0,707.0,44.0,8289.28,0.0,CONS-011,6.0,Contratada,51.0,2025-04-17,1.48,0.2958599089389451,True
PR-001782,2025-03-04,Organico,Florianópolis,SC,Casa,856339.84,518251.5,180.0,707.0,48.0,5207.54,1.0,CONS-028,2.0,Reprovada crédito,15.0,,,0.6051937277611655,False
PR-001783,2025-01-27,Mídia paga,Belo Horizonte,MG,Casa,383285.88,226640.0,84.0,646.0,59.0,7357.58,0.0,CONS-009,3.0,Sem retorno,26.0,,,0.5913079813949839,False
PR-001784,2024-10-28,Organico,Goiânia,GO,Casa,733874.23,331110.44,120.0,733.0,60.0,5757.41,0.0,CONS-021,6.0,Contratada,31.0,2024-11-28,1.34,0.4511814510777957,True
PR-001785,2025-02-16,Organico,Campinas,SP,Apartamento,663924.06,243175.35,120.0,670.0,45.0,16242.94,0.0,CONS-022,6.0,Contratada,63.0,2025-04-20,1.52,0.36626982610029224,True
PR-001786,2024-11-28,Organico,Campinas,SP,Apartamento,1006144.22,701135.2,180.0,652.0,47.0,9471.22,0.0,CONS-014,4.0,Problema garantia,32.0,,,0.6968535783070939,False
PR-001787,2025-03-18,Correspondente,Santos,SP,Casa,588545.55,251427.78,60.0,666.0,29.0,6463.65,0.0,CONS-011,4.0,Sem retorno,44.0,,,0.4272019047633611,False
PR-001788,2025-01-13,Parceria,Rio de Janeiro,RJ,Casa,1365576.76,770396.31,60.0,649.0,40.0,11259.14,0.0,CONS-023,6.0,Contratada,35.0,2025-02-17,1.23,0.5641545261798392,True
PR-001789,2024-08-24,Correspondente,São Paulo,SP,Apartamento,478038.54,261849.54,84.0,750.0,39.0,7226.32,0.0,CONS-027,3.0,Desistiu,32.0,,,0.5477582204982887,False
PR-001791,2024-10-17,Correspondente,Recife,PE,Casa,884093.4,408455.61,84.0,668.0,49.0,2812.03,0.0,CONS-018,3.0,Desistiu,41.0,,,0.46200504381098195,False
PR-001792,2025-02-23,Mídia paga,Goiânia,GO,Casa,550366.24,268526.25,60.0,691.0,32.0,3763.96,0.0,CONS-017,6.0,Contratada,45.0,2025-09-04,1.19,0.4879046541808233,True
PR-001793,2024-12-25,Indicação,Recife,PE,Apartamento,414575.44,199924.23,240.0,617.0,29.0,3008.33,0.0,CONS-012,6.0,Contratada,15.0,2025-09-01,1.35,0.4822384799253907,True
PR-001794,2024-10-20,Parceria,Campinas,SP,Sala comercial,588216.5,274978.18,120.0,668.0,26.0,7159.58,1.0,CONS-025,6.0,Contratada,20.0,2024-09-11,1.16,0.4674778419170492,True
PR-001795,2024-07-25,Indicação,Rio de Janeiro,RJ,Apartamento,901644.94,519952.46,84.0,702.0,21.0,9018.98,0.0,CONS-020,6.0,Contratada,58.0,2024-09-21,1.46,0.5766709676205802,True
PR-001796,2024-04-12,Correspondente,Recife,PE,Casa,578593.78,193342.43,180.0,667.0,46.0,4885.89,0.0,CONS-022,3.0,Reprovada crédito,25.0,,,0.33415919196366056,False
PR-001797,2024-07-14,Mídia paga,São Paulo,SP,Apartamento,644745.5,290911.41,240.0,643.0,57.0,17970.87,0.0,CONS-023,5.0,Documentação pendente,49.0,,,0.45120347485946,False
PR-001798,2025-02-02,Organico,Goiânia,GO,Casa,768750.22,354892.42,60.0,705.0,23.0,2774.04,0.0,CONS-019,4.0,Problema garantia,40.0,,,0.4616485443087093,False
PR-001800,2025-08-05,Mídia paga,Recife,PE,Apartamento,1084996.2,430292.27,180.0,537.0,21.0,7272.68,0.0,CONS-004,2.0,Sem retorno,14.0,,,0.3965841262854193,False
PR-001802,2024-11-12,Correspondente,Curitiba,PR,Sala comercial,1059089.19,475715.25,84.0,576.0,44.0,5939.52,0.0,CONS-007,4.0,Problema garantia,40.0,,,0.44917392651321464,False
PR-001804,2025-04-29,Mídia paga,Brasília,DF,Apartamento,796870.74,547278.9,60.0,632.0,38.0,4107.26,0.0,CONS-017,5.0,Desistiu,38.0,,,0.6867850361778876,False
PR-001805,2024-10-25,Mídia paga,Rio de Janeiro,RJ,Apartamento,1162240.74,618574.13,120.0,689.0,41.0,6333.63,1.0,CONS-016,6.0,Contratada,9.0,2024-03-11,1.19,0.532225475076704,True
PR-001806,2025-06-01,Mídia paga,Porto Alegre,RS,Casa,1254822.87,490709.74,120.0,571.0,33.0,13416.23,1.0,CONS-029,6.0,Contratada,24.0,2025-01-30,1.42,0.39105897073743956,True
PR-001807,2025-02-12,Organico,Brasília,DF,Apartamento,315221.82,166870.68,180.0,691.0,23.0,10682.98,0.0,CONS-015,4.0,Sem retorno,39.0,,,0.5293754093545935,False
PR-001808,2024-10-21,Parceria,Goiânia,GO,Sala comercial,625951.86,320658.51,60.0,635.0,46.0,9945.43,1.0,CONS-018,6.0,Contratada,42.0,2024-02-12,1.26,0.5122734358517602,True
PR-001809,2024-03-17,Organico,Salvador,BA,Casa,377037.01,203555.98,84.0,532.0,31.0,6271.43,0.0,CONS-025,5.0,Documentação pendente,32.0,,,0.5398832862588211,False
PR-001810,2024-03-09,Indicação,Goiânia,GO,Casa,1347813.75,727115.88,84.0,772.0,38.0,12393.84,0.0,CONS-010,3.0,Reprovada crédito,29.0,,,0.5394780102221097,False
PR-001811,2025-07-13,Correspondente,Recife,PE,Apartamento,483590.26,310533.5,84.0,802.0,40.0,6249.24,0.0,CONS-003,6.0,Contratada,21.0,2025-03-08,1.27,0.6421417586036575,True
PR-001812,2025-02-23,Correspondente,Belo Horizonte,MG,Casa,310425.73,109874.03,180.0,791.0,37.0,7429.2,0.0,CONS-002,1.0,Sem retorno,7.0,,,0.3539462724304458,False
PR-001813,2025-08-26,Correspondente,Campinas,SP,Apartamento,1410326.02,508687.59,84.0,755.0,33.0,6798.86,0.0,CONS-024,2.0,Desistiu,43.0,,,0.3606879422106954,False
PR-001814,2025-02-02,Parceria,Santos,SP,Casa,618727.43,369745.74,240.0,697.0,37.0,11550.12,0.0,CONS-007,3.0,Sem retorno,48.0,,,0.5975906709033411,False
PR-001815,2025-01-17,Mídia paga,Brasília,DF,Casa,586163.95,298215.46,180.0,570.0,35.0,5225.9,0.0,CONS-012,3.0,Sem retorno,32.0,,,0.5087577630797664,False
PR-001816,2025-09-26,Correspondente,Campinas,SP,Apartamento,228128.2,97809.69,84.0,686.0,36.0,3203.15,0.0,CONS-023,3.0,Desistiu,32.0,,,0.42874879124983234,False
PR-001817,2025-06-01,Correspondente,São Paulo,SP,Apartamento,578404.7,332822.07,240.0,620.0,28.0,2192.16,0.0,CONS-022,3.0,Desistiu,33.0,,,0.5754138408626348,False
PR-001818,2025-04-04,Organico,Rio de Janeiro,RJ,Apartamento,379121.1,182444.95,180.0,753.0,45.0,5363.82,0.0,CONS-007,3.0,Reprovada crédito,36.0,,,0.4812313268768212,False
PR-001819,2024-12-18,Correspondente,Porto Alegre,RS,Casa,993213.43,311810.06,180.0,570.0,67.0,7246.75,0.0,CONS-001,6.0,Contratada,46.0,2025-02-02,1.27,0.31394064013008766,True
PR-001820,2024-11-11,Indicação,Goiânia,GO,Casa,760152.0,276988.78,84.0,699.0,62.0,3051.32,0.0,CONS-005,6.0,Contratada,61.0,2025-11-01,1.11,0.36438604384386286,True
PR-001821,2025-01-27,Organico,Belo Horizonte,MG,Casa,631017.28,359703.39,120.0,693.0,40.0,4687.17,0.0,CONS-017,6.0,Contratada,56.0,2025-03-24,1.28,0.5700373054760085,True
PR-001822,2025-04-01,Mídia paga,Belo Horizonte,MG,Casa,891269.61,538311.93,180.0,598.0,39.0,5650.7,0.0,CONS-004,4.0,Sem retorno,40.0,,,0.6039832660736633,False
PR-001823,2025-02-24,Indicação,Florianópolis,SC,Casa,977543.85,531441.4,84.0,701.0,47.0,7129.65,0.0,CONS-029,4.0,Sem retorno,37.0,,,0.5436496787330819,False
PR-001825,2025-08-29,Indicação,Goiânia,GO,Apartamento,1779905.92,711405.25,84.0,591.0,50.0,4537.46,0.0,CONS-023,3.0,Reprovada crédito,25.0,,,0.39968699581604855,False
PR-001826,2024-10-07,Mídia paga,Porto Alegre,RS,Casa,741455.46,376508.02,180.0,643.0,34.0,5753.32,0.0,CONS-001,2.0,Sem retorno,27.0,,,0.5077958694916078,False
PR-001827,2025-07-07,Correspondente,Porto Alegre,RS,Casa,631930.23,211365.96,120.0,544.0,43.0,7936.79,1.0,CONS-021,3.0,Desistiu,24.0,,,0.3344767348762537,False
PR-001828,2024-12-08,Parceria,São Paulo,SP,Apartamento,471035.4,139369.3,180.0,790.0,47.0,7164.66,0.0,CONS-024,1.0,Desistiu,6.0,,,0.2958786112466281,False
PR-001829,2025-09-27,Mídia paga,Porto Alegre,RS,Apartamento,960385.45,420411.53,120.0,746.0,55.0,2890.61,0.0,CONS-019,2.0,Desistiu,13.0,,,0.4377529147281438,False
PR-001830,2024-08-06,Mídia paga,Campinas,SP,Apartamento,629412.06,182327.66,84.0,599.0,33.0,6830.41,1.0,CONS-028,4.0,Problema garantia,29.0,,,0.2896793239074574,False
PR-001831,2024-05-17,Organico,Rio de Janeiro,RJ,Casa,608221.59,319297.44,120.0,578.0,30.0,1906.62,0.0,CONS-009,4.0,Problema garantia,31.0,,,0.5249689344306242,False
PR-001832,2025-07-27,Organico,Campinas,SP,Casa,377624.41,183032.72,84.0,743.0,51.0,5330.13,0.0,CONS-030,4.0,Sem retorno,23.0,,,0.48469514987127027,False
PR-001833,2024-09-12,Mídia paga,Belo Horizonte,MG,Casa,532699.64,309773.88,180.0,613.0,59.0,3396.29,0.0,CONS-021,3.0,Desistiu,26.0,,,0.581516968924552,False
PR-001834,2025-02-01,Organico,Salvador,BA,Apartamento,648870.64,358983.79,120.0,571.0,50.0,17193.63,0.0,CONS-020,4.0,Sem retorno,22.0,,,0.5532440025333862,False
PR-001835,2025-03-03,Correspondente,Recife,PE,Casa,1266424.56,348953.2,84.0,595.0,31.0,3303.01,1.0,CONS-029,2.0,Sem retorno,45.0,,,0.27554203465542393,False
PR-001836,2025-01-18,Parceria,Campinas,SP,Sala comercial,765213.5,345860.55,60.0,704.0,27.0,8837.48,0.0,CONS-010,6.0,Contratada,32.0,2025-02-19,1.4,0.45197915353035456,True
PR-001837,2024-07-12,Correspondente,Campinas,SP,Apartamento,498523.46,174319.9,120.0,664.0,39.0,8500.2,0.0,CONS-020,6.0,Contratada,50.0,2025-01-26,1.38,0.3496724106023014,True
PR-001839,2024-09-16,Mídia paga,Salvador,BA,Sala comercial,831654.08,433599.38,240.0,417.0,41.0,2727.18,1.0,CONS-007,4.0,Problema garantia,31.0,,,0.5213698705115474,False
PR-001840,2024-11-06,Correspondente,Porto Alegre,RS,Casa,777780.24,476321.59,84.0,626.0,37.0,4614.33,1.0,CONS-005,3.0,Sem retorno,28.0,,,0.6124115341372005,False
PR-001842,2025-04-30,Parceria,Curitiba,PR,Sala comercial,938021.41,582224.76,84.0,703.0,61.0,3239.97,0.0,CONS-006,3.0,Sem retorno,27.0,,,0.6206945319083922,False
PR-001843,2024-07-26,Parceria,Brasília,DF,Apartamento,528739.16,246332.62,240.0,653.0,26.0,3576.88,0.0,CONS-019,6.0,Contratada,39.0,2024-03-09,1.24,0.465886846739326,True
PR-001844,2025-01-25,Organico,São Paulo,SP,Apartamento,808539.67,384909.07,180.0,601.0,34.0,10129.49,0.0,CONS-016,3.0,Reprovada crédito,19.0,,,0.47605465047868334,False
PR-001845,2025-04-20,Correspondente,Recife,PE,Casa,524274.33,195816.31,240.0,782.0,34.0,5821.64,0.0,CONS-028,6.0,Contratada,32.0,2025-05-22,1.31,0.37349970958906187,True
PR-001846,2024-10-16,Correspondente,Curitiba,PR,Apartamento,406198.27,122653.28,60.0,667.0,59.0,2972.64,0.0,CONS-020,6.0,Contratada,30.0,2024-11-15,1.41,0.30195421561002705,True
PR-001848,2025-01-16,Mídia paga,Brasília,DF,Apartamento,578991.56,392220.52,180.0,770.0,42.0,4176.27,0.0,CONS-018,4.0,Problema garantia,29.0,,,0.6774200991807203,False
PR-001849,2025-02-18,Mídia paga,Rio de Janeiro,RJ,Apartamento,544289.54,275981.88,240.0,695.0,49.0,9312.56,1.0,CONS-023,2.0,Desistiu,20.0,,,0.5070497588471018,False
PR-001850,2025-02-02,Correspondente,Campinas,SP,Apartamento,425582.8,139324.96,84.0,613.0,43.0,5051.72,0.0,CONS-005,2.0,Sem retorno,49.0,,,0.3273745085562668,False
PR-001851,2024-10-13,Parceria,Rio de Janeiro,RJ,Apartamento,1117004.81,672745.11,60.0,758.0,50.0,6186.48,0.0,CONS-010,6.0,Contratada,28.0,2024-10-11,1.29,0.6022759293220948,True
PR-001852,2024-09-19,Organico,Porto Alegre,RS,Casa,445182.74,178494.88,120.0,678.0,43.0,5030.75,0.0,CONS-011,3.0,Reprovada crédito,41.0,,,0.4009474401455906,False
PR-001853,2025-10-18,Correspondente,Santos,SP,Casa,790612.73,303787.19,60.0,642.0,31.0,4039.76,0.0,CONS-005,5.0,Desistiu,30.0,,,0.38424272525943265,False
PR-001854,2025-02-22,Organico,Porto Alegre,RS,Casa,217836.86,109273.04,240.0,658.0,53.0,5800.53,0.0,CONS-021,6.0,Contratada,53.0,2025-04-16,1.41,0.5016278695901144,True
PR-001855,2025-03-23,Mídia paga,São Paulo,SP,Apartamento,318091.49,158576.35,84.0,700.0,35.0,3342.76,0.0,CONS-008,2.0,Reprovada crédito,48.0,,,0.49852433964831944,False
PR-001856,2024-09-09,Organico,Santos,SP,Sala comercial,1255205.01,742022.92,60.0,635.0,42.0,5054.27,0.0,CONS-030,2.0,Reprovada crédito,22.0,,,0.5911567545448213,False
PR-001857,2024-04-24,Parceria,Goiânia,GO,Apartamento,688130.3,247287.76,120.0,610.0,47.0,13408.32,1.0,CONS-012,4.0,Sem retorno,49.0,,,0.3593618243521612,False
PR-001858,2024-12-19,Mídia paga,Salvador,BA,Apartamento,1062499.33,289227.05,120.0,870.0,27.0,5363.71,1.0,CONS-006,6.0,Contratada,30.0,2025-01-18,1.17,0.2722138657725083,True
PR-001859,2025-12-03,Mídia paga,Goiânia,GO,Casa,1146226.31,581173.87,120.0,585.0,36.0,6158.73,0.0,CONS-027,6.0,Contratada,50.0,2025-01-05,1.59,0.5070323939781142,True
PR-001860,2025-11-01,Organico,Brasília,DF,Casa,727796.26,265430.89,240.0,628.0,24.0,3190.97,1.0,CONS-009,4.0,Problema garantia,51.0,,,0.3647049381649749,False
PR-001861,2024-12-15,Mídia paga,Rio de Janeiro,RJ,Casa,1411204.09,536610.8,84.0,648.0,59.0,3103.43,0.0,CONS-017,6.0,Contratada,51.0,2025-04-02,1.11,0.3802503151758864,True
PR-001862,2025-09-04,Correspondente,Rio de Janeiro,RJ,Casa,412188.01,229355.75,60.0,750.0,43.0,2784.48,0.0,CONS-017,4.0,Problema garantia,25.0,,,0.5564347929480045,False
PR-001863,2024-07-11,Parceria,Salvador,BA,Casa,798835.22,444259.59,84.0,634.0,35.0,4568.2,1.0,CONS-006,5.0,Desistiu,32.0,,,0.5561342049991237,False
PR-001864,2025-11-02,Organico,Salvador,BA,Sala comercial,696791.95,426704.49,120.0,798.0,50.0,5949.57,0.0,CONS-008,4.0,Sem retorno,24.0,,,0.6123843566218008,False
PR-001865,2025-07-25,Correspondente,Salvador,BA,Apartamento,759280.02,337418.91,180.0,750.0,31.0,2071.37,0.0,CONS-030,1.0,Desistiu,25.0,,,0.4443932424298482,False
PR-001866,2024-08-29,Correspondente,Campinas,SP,Apartamento,398805.54,213031.26,120.0,585.0,47.0,6101.78,0.0,CONS-014,5.0,Documentação pendente,41.0,,,0.5341732715147338,False
PR-001867,2024-09-30,Correspondente,Recife,PE,Sala comercial,515216.84,282122.21,120.0,600.0,49.0,2444.46,0.0,CONS-027,5.0,Documentação pendente,14.0,,,0.5475795589290133,False
PR-001868,2025-04-19,Parceria,Goiânia,GO,Casa,645382.73,396503.87,120.0,631.0,46.0,3384.94,0.0,CONS-027,6.0,Contratada,31.0,2025-05-20,1.41,0.6143701273196449,True
PR-001871,2024-11-04,Indicação,Santos,SP,Casa,438240.53,258914.56,60.0,620.0,43.0,3519.94,0.0,CONS-006,3.0,Reprovada crédito,20.0,,,0.5908046889227703,False
PR-001872,2024-02-15,Correspondente,Porto Alegre,RS,Sala comercial,898754.14,415504.04,60.0,673.0,28.0,2841.28,0.0,CONS-013,5.0,Desistiu,22.0,,,0.46231112771285815,False
PR-001873,2025-08-17,Organico,Curitiba,PR,Casa,1122325.74,340038.82,60.0,688.0,54.0,5807.23,1.0,CONS-015,4.0,Problema garantia,26.0,,,0.302976941435915,False
PR-001874,2024-02-08,Indicação,Campinas,SP,Apartamento,323325.67,223480.3,240.0,555.0,46.0,3432.37,0.0,CONS-024,5.0,Desistiu,43.0,,,0.6911925675434307,False
PR-001875,2024-04-16,Correspondente,Salvador,BA,Apartamento,1057144.33,466776.24,180.0,549.0,35.0,6196.41,0.0,CONS-025,2.0,Sem retorno,25.0,,,0.4415444767130331,False
PR-001876,2025-01-06,Organico,Santos,SP,Casa,398526.28,185656.13,120.0,592.0,43.0,9317.21,0.0,CONS-022,4.0,Problema garantia,41.0,,,0.46585668076895703,False
PR-001877,2024-11-25,Parceria,Campinas,SP,Sala comercial,946445.02,430843.41,180.0,644.0,41.0,6222.51,1.0,CONS-024,4.0,Sem retorno,47.0,,,0.4552228612286427,False
PR-001878,2024-10-27,Mídia paga,Brasília,DF,Sala comercial,438628.56,179717.34,240.0,571.0,49.0,10987.54,0.0,CONS-013,5.0,Desistiu,24.0,,,0.409725577376904,False
PR-001880,2025-04-10,Parceria,Santos,SP,Casa,540160.89,304978.42,180.0,741.0,59.0,5615.84,1.0,CONS-019,4.0,Problema garantia,37.0,,,0.5646066304430148,False
PR-001881,2025-11-21,Parceria,Salvador,BA,Apartamento,524849.97,217054.1,84.0,608.0,61.0,4214.84,1.0,CONS-005,3.0,Desistiu,27.0,,,0.41355456303065047,False
PR-001882,2024-08-06,Correspondente,Rio de Janeiro,RJ,Apartamento,464839.49,270150.0,84.0,705.0,62.0,7052.21,0.0,CONS-024,3.0,Desistiu,42.0,,,0.5811683512517407,False
PR-001883,2025-01-29,Correspondente,Salvador,BA,Apartamento,1290102.64,618079.24,84.0,691.0,46.0,3266.87,0.0,CONS-024,3.0,Desistiu,25.0,,,0.47909307433089204,False
PR-001884,2024-08-26,Organico,São Paulo,SP,Casa,756362.51,381729.13,120.0,686.0,21.0,5871.62,0.0,CONS-002,4.0,Sem retorno,19.0,,,0.5046907071055121,False
PR-001885,2025-05-14,Organico,Florianópolis,SC,Apartamento,1133317.15,632671.98,84.0,709.0,36.0,4342.88,1.0,CONS-004,3.0,Reprovada crédito,20.0,,,0.5582479538053404,False
PR-001887,2024-08-19,Indicação,São Paulo,SP,Casa,956903.87,416968.62,180.0,664.0,48.0,6069.43,0.0,CONS-020,4.0,Problema garantia,39.0,,,0.43574765770358936,False
PR-001888,2025-02-21,Mídia paga,Porto Alegre,RS,Apartamento,467823.56,215354.74,180.0,642.0,52.0,2949.01,0.0,CONS-003,2.0,Sem retorno,25.0,,,0.4603332504245831,False
PR-001889,2024-11-28,Organico,Porto Alegre,RS,Apartamento,1119237.08,510939.68,84.0,668.0,55.0,9107.43,0.0,CONS-008,3.0,Sem retorno,24.0,,,0.45650710571526093,False
PR-001890,2025-03-27,Mídia paga,Salvador,BA,Apartamento,349727.56,187794.77,120.0,707.0,46.0,2125.65,0.0,CONS-011,3.0,Desistiu,40.0,,,0.5369744666391176,False
PR-001891,2024-04-06,Correspondente,Goiânia,GO,Casa,301723.08,184661.69,120.0,593.0,36.0,6693.14,1.0,CONS-016,2.0,Sem retorno,27.0,,,0.6120237470729782,False
PR-001893,2025-05-31,Correspondente,Belo Horizonte,MG,Casa,975486.61,387142.97,60.0,499.0,42.0,5154.66,0.0,CONS-015,3.0,Sem retorno,19.0,,,0.3968716392734494,False
PR-001894,2025-03-09,Mídia paga,Florianópolis,SC,Apartamento,429987.93,178871.67,240.0,633.0,34.0,3237.42,0.0,CONS-003,3.0,Reprovada crédito,34.0,,,0.4159923047142277,False
PR-001895,2024-11-03,Correspondente,Florianópolis,SC,Casa,980235.2,467452.02,120.0,611.0,34.0,8923.7,1.0,CONS-013,6.0,Contratada,57.0,2024-07-05,1.17,0.4768774065652815,True
PR-001896,2025-09-15,Mídia paga,Brasília,DF,Apartamento,671998.27,301641.05,240.0,730.0,41.0,3203.37,0.0,CONS-013,6.0,Contratada,43.0,2025-10-28,1.12,0.4488717656966587,True
PR-001897,2024-07-29,Mídia paga,Campinas,SP,Apartamento,1676735.13,1031506.9,60.0,652.0,28.0,14719.9,1.0,CONS-013,3.0,Reprovada crédito,35.0,,,0.6151877428607344,False
PR-001898,2025-08-01,Organico,Recife,PE,Casa,533982.61,216293.63,180.0,639.0,42.0,6674.5,0.0,CONS-012,6.0,Contratada,49.0,2025-02-26,1.47,0.4050574418518985,True
PR-001899,2024-04-28,Correspondente,Belo Horizonte,MG,Imóvel rural,1211058.29,492766.19,84.0,581.0,40.0,6879.1,0.0,CONS-024,3.0,Desistiu,48.0,,,0.40688891201099825,False
PR-001900,2024-12-23,Organico,Salvador,BA,Apartamento,497069.42,273902.77,240.0,721.0,57.0,2664.99,0.0,CONS-029,3.0,Desistiu,49.0,,,0.551035245740927,False
PR-001901,2024-06-28,Correspondente,Curitiba,PR,Apartamento,577831.48,240417.66,84.0,685.0,31.0,2246.0,1.0,CONS-028,2.0,Reprovada crédito,20.0,,,0.4160688164653127,False
PR-001902,2025-03-18,Correspondente,Belo Horizonte,MG,Apartamento,381259.83,156759.49,120.0,723.0,39.0,5677.38,1.0,CONS-015,6.0,Contratada,26.0,2025-04-13,1.26,0.41116183155198904,True
PR-001905,2024-06-30,Mídia paga,São Paulo,SP,Apartamento,814005.3,404414.82,240.0,581.0,60.0,10836.64,0.0,CONS-023,1.0,Desistiu,18.0,,,0.4968208683653534,False
PR-001906,2025-02-28,Mídia paga,Curitiba,PR,Apartamento,576299.02,205144.83,84.0,680.0,54.0,5479.79,0.0,CONS-023,4.0,Sem retorno,39.0,,,0.3559694236509373,False
PR-001908,2025-01-03,Organico,Florianópolis,SC,Casa,762298.26,259151.06,120.0,705.0,32.0,7591.49,0.0,CONS-019,4.0,Problema garantia,33.0,,,0.3399601882864064,False
PR-001910,2024-10-13,Mídia paga,Recife,PE,Apartamento,897347.98,500019.4,84.0,735.0,52.0,7701.1,1.0,CONS-007,3.0,Desistiu,24.0,,,0.5572190623307582,False
PR-001911,2024-06-28,Parceria,Porto Alegre,RS,Apartamento,755329.32,383763.88,180.0,621.0,42.0,11088.86,0.0,CONS-004,3.0,Reprovada crédito,29.0,,,0.5080749149258499,False
PR-001912,2024-11-22,Correspondente,Porto Alegre,RS,Casa,265364.98,120535.93,120.0,748.0,38.0,7143.56,0.0,CONS-027,6.0,Contratada,48.0,2025-09-01,1.39,0.4542269669494445,True
PR-001913,2025-04-25,Indicação,Campinas,SP,Sala comercial,857741.45,325397.5,84.0,521.0,48.0,10319.26,0.0,CONS-018,2.0,Sem retorno,32.0,,,0.37936548361980177,False
PR-001914,2024-06-11,Mídia paga,Campinas,SP,Casa,730337.84,351601.34,240.0,619.0,46.0,8466.52,0.0,CONS-026,3.0,Reprovada crédito,50.0,,,0.48142287136594214,False
PR-001915,2024-10-26,Correspondente,São Paulo,SP,Apartamento,857793.06,559718.57,120.0,570.0,38.0,5160.16,0.0,CONS-009,4.0,Sem retorno,42.0,,,0.6525100238045758,False
PR-001916,2024-08-10,Mídia paga,Brasília,DF,Apartamento,303385.38,147246.69,240.0,654.0,35.0,8764.22,0.0,CONS-001,1.0,Sem retorno,30.0,,,0.4853453716194234,False
PR-001917,2025-05-18,Organico,Curitiba,PR,Apartamento,965329.72,249851.83,240.0,744.0,46.0,28624.4,0.0,CONS-004,2.0,Sem retorno,20.0,,,0.25882537833808744,False
PR-001918,2025-03-04,Indicação,Brasília,DF,Apartamento,792555.95,351740.63,60.0,593.0,44.0,4600.83,1.0,CONS-024,3.0,Desistiu,42.0,,,0.4438054247148104,False
PR-001919,2025-01-19,Correspondente,Belo Horizonte,MG,Apartamento,625646.27,372275.28,180.0,749.0,44.0,2705.49,0.0,CONS-007,4.0,Problema garantia,26.0,,,0.5950251729303845,False
PR-001920,2025-12-05,Indicação,Recife,PE,Apartamento,706853.6,351887.54,60.0,784.0,34.0,7246.9,0.0,CONS-006,6.0,Contratada,22.0,2025-03-06,1.3,0.49782237792946094,True
PR-001921,2024-12-23,Mídia paga,Recife,PE,Apartamento,615954.58,319883.2,180.0,684.0,50.0,7356.01,0.0,CONS-007,1.0,Sem retorno,10.0,,,0.519329201188828,False
PR-001922,2024-08-21,Organico,Rio de Janeiro,RJ,Apartamento,1275130.2,682377.93,180.0,676.0,36.0,2926.05,0.0,CONS-030,2.0,Desistiu,31.0,,,0.5351437288521597,False
PR-001923,2024-06-24,Correspondente,Rio de Janeiro,RJ,Sala comercial,1332799.61,686402.96,60.0,543.0,46.0,2435.25,0.0,CONS-012,5.0,Documentação pendente,40.0,,,0.5150083739895451,False
PR-001924,2025-03-22,Correspondente,Goiânia,GO,Apartamento,1873020.2,1038593.31,120.0,506.0,36.0,3299.17,0.0,CONS-025,3.0,Desistiu,37.0,,,0.5545019268879214,False
PR-001925,2025-05-13,Correspondente,Recife,PE,Apartamento,704297.65,222300.56,60.0,572.0,53.0,8961.03,0.0,CONS-017,2.0,Reprovada crédito,18.0,,,0.3156343912264935,False
PR-001926,2024-11-16,Correspondente,Curitiba,PR,Apartamento,726151.61,463098.97,84.0,672.0,39.0,5692.86,1.0,CONS-018,6.0,Contratada,34.0,2024-12-20,1.25,0.6377441895363972,True
PR-001927,2025-01-04,Parceria,Campinas,SP,Apartamento,1169809.77,595633.49,240.0,580.0,52.0,4925.3,0.0,CONS-014,3.0,Reprovada crédito,39.0,,,0.5091712390126473,False
PR-001928,2025-08-22,Correspondente,Belo Horizonte,MG,Imóvel rural,1564609.88,814586.9,60.0,643.0,23.0,1950.47,0.0,CONS-023,4.0,Sem retorno,40.0,,,0.5206325937300103,False
PR-001929,2024-09-26,Mídia paga,Salvador,BA,Apartamento,569888.03,286793.83,60.0,625.0,37.0,3810.42,0.0,CONS-018,4.0,Sem retorno,16.0,,,0.5032459270990479,False
PR-001930,2024-07-22,Correspondente,Salvador,BA,Apartamento,376251.55,179234.52,240.0,654.0,49.0,1800.0,0.0,CONS-014,6.0,Contratada,30.0,2024-08-21,1.13,0.4763688548259801,True
PR-001932,2025-01-14,Organico,Goiânia,GO,Casa,927246.82,649999.53,120.0,780.0,41.0,3549.53,0.0,CONS-019,5.0,Documentação pendente,19.0,,,0.7009994706695247,False
PR-001933,2025-01-19,Organico,Goiânia,GO,Apartamento,423500.05,284366.3,60.0,795.0,55.0,3361.71,0.0,CONS-027,3.0,Desistiu,28.0,,,0.671466980936602,False
PR-001934,2025-06-01,Organico,Florianópolis,SC,Apartamento,607701.6,309603.69,120.0,715.0,34.0,13582.12,0.0,CONS-011,6.0,Contratada,38.0,2025-02-13,1.62,0.5094666362570051,True
PR-001935,2025-12-02,Correspondente,Recife,PE,Casa,1433950.76,846689.61,240.0,538.0,36.0,3331.81,0.0,CONS-008,5.0,Documentação pendente,30.0,,,0.5904593334850633,False
PR-001936,2025-06-01,Correspondente,Florianópolis,SC,Apartamento,862461.14,295482.82,240.0,764.0,38.0,4284.9,0.0,CONS-014,5.0,Documentação pendente,44.0,,,0.34260421286923143,False
PR-001937,2025-04-14,Organico,Brasília,DF,Apartamento,1338086.62,514195.21,60.0,803.0,42.0,4920.0,1.0,CONS-010,3.0,Sem retorno,26.0,,,0.384276475315178,False
PR-001938,2025-10-27,Organico,Rio de Janeiro,RJ,Apartamento,609821.08,405694.48,60.0,624.0,57.0,4929.04,0.0,CONS-013,2.0,Desistiu,26.0,,,0.6652680487857192,False
PR-001939,2025-07-25,Organico,Florianópolis,SC,Casa,590525.29,271272.64,240.0,639.0,34.0,3393.47,0.0,CONS-030,5.0,Desistiu,36.0,,,0.459375143780887,False
PR-001940,2024-08-14,Mídia paga,Florianópolis,SC,Casa,511890.45,232741.8,180.0,752.0,47.0,3859.64,1.0,CONS-016,6.0,Contratada,25.0,2024-08-09,1.5,0.454671111758385,True
PR-001941,2025-12-06,Mídia paga,Brasília,DF,Casa,824429.88,458771.44,120.0,677.0,30.0,6542.85,0.0,CONS-028,3.0,Desistiu,38.0,,,0.5564711458541507,False
PR-001942,2025-07-04,Correspondente,Campinas,SP,Apartamento,511566.86,235822.6,120.0,696.0,50.0,4977.08,0.0,CONS-010,2.0,Sem retorno,36.0,,,0.46098099474230997,False
PR-001943,2025-02-22,Correspondente,Recife,PE,Casa,1187666.16,503503.4,84.0,566.0,49.0,5410.5,0.0,CONS-029,1.0,Sem retorno,18.0,,,0.42394354319230587,False
PR-001944,2025-04-13,Parceria,Campinas,SP,Apartamento,616952.21,461993.59,120.0,686.0,33.0,3898.15,0.0,CONS-023,2.0,Reprovada crédito,8.0,,,0.748832052972142,False
PR-001946,2025-11-04,Parceria,Porto Alegre,RS,Apartamento,1513285.56,695923.97,180.0,650.0,41.0,5524.06,0.0,CONS-007,5.0,Documentação pendente,36.0,,,0.45987617168566647,False
PR-001947,2024-10-24,Organico,Recife,PE,Apartamento,254116.11,97298.94,84.0,583.0,47.0,9843.1,0.0,CONS-006,5.0,Documentação pendente,45.0,,,0.38289166318499057,False
PR-001948,2025-07-05,Mídia paga,Santos,SP,Apartamento,551774.37,330293.45,120.0,639.0,50.0,6362.98,1.0,CONS-016,5.0,Documentação pendente,30.0,,,0.5986023779973688,False
PR-001951,2024-09-02,Organico,Campinas,SP,Casa,662369.66,372671.02,240.0,669.0,47.0,1800.0,1.0,CONS-029,2.0,Sem retorno,26.0,,,0.5626329865410804,False
PR-001952,2025-07-23,Indicação,Salvador,BA,Casa,436389.78,301323.24,120.0,515.0,40.0,3563.57,0.0,CONS-021,3.0,Desistiu,32.0,,,0.69049105595461,False
PR-001953,2025-06-05,Mídia paga,Porto Alegre,RS,Casa,704231.78,223944.64,120.0,636.0,46.0,9364.16,0.0,CONS-009,3.0,Desistiu,19.0,,,0.31799848623701704,False
PR-001954,2024-10-17,Organico,Goiânia,GO,Casa,967885.38,522369.2,180.0,674.0,27.0,3636.61,0.0,CONS-019,3.0,Desistiu,49.0,,,0.5397015088708128,False
PR-001955,2024-06-20,Parceria,Belo Horizonte,MG,Casa,818561.82,404628.88,84.0,819.0,38.0,6974.32,1.0,CONS-012,4.0,Problema garantia,40.0,,,0.49431682508719993,False
PR-001956,2024-08-10,Indicação,Curitiba,PR,Sala comercial,378853.38,191546.36,60.0,587.0,50.0,3247.88,1.0,CONS-019,4.0,Sem retorno,45.0,,,0.5055949613013878,False
PR-001957,2025-06-10,Organico,Santos,SP,Apartamento,834047.66,380950.87,60.0,631.0,45.0,8044.51,0.0,CONS-023,6.0,Contratada,19.0,2025-10-25,1.27,0.45674952196376883,True
PR-001958,2025-04-26,Organico,Campinas,SP,Apartamento,375696.05,183372.82,240.0,812.0,52.0,2917.73,1.0,CONS-017,2.0,Reprovada crédito,29.0,,,0.4880882298336648,False
PR-001959,2025-02-05,Mídia paga,Recife,PE,Casa,1292655.83,629216.64,120.0,646.0,37.0,3045.94,0.0,CONS-029,6.0,Contratada,48.0,2025-06-19,1.24,0.48676269846707765,True
PR-001960,2025-05-01,Correspondente,São Paulo,SP,Imóvel rural,1555874.68,713853.6,60.0,626.0,51.0,11723.04,0.0,CONS-009,3.0,Reprovada crédito,40.0,,,0.458811759826312,False
PR-001962,2024-04-13,Parceria,Curitiba,PR,Casa,336708.9,175999.49,180.0,695.0,40.0,7887.36,0.0,CONS-009,2.0,Reprovada crédito,14.0,,,0.5227051913388686,False
PR-001963,2025-03-25,Mídia paga,Goiânia,GO,Apartamento,551407.45,328808.68,84.0,595.0,40.0,5288.78,0.0,CONS-005,5.0,Documentação pendente,31.0,,,0.5963080114351013,False
PR-001964,2025-06-28,Organico,Rio de Janeiro,RJ,Apartamento,1113057.92,723338.74,60.0,612.0,58.0,5893.1,0.0,CONS-008,2.0,Sem retorno,8.0,,,0.6498662172045818,False
PR-001965,2025-04-08,Indicação,Salvador,BA,Apartamento,427931.58,168820.37,120.0,652.0,32.0,5642.26,0.0,CONS-026,1.0,Sem retorno,19.0,,,0.39450318202736984,False
PR-001966,2024-07-22,Parceria,Santos,SP,Casa,380494.51,158058.55,180.0,625.0,40.0,3523.88,0.0,CONS-018,3.0,Sem retorno,44.0,,,0.4154029712544341,False
PR-001967,2024-03-22,Organico,Porto Alegre,RS,Casa,844790.34,442917.11,60.0,823.0,48.0,4689.13,0.0,CONS-009,3.0,Desistiu,53.0,,,0.5242923469034932,False
PR-001968,2024-06-11,Organico,Curitiba,PR,Casa,1485652.1,734456.31,84.0,655.0,36.0,6463.65,0.0,CONS-026,3.0,Desistiu,17.0,,,0.49436628535038585,False
PR-001969,2024-09-08,Mídia paga,São Paulo,SP,Casa,1054437.63,595591.29,180.0,710.0,47.0,3972.41,0.0,CONS-011,6.0,Contratada,69.0,2024-10-17,1.43,0.5648425976603283,True
PR-001970,2025-06-16,Parceria,Campinas,SP,Imóvel rural,710676.09,221403.78,120.0,811.0,48.0,3333.03,0.0,CONS-023,4.0,Problema garantia,31.0,,,0.31153964951881247,False
PR-001971,2025-04-22,Parceria,Salvador,BA,Sala comercial,1336367.8,749187.26,180.0,496.0,48.0,2845.48,1.0,CONS-002,4.0,Sem retorno,32.0,,,0.5606145703301142,False
PR-001972,2025-03-04,Parceria,Rio de Janeiro,RJ,Apartamento,578532.69,267039.46,120.0,696.0,29.0,4225.37,1.0,CONS-015,6.0,Contratada,40.0,2025-05-13,1.26,0.46158058933540996,True
PR-001973,2025-08-17,Indicação,Salvador,BA,Apartamento,810031.81,486907.31,84.0,706.0,44.0,8279.4,0.0,CONS-024,6.0,Contratada,38.0,2025-09-24,1.24,0.6010965297770219,True
PR-001974,2025-07-05,Organico,Recife,PE,Sala comercial,719753.01,322623.19,84.0,728.0,27.0,2422.13,0.0,CONS-004,6.0,Contratada,36.0,2025-12-06,0.95,0.448241529410207,True
PR-001975,2024-11-20,Correspondente,Salvador,BA,Casa,1733010.24,1333907.15,120.0,563.0,48.0,3412.76,0.0,CONS-016,3.0,Sem retorno,48.0,,,0.769705290373818,False
PR-001976,2025-04-06,Correspondente,Curitiba,PR,Sala comercial,601679.52,264518.45,180.0,548.0,58.0,4459.13,0.0,CONS-023,3.0,Desistiu,39.0,,,0.4396334613483271,False
PR-001977,2025-08-20,Indicação,Goiânia,GO,Casa,593759.57,444766.08,60.0,607.0,30.0,6696.62,0.0,CONS-015,2.0,Reprovada crédito,15.0,,,0.7490676402908336,False
PR-001978,2024-10-17,Parceria,Recife,PE,Apartamento,1051798.33,603149.77,240.0,603.0,42.0,6413.25,0.0,CONS-019,5.0,Desistiu,49.0,,,0.5734462137813053,False
PR-001979,2024-12-15,Organico,Salvador,BA,Imóvel rural,1261943.15,821381.65,84.0,653.0,45.0,2182.62,0.0,CONS-011,2.0,Reprovada crédito,35.0,,,0.6508864127516363,False
PR-001980,2025-09-27,Correspondente,Brasília,DF,Sala comercial,722522.55,283370.51,240.0,673.0,34.0,4454.91,0.0,CONS-022,4.0,Problema garantia,41.0,,,0.39219607747882745,False
PR-001982,2024-10-15,Correspondente,Brasília,DF,Apartamento,519711.4,234070.96,60.0,681.0,43.0,2607.26,0.0,CONS-011,6.0,Contratada,33.0,2024-11-17,1.35,0.4503864260048942,True
PR-001983,2024-12-18,Correspondente,Brasília,DF,Casa,712397.23,315672.68,180.0,650.0,36.0,2185.52,0.0,CONS-021,5.0,Documentação pendente,20.0,,,0.44311328947755735,False
PR-001984,2024-07-31,Parceria,Porto Alegre,RS,Casa,789185.66,542568.56,240.0,533.0,51.0,5314.31,0.0,CONS-009,1.0,Desistiu,20.0,,,0.6875043319971121,False
PR-001985,2025-04-17,Indicação,Curitiba,PR,Casa,386172.25,244346.19,60.0,763.0,48.0,2340.38,0.0,CONS-015,2.0,Sem retorno,24.0,,,0.6327388619974635,False
PR-001986,2024-10-31,Correspondente,Santos,SP,Sala comercial,1460969.46,866360.62,180.0,604.0,61.0,5302.79,0.0,CONS-030,5.0,Desistiu,24.0,,,0.5930039222038221,False
PR-001987,2025-06-17,Organico,Belo Horizonte,MG,Apartamento,399051.67,158499.64,120.0,607.0,41.0,7400.3,0.0,CONS-013,3.0,Reprovada crédito,40.0,,,0.3971907698068273,False
PR-001988,2024-01-11,Parceria,Porto Alegre,RS,Apartamento,777426.05,404501.57,120.0,677.0,40.0,6603.04,0.0,CONS-002,4.0,Problema garantia,35.0,,,0.5203087419054198,False
PR-001989,2024-07-27,Parceria,Goiânia,GO,Sala comercial,1229438.2,440875.51,60.0,612.0,40.0,8890.07,0.0,CONS-028,1.0,Sem retorno,22.0,,,0.35859916342277315,False
PR-001990,2024-11-21,Parceria,Recife,PE,Casa,577021.0,210863.39,84.0,621.0,39.0,4546.85,0.0,CONS-014,3.0,Reprovada crédito,7.0,,,0.36543451624810885,False
PR-001991,2025-02-20,Organico,São Paulo,SP,Casa,715376.43,323450.68,240.0,663.0,39.0,5697.92,0.0,CONS-009,4.0,Problema garantia,37.0,,,0.45214053250258746,False
PR-001992,2025-04-29,Organico,Rio de Janeiro,RJ,Sala comercial,558726.05,248112.54,180.0,752.0,42.0,4687.72,0.0,CONS-025,4.0,Problema garantia,51.0,,,0.4440683229285622,False
PR-001993,2024-12-24,Indicação,Recife,PE,Apartamento,495077.66,219298.99,84.0,696.0,34.0,6254.7,0.0,CONS-013,6.0,Contratada,37.0,2025-01-30,1.23,0.4429587673174346,True
PR-001994,2025-10-19,Correspondente,Campinas,SP,Casa,1059326.04,523447.78,180.0,626.0,39.0,3144.22,0.0,CONS-001,4.0,Problema garantia,31.0,,,0.49413283562820753,False
PR-001995,2024-03-12,Organico,Belo Horizonte,MG,Apartamento,200112.71,120157.19,180.0,662.0,42.0,6287.88,1.0,CONS-002,4.0,Problema garantia,53.0,,,0.6004475677731814,False
PR-001996,2024-08-21,Mídia paga,Rio de Janeiro,RJ,Apartamento,1350439.9,758213.0,120.0,667.0,31.0,4529.77,0.0,CONS-029,4.0,Problema garantia,32.0,,,0.5614563076816673,False
PR-001997,2025-11-04,Indicação,Campinas,SP,Apartamento,876592.91,441118.74,84.0,635.0,51.0,9462.23,0.0,CONS-020,4.0,Sem retorno,36.0,,,0.5032196073773857,False
PR-001998,2025-08-10,Indicação,Recife,PE,Casa,268013.6,79537.03,84.0,578.0,28.0,7818.18,0.0,CONS-001,3.0,Desistiu,28.0,,,0.2967649029750729,False
PR-001999,2024-05-13,Mídia paga,Florianópolis,SC,Apartamento,1038059.44,395118.4,120.0,601.0,51.0,5501.02,0.0,CONS-029,4.0,Sem retorno,51.0,,,0.3806317680613743,False
PR-002000,2025-08-27,Correspondente,Belo Horizonte,MG,Apartamento,402887.08,226914.2,180.0,618.0,33.0,12267.84,0.0,CONS-004,3.0,Sem retorno,29.0,,,0.5632203445193626,False
PR-002001,2025-04-06,Mídia paga,Rio de Janeiro,RJ,Apartamento,708889.58,340877.49,180.0,639.0,32.0,5209.03,1.0,CONS-020,4.0,Sem retorno,13.0,,,0.4808611942074251,False
PR-002002,2024-07-04,Parceria,Goiânia,GO,Apartamento,270517.65,143396.46,60.0,521.0,44.0,6171.79,0.0,CONS-010,1.0,Sem retorno,24.0,,,0.5300817155553436,False
PR-002003,2025-09-05,Correspondente,Campinas,SP,Apartamento,745152.82,338598.21,84.0,630.0,51.0,6846.29,1.0,CONS-030,4.0,Problema garantia,37.0,,,0.45440103145553423,False
PR-002004,2024-02-11,Parceria,Florianópolis,SC,Casa,608168.24,367368.88,240.0,642.0,45.0,5689.13,0.0,CONS-014,3.0,Desistiu,23.0,,,0.6040579823767187,False
PR-002005,2024-06-12,Correspondente,Rio de Janeiro,RJ,Casa,702234.36,343114.07,60.0,670.0,47.0,6467.13,0.0,CONS-009,5.0,Desistiu,13.0,,,0.48860336312794495,False
PR-002006,2025-06-29,Parceria,Brasília,DF,Casa,976804.53,310691.31,120.0,779.0,38.0,7532.94,0.0,CONS-013,6.0,Contratada,16.0,2025-07-15,1.26,0.31806907160842096,True
PR-002007,2025-03-19,Indicação,Recife,PE,Casa,709720.82,350420.02,180.0,765.0,29.0,5436.21,0.0,CONS-015,3.0,Sem retorno,31.0,,,0.4937434694391522,False
PR-002008,2024-09-12,Correspondente,Santos,SP,Casa,517486.79,296120.25,180.0,716.0,48.0,2935.54,0.0,CONS-021,6.0,Contratada,38.0,2025-01-16,1.37,0.5722276504874646,True
PR-002009,2024-12-04,Organico,Belo Horizonte,MG,Apartamento,906669.11,632508.75,240.0,678.0,30.0,5759.92,0.0,CONS-020,3.0,Reprovada crédito,27.0,,,0.6976180648748472,False
PR-002010,2024-10-12,Parceria,Santos,SP,Apartamento,817266.25,366864.81,180.0,566.0,52.0,3859.73,0.0,CONS-025,6.0,Contratada,43.0,2025-01-22,1.51,0.4488926466742019,True
PR-002011,2025-07-01,Correspondente,Belo Horizonte,MG,Casa,1054212.64,752093.22,84.0,443.0,38.0,8217.96,0.0,CONS-028,2.0,Sem retorno,32.0,,,0.7134170009572263,False
PR-002012,2025-10-23,Correspondente,Goiânia,GO,Apartamento,1282596.63,412517.26,180.0,578.0,45.0,5799.68,0.0,CONS-023,4.0,Sem retorno,40.0,,,0.32162665202075263,False
PR-002013,2025-09-23,Organico,Curitiba,PR,Sala comercial,829099.29,388345.51,60.0,739.0,35.0,3884.41,0.0,CONS-014,2.0,Reprovada crédito,28.0,,,0.4683944549029827,False
PR-002014,2025-05-25,Organico,Brasília,DF,Casa,1286198.91,471187.84,60.0,663.0,26.0,5009.75,0.0,CONS-018,3.0,Desistiu,26.0,,,0.36634134606753793,False
PR-002015,2024-03-12,Parceria,Porto Alegre,RS,Sala comercial,919361.17,608834.19,120.0,758.0,42.0,7942.77,0.0,CONS-026,3.0,Desistiu,17.0,,,0.6622361372952046,False
PR-002016,2024-12-19,Mídia paga,Curitiba,PR,Apartamento,556918.52,304663.05,240.0,638.0,33.0,2913.91,0.0,CONS-002,4.0,Problema garantia,25.0,,,0.5470513891331895,False
PR-002017,2025-08-06,Mídia paga,Santos,SP,Apartamento,416222.98,271092.5,84.0,675.0,37.0,5876.17,1.0,CONS-002,4.0,Sem retorno,36.0,,,0.6513155520629832,False
PR-002018,2024-09-05,Correspondente,Curitiba,PR,Apartamento,1702230.73,923161.29,180.0,752.0,21.0,10634.29,1.0,CONS-028,5.0,Desistiu,33.0,,,0.5423244180299812,False
PR-002019,2025-08-01,Correspondente,Campinas,SP,Imóvel rural,296248.37,113788.32,120.0,731.0,38.0,3795.53,0.0,CONS-005,4.0,Sem retorno,35.0,,,0.3840977082844372,False
PR-002020,2025-10-03,Correspondente,Recife,PE,Casa,377511.88,178557.89,120.0,678.0,39.0,3006.09,0.0,CONS-002,2.0,Desistiu,36.0,,,0.47298614814452994,False
PR-002021,2024-08-24,Organico,Curitiba,PR,Apartamento,489270.44,245712.39,240.0,633.0,51.0,7358.74,0.0,CONS-024,4.0,Sem retorno,45.0,,,0.5022015840564577,False
PR-002023,2025-01-22,Organico,Campinas,SP,Casa,693439.43,339772.6,180.0,814.0,38.0,2287.44,0.0,CONS-006,6.0,Contratada,43.0,2025-06-03,1.25,0.48998165564366586,True
PR-002024,2024-06-14,Indicação,Santos,SP,Apartamento,988849.68,556587.39,60.0,707.0,50.0,4903.52,0.0,CONS-029,3.0,Reprovada crédito,25.0,,,0.5628634981203614,False
PR-002025,2025-04-02,Indicação,Goiânia,GO,Apartamento,837950.49,324108.01,120.0,598.0,45.0,7405.88,0.0,CONS-013,3.0,Reprovada crédito,16.0,,,0.3867865868781818,False
PR-002026,2025-06-23,Correspondente,Goiânia,GO,Apartamento,258860.06,99016.8,120.0,675.0,53.0,14638.22,0.0,CONS-010,2.0,Reprovada crédito,23.0,,,0.38251092115176055,False
PR-002028,2025-02-14,Organico,Brasília,DF,Apartamento,618018.22,209709.63,60.0,702.0,23.0,4541.5,0.0,CONS-003,3.0,Reprovada crédito,18.0,,,0.3393259667975485,False
PR-002029,2025-05-02,Mídia paga,Salvador,BA,Apartamento,358849.54,176507.95,60.0,582.0,32.0,7036.78,1.0,CONS-010,5.0,Documentação pendente,51.0,,,0.491871746582147,False
PR-002030,2025-01-18,Parceria,Campinas,SP,Casa,1331195.64,566054.08,84.0,689.0,40.0,7239.17,1.0,CONS-030,6.0,Contratada,39.0,2025-02-26,1.34,0.42522230616680806,True
PR-002031,2025-02-28,Mídia paga,Recife,PE,Apartamento,709485.43,264892.57,240.0,739.0,35.0,5674.45,0.0,CONS-002,6.0,Contratada,29.0,2025-03-29,1.29,0.37335871717619346,True
PR-002032,2024-10-26,Correspondente,Belo Horizonte,MG,Apartamento,753195.34,501567.11,84.0,699.0,58.0,5548.5,0.0,CONS-028,3.0,Sem retorno,24.0,,,0.6659190297167797,False
PR-002033,2024-09-04,Mídia paga,Porto Alegre,RS,Casa,731053.71,325335.05,60.0,849.0,54.0,6448.91,0.0,CONS-018,6.0,Contratada,28.0,2024-07-05,1.42,0.4450220901006029,True
PR-002034,2024-12-23,Mídia paga,Santos,SP,Apartamento,1097679.58,612081.68,60.0,725.0,33.0,4363.47,0.0,CONS-027,4.0,Sem retorno,18.0,,,0.5576141627778117,False
PR-002035,2025-07-09,Organico,Salvador,BA,Casa,803912.29,383499.59,240.0,500.0,26.0,7971.6,0.0,CONS-019,5.0,Desistiu,45.0,,,0.47704158124016244,False
PR-002036,2025-05-05,Mídia paga,Campinas,SP,Apartamento,853352.09,301744.95,180.0,563.0,36.0,3610.0,1.0,CONS-014,4.0,Sem retorno,26.0,,,0.35359959099649013,False
PR-002037,2025-04-27,Correspondente,Goiânia,GO,Casa,904391.89,536251.52,240.0,630.0,49.0,5125.18,1.0,CONS-024,4.0,Sem retorno,44.0,,,0.5929415399777634,False
PR-002038,2024-08-28,Parceria,Campinas,SP,Casa,489333.37,233923.09,60.0,595.0,44.0,3716.61,0.0,CONS-024,2.0,Sem retorno,20.0,,,0.4780444260320934,False
PR-002039,2024-05-19,Organico,Brasília,DF,Apartamento,904501.49,488521.26,240.0,603.0,24.0,6701.86,0.0,CONS-022,6.0,Contratada,41.0,2024-06-29,1.34,0.5401000058054078,True
PR-002040,2025-01-23,Organico,Curitiba,PR,Apartamento,786399.62,429244.54,84.0,603.0,55.0,9115.83,0.0,CONS-024,3.0,Sem retorno,20.0,,,0.5458351315073118,False
PR-002042,2025-01-03,Parceria,Belo Horizonte,MG,Apartamento,953784.68,502922.46,84.0,745.0,36.0,4436.4,0.0,CONS-015,1.0,Desistiu,29.0,,,0.5272914008222485,False
PR-002043,2025-01-05,Parceria,Goiânia,GO,Apartamento,474831.16,305886.91,240.0,582.0,46.0,6230.31,0.0,CONS-001,3.0,Sem retorno,25.0,,,0.6442014251971163,False
PR-002044,2024-12-28,Mídia paga,Brasília,DF,Casa,359078.29,125484.72,180.0,714.0,41.0,2135.36,1.0,CONS-030,6.0,Contratada,36.0,2025-02-02,1.27,0.34946339975051127,True
PR-002045,2025-10-10,Organico,São Paulo,SP,Casa,905508.12,485236.68,120.0,799.0,41.0,5882.17,0.0,CONS-030,6.0,Contratada,13.0,2025-10-23,1.21,0.5358722570041669,True
PR-002046,2024-01-07,Organico,Salvador,BA,Apartamento,967048.28,614283.2,240.0,585.0,48.0,6006.8,1.0,CONS-001,3.0,Sem retorno,21.0,,,0.6352146141038584,False
PR-002047,2024-05-30,Indicação,Campinas,SP,Apartamento,663696.24,326747.01,180.0,708.0,52.0,8135.97,0.0,CONS-018,2.0,Sem retorno,20.0,,,0.4923140893490673,False
PR-002049,2025-06-13,Parceria,Florianópolis,SC,Sala comercial,853851.84,303966.45,120.0,657.0,36.0,9190.84,0.0,CONS-027,4.0,Sem retorno,42.0,,,0.35599437251315175,False
PR-002050,2025-07-07,Correspondente,Campinas,SP,Apartamento,590398.25,244879.0,120.0,670.0,46.0,2384.99,0.0,CONS-024,2.0,Reprovada crédito,44.0,,,0.41476918334361595,False
PR-002051,2025-11-03,Correspondente,Brasília,DF,Sala comercial,547957.24,228683.16,180.0,669.0,52.0,5124.41,0.0,CONS-011,2.0,Sem retorno,33.0,,,0.4173376010142689,False
PR-002052,2025-04-13,Indicação,Goiânia,GO,Casa,1463696.55,598338.76,180.0,598.0,36.0,6770.58,0.0,CONS-007,6.0,Contratada,32.0,2025-05-15,1.15,0.408786069762889,True
PR-002053,2024-11-22,Parceria,Belo Horizonte,MG,Casa,534846.76,263427.86,180.0,800.0,26.0,6311.16,0.0,CONS-001,6.0,Contratada,44.0,2025-05-01,1.4,0.49252959857137396,True
PR-002054,2025-03-04,Correspondente,Recife,PE,Apartamento,1359991.11,476744.99,120.0,627.0,21.0,3471.1,0.0,CONS-013,5.0,Documentação pendente,35.0,,,0.35055007822808487,False
PR-002055,2025-08-18,Correspondente,Goiânia,GO,Sala comercial,762016.57,280847.15,120.0,795.0,50.0,1800.0,0.0,CONS-015,6.0,Contratada,38.0,2025-09-25,1.21,0.368557799209012,True
PR-002056,2025-02-28,Parceria,Brasília,DF,Casa,361237.96,166605.88,240.0,703.0,49.0,10507.3,0.0,CONS-017,5.0,Desistiu,24.0,,,0.4612081188809725,False
PR-002057,2025-03-08,Indicação,Santos,SP,Casa,638171.75,437098.63,120.0,820.0,35.0,9923.15,0.0,CONS-020,4.0,Problema garantia,53.0,,,0.6849231887810766,False
PR-002058,2025-12-07,Correspondente,Brasília,DF,Casa,487134.81,209520.14,120.0,619.0,32.0,5340.6,1.0,CONS-021,4.0,Sem retorno,25.0,,,0.43010709910055495,False
PR-002059,2025-01-15,Mídia paga,Goiânia,GO,Casa,595089.53,153222.3,120.0,519.0,56.0,3443.92,0.0,CONS-002,1.0,Sem retorno,29.0,,,0.25747772776308125,False
PR-002060,2025-05-20,Parceria,Goiânia,GO,Sala comercial,949025.45,643938.59,60.0,726.0,32.0,2978.82,0.0,CONS-021,6.0,Contratada,42.0,2025-01-07,1.22,0.6785261554366113,True
PR-002061,2024-11-16,Organico,Campinas,SP,Apartamento,347474.44,137141.3,60.0,624.0,40.0,4764.71,0.0,CONS-030,2.0,Sem retorno,13.0,,,0.3946802533158985,False
PR-002062,2025-01-31,Indicação,Brasília,DF,Sala comercial,408342.62,112388.74,240.0,635.0,49.0,5275.28,0.0,CONS-018,3.0,Reprovada crédito,36.0,,,0.27523147106221735,False
PR-002063,2025-09-18,Correspondente,Campinas,SP,Imóvel rural,323919.47,126289.7,84.0,708.0,37.0,9493.76,0.0,CONS-022,6.0,Contratada,50.0,2025-07-11,1.25,0.389879929107071,True
PR-002064,2024-04-20,Correspondente,Campinas,SP,Apartamento,411380.08,176642.35,120.0,616.0,46.0,5981.21,0.0,CONS-030,6.0,Contratada,23.0,2024-05-13,1.52,0.4293896534805477,True
PR-002065,2024-11-07,Organico,Goiânia,GO,Apartamento,1101127.09,462865.04,120.0,636.0,32.0,3419.58,0.0,CONS-016,4.0,Sem retorno,35.0,,,0.42035569209363466,False
PR-002066,2025-09-04,Indicação,Curitiba,PR,Casa,663143.06,273585.23,120.0,615.0,30.0,3209.11,0.0,CONS-005,6.0,Contratada,59.0,2025-07-06,1.31,0.4125583852147981,True
PR-002067,2025-02-10,Organico,Recife,PE,Apartamento,339578.04,189811.51,60.0,745.0,31.0,9285.46,0.0,CONS-007,5.0,Documentação pendente,26.0,,,0.5589628528393651,False
PR-002068,2024-10-27,Parceria,Florianópolis,SC,Apartamento,853965.68,425231.75,60.0,589.0,48.0,1800.0,0.0,CONS-005,2.0,Reprovada crédito,29.0,,,0.49794946091978776,False
PR-002069,2024-12-17,Mídia paga,Goiânia,GO,Casa,202396.55,102817.49,180.0,627.0,53.0,4320.02,0.0,CONS-026,4.0,Problema garantia,29.0,,,0.508000210477896,False
PR-002070,2025-03-26,Correspondente,Santos,SP,Apartamento,766404.52,263824.26,120.0,500.0,34.0,5751.28,1.0,CONS-017,1.0,Sem retorno,2.0,,,0.34423630486939194,False
PR-002071,2025-02-08,Organico,Recife,PE,Imóvel rural,1232696.07,540639.21,240.0,597.0,39.0,13742.22,0.0,CONS-010,3.0,Sem retorno,33.0,,,0.43858273191379604,False
PR-002072,2025-08-28,Correspondente,Porto Alegre,RS,Casa,610658.72,374907.07,60.0,795.0,44.0,22703.37,0.0,CONS-002,3.0,Reprovada crédito,28.0,,,0.6139387807317318,False
PR-002073,2025-06-18,Indicação,Porto Alegre,RS,Casa,1821640.35,1354593.63,240.0,710.0,23.0,12668.44,1.0,CONS-026,5.0,Documentação pendente,60.0,,,0.7436120033243663,False
PR-002074,2025-08-02,Correspondente,Recife,PE,Casa,1953189.49,1072519.67,120.0,657.0,21.0,9129.14,0.0,CONS-029,1.0,Desistiu,26.0,,,0.5491119399787472,False
PR-002075,2025-01-24,Mídia paga,Brasília,DF,Casa,1174636.41,627936.08,120.0,819.0,40.0,2684.71,0.0,CONS-015,5.0,Documentação pendente,44.0,,,0.5345791043545126,False
PR-002076,2025-05-08,Correspondente,Rio de Janeiro,RJ,Sala comercial,1426274.76,842674.72,120.0,759.0,30.0,18361.19,0.0,CONS-023,2.0,Reprovada crédito,14.0,,,0.5908221498640276,False
PR-002077,2024-08-10,Organico,Salvador,BA,Apartamento,924524.86,492113.86,120.0,584.0,38.0,6402.77,1.0,CONS-016,3.0,Desistiu,48.0,,,0.5322884016336781,False
PR-002078,2025-01-27,Mídia paga,Recife,PE,Imóvel rural,400127.12,185653.2,60.0,605.0,50.0,3805.16,0.0,CONS-023,4.0,Sem retorno,23.0,,,0.4639855453936739,False
PR-002079,2024-04-11,Parceria,Recife,PE,Apartamento,1689824.74,977776.46,240.0,663.0,44.0,7174.1,0.0,CONS-005,3.0,Reprovada crédito,13.0,,,0.5786259585713013,False
PR-002080,2024-08-20,Parceria,Belo Horizonte,MG,Apartamento,949434.05,512979.55,120.0,702.0,47.0,4506.31,0.0,CONS-021,6.0,Contratada,44.0,2024-03-10,1.66,0.540300350508811,True
PR-002081,2024-12-30,Correspondente,Porto Alegre,RS,Apartamento,1200384.77,434777.71,60.0,614.0,37.0,6946.79,0.0,CONS-028,2.0,Desistiu,39.0,,,0.3621986223633944,False
PR-002082,2024-08-20,Parceria,Campinas,SP,Apartamento,722491.94,224254.59,180.0,740.0,42.0,6474.63,0.0,CONS-005,2.0,Desistiu,24.0,,,0.3103904384040603,False
PR-002084,2025-10-01,Organico,Florianópolis,SC,Sala comercial,1359262.53,344415.2,84.0,594.0,54.0,6984.3,0.0,CONS-016,5.0,Documentação pendente,25.0,,,0.25338386985478073,False
PR-002085,2025-07-19,Organico,Belo Horizonte,MG,Apartamento,490130.65,233041.05,120.0,650.0,31.0,4710.68,0.0,CONS-022,4.0,Problema garantia,27.0,,,0.4754672045096547,False
PR-002086,2024-07-26,Correspondente,Santos,SP,Apartamento,681820.34,441742.64,60.0,601.0,28.0,6409.49,0.0,CONS-023,1.0,Desistiu,23.0,,,0.6478871545545268,False
PR-002087,2024-02-12,Correspondente,Curitiba,PR,Apartamento,789539.54,357004.79,180.0,689.0,43.0,6258.4,1.0,CONS-025,2.0,Sem retorno,29.0,,,0.45216834865547073,False
PR-002088,2025-03-18,Indicação,Florianópolis,SC,Casa,610772.46,206606.17,84.0,600.0,38.0,4983.14,0.0,CONS-012,5.0,Documentação pendente,35.0,,,0.33827027826369255,False
PR-002089,2025-02-22,Correspondente,Santos,SP,Apartamento,578981.18,246337.01,84.0,499.0,37.0,4598.6,0.0,CONS-023,4.0,Problema garantia,31.0,,,0.4254663510824307,False
PR-002090,2025-02-15,Organico,Rio de Janeiro,RJ,Casa,927371.76,660415.09,84.0,552.0,48.0,3140.49,0.0,CONS-028,4.0,Problema garantia,31.0,,,0.7121362958043924,False
PR-002091,2024-09-24,Organico,Florianópolis,SC,Apartamento,938631.29,435736.59,84.0,664.0,36.0,6470.38,0.0,CONS-008,5.0,Desistiu,47.0,,,0.4642255107434145,False
PR-002092,2025-02-11,Parceria,Goiânia,GO,Casa,1382036.97,501462.75,60.0,687.0,57.0,5629.9,1.0,CONS-001,5.0,Desistiu,42.0,,,0.36284322408538755,False
PR-002093,2025-07-28,Parceria,São Paulo,SP,Apartamento,563707.5,251407.51,84.0,613.0,29.0,6066.75,0.0,CONS-012,5.0,Desistiu,56.0,,,0.44598929409312454,False
PR-002094,2025-07-19,Organico,Campinas,SP,Imóvel rural,664472.22,390336.53,120.0,662.0,53.0,4405.83,0.0,CONS-015,4.0,Problema garantia,25.0,,,0.5874384485178328,False
PR-002095,2024-07-03,Parceria,Belo Horizonte,MG,Apartamento,434357.14,236751.24,240.0,642.0,55.0,7500.65,0.0,CONS-023,3.0,Desistiu,24.0,,,0.5450612369351174,False
PR-002096,2025-03-24,Mídia paga,Brasília,DF,Casa,972967.44,223782.51,120.0,532.0,47.0,5606.74,1.0,CONS-025,3.0,Sem retorno,31.0,,,0.22999999876665966,False
PR-002097,2025-07-06,Indicação,Campinas,SP,Sala comercial,532735.54,301822.27,240.0,692.0,44.0,6440.43,0.0,CONS-028,6.0,Contratada,24.0,2025-01-07,1.49,0.5665517828977582,True
PR-002098,2025-07-10,Mídia paga,Salvador,BA,Apartamento,610632.49,268927.3,120.0,594.0,26.0,13435.88,0.0,CONS-007,3.0,Desistiu,28.0,,,0.4404077811188854,False
PR-002099,2024-09-08,Indicação,Campinas,SP,Imóvel rural,995062.93,581612.62,84.0,705.0,43.0,9148.59,1.0,CONS-004,3.0,Sem retorno,38.0,,,0.5844983291659754,False
PR-002100,2024-12-31,Correspondente,Recife,PE,Apartamento,1498418.06,446813.68,84.0,682.0,34.0,4300.83,0.0,CONS-005,3.0,Reprovada crédito,54.0,,,0.2981902660730077,False
PR-002101,2024-07-19,Organico,Belo Horizonte,MG,Apartamento,279891.13,133473.49,180.0,626.0,57.0,5279.63,0.0,CONS-025,3.0,Desistiu,37.0,,,0.47687645549896485,False
PR-002102,2024-08-22,Indicação,Brasília,DF,Apartamento,868754.4,560182.59,180.0,750.0,35.0,3313.87,0.0,CONS-003,4.0,Sem retorno,30.0,,,0.6448112262798323,False
PR-002103,2024-07-15,Correspondente,Rio de Janeiro,RJ,Casa,978061.86,471931.72,180.0,557.0,41.0,3543.4,0.0,CONS-007,1.0,Desistiu,27.0,,,0.48251725100496196,False
PR-002104,2025-06-22,Parceria,Rio de Janeiro,RJ,Apartamento,565596.83,290862.43,84.0,623.0,25.0,6123.84,0.0,CONS-028,2.0,Desistiu,33.0,,,0.5142575321718122,False
PR-002105,2025-01-06,Correspondente,Salvador,BA,Apartamento,737728.61,313735.31,120.0,776.0,28.0,4934.55,0.0,CONS-029,3.0,Reprovada crédito,29.0,,,0.42527198450389503,False
PR-002106,2025-08-04,Correspondente,Brasília,DF,Apartamento,1132813.38,547291.64,60.0,541.0,27.0,3294.28,0.0,CONS-030,5.0,Desistiu,36.0,,,0.4831260379357455,False
PR-002107,2025-09-17,Organico,São Paulo,SP,Sala comercial,942157.19,460035.34,180.0,655.0,40.0,3475.84,0.0,CONS-020,2.0,Desistiu,62.0,,,0.4882787552680037,False
PR-002108,2025-08-06,Organico,Belo Horizonte,MG,Apartamento,427261.18,185921.26,60.0,636.0,46.0,6451.08,0.0,CONS-005,4.0,Problema garantia,23.0,,,0.4351466238987591,False
PR-002109,2025-08-05,Organico,Recife,PE,Casa,988216.5,473483.28,180.0,684.0,48.0,9488.57,0.0,CONS-030,6.0,Contratada,46.0,2025-06-23,1.3,0.4791290977230192,True
PR-002110,2025-11-14,Correspondente,Brasília,DF,Apartamento,1003378.68,472401.04,60.0,703.0,36.0,5460.4,0.0,CONS-004,2.0,Desistiu,11.0,,,0.4708103225793077,False
PR-002111,2025-09-05,Indicação,Goiânia,GO,Apartamento,1786046.77,902260.37,180.0,708.0,57.0,4381.02,0.0,CONS-011,2.0,Reprovada crédito,32.0,,,0.5051717486659097,False
PR-002112,2025-02-01,Organico,Rio de Janeiro,RJ,Casa,980019.65,607209.28,120.0,603.0,35.0,6733.88,0.0,CONS-012,3.0,Reprovada crédito,19.0,,,0.6195888827331166,False
PR-002113,2025-01-14,Indicação,Porto Alegre,RS,Apartamento,1766820.53,731549.42,240.0,742.0,42.0,1890.53,1.0,CONS-012,4.0,Sem retorno,20.0,,,0.4140485168575668,False
PR-002114,2025-06-27,Organico,Belo Horizonte,MG,Apartamento,437844.04,132290.84,84.0,694.0,42.0,4258.48,0.0,CONS-022,6.0,Contratada,35.0,2025-01-08,1.24,0.30214146571459555,True
PR-002116,2025-01-20,Indicação,Belo Horizonte,MG,Apartamento,310958.05,167728.78,60.0,709.0,36.0,3768.7,0.0,CONS-003,6.0,Contratada,28.0,2025-02-17,1.28,0.5393935934445176,True
PR-002117,2025-03-25,Indicação,Florianópolis,SC,Apartamento,1515545.66,848156.47,120.0,666.0,34.0,7845.9,0.0,CONS-029,3.0,Reprovada crédito,28.0,,,0.5596376885141158,False
PR-002118,2025-12-01,Mídia paga,Porto Alegre,RS,Apartamento,949159.96,340435.75,240.0,816.0,41.0,4014.23,0.0,CONS-027,2.0,Reprovada crédito,43.0,,,0.35867057645373074,False
PR-002120,2024-08-16,Organico,Brasília,DF,Apartamento,885458.84,394555.27,60.0,605.0,21.0,4720.39,1.0,CONS-019,6.0,Contratada,40.0,2024-09-25,1.48,0.4455941396440291,True
PR-002121,2025-06-10,Parceria,Brasília,DF,Casa,791399.8,354286.89,84.0,707.0,48.0,9445.59,0.0,CONS-017,2.0,Desistiu,24.0,,,0.44767118970714925,False
PR-002122,2024-08-03,Organico,Rio de Janeiro,RJ,Sala comercial,553142.19,272916.29,84.0,661.0,61.0,3926.0,0.0,CONS-021,4.0,Problema garantia,37.0,,,0.49339264828090584,False
PR-002123,2024-10-18,Correspondente,Porto Alegre,RS,Imóvel rural,844285.21,293237.35,60.0,522.0,42.0,3968.47,1.0,CONS-012,4.0,Problema garantia,24.0,,,0.34732024975304254,False
PR-002125,2024-10-31,Parceria,Campinas,SP,Apartamento,790161.85,355316.33,84.0,746.0,41.0,4809.09,0.0,CONS-016,4.0,Sem retorno,36.0,,,0.4496753797971897,False
PR-002126,2025-07-17,Correspondente,Curitiba,PR,Casa,270073.44,62477.66,60.0,534.0,25.0,3595.29,0.0,CONS-004,2.0,Desistiu,6.0,,,0.2313358173984084,False
PR-002128,2024-11-22,Correspondente,Salvador,BA,Apartamento,2303710.87,1197670.46,84.0,644.0,41.0,3183.15,0.0,CONS-006,6.0,Contratada,22.0,2024-12-14,1.33,0.5198874891795774,True
PR-002129,2024-05-15,Indicação,Curitiba,PR,Casa,381261.49,192158.81,84.0,682.0,44.0,2747.9,1.0,CONS-008,6.0,Contratada,19.0,2024-03-06,1.18,0.5040079185547955,True
PR-002130,2024-04-09,Indicação,Brasília,DF,Casa,581666.21,354213.96,60.0,659.0,42.0,3910.42,1.0,CONS-012,5.0,Documentação pendente,29.0,,,0.6089643061782806,False
PR-002131,2024-06-12,Indicação,São Paulo,SP,Casa,307680.27,144198.25,240.0,506.0,40.0,3562.1,0.0,CONS-006,4.0,Problema garantia,35.0,,,0.4686626477544367,False
PR-002132,2025-10-13,Correspondente,Salvador,BA,Casa,2022125.17,878564.02,240.0,636.0,37.0,4642.54,0.0,CONS-026,3.0,Desistiu,33.0,,,0.43447558688960886,False
PR-002133,2025-01-25,Parceria,Santos,SP,Imóvel rural,410515.66,182236.37,60.0,651.0,48.0,1973.07,0.0,CONS-015,6.0,Contratada,45.0,2025-11-03,1.25,0.4439206289962239,True
PR-002134,2024-09-24,Mídia paga,Rio de Janeiro,RJ,Imóvel rural,421348.87,257692.77,180.0,648.0,41.0,5293.28,0.0,CONS-014,5.0,Documentação pendente,42.0,,,0.6115900346427889,False
PR-002135,2024-11-26,Correspondente,Salvador,BA,Casa,908918.64,476043.94,180.0,633.0,56.0,6472.77,0.0,CONS-007,6.0,Contratada,49.0,2025-01-14,1.31,0.5237475820718123,True
PR-002136,2025-07-03,Indicação,Goiânia,GO,Casa,486276.28,233832.3,240.0,599.0,31.0,11135.5,0.0,CONS-020,2.0,Sem retorno,33.0,,,0.48086305998721546,False
PR-002137,2025-09-22,Correspondente,Campinas,SP,Casa,500486.63,152895.88,60.0,551.0,36.0,3698.32,1.0,CONS-030,2.0,Reprovada crédito,15.0,,,0.3054944344866915,False
PR-002138,2025-05-14,Parceria,Recife,PE,Casa,698596.48,288766.39,84.0,567.0,38.0,3947.9,0.0,CONS-009,2.0,Reprovada crédito,23.0,,,0.4133521972512659,False
PR-002139,2024-10-20,Mídia paga,Santos,SP,Imóvel rural,1194394.43,610921.86,120.0,863.0,31.0,9062.19,1.0,CONS-001,6.0,Contratada,41.0,2024-11-30,1.37,0.5114908816177249,True
PR-002141,2025-07-01,Indicação,Belo Horizonte,MG,Casa,989050.58,646413.67,120.0,597.0,59.0,3274.85,0.0,CONS-016,3.0,Sem retorno,32.0,,,0.6535698811278187,False
PR-002142,2025-10-11,Organico,Recife,PE,Casa,1376574.49,685586.58,240.0,635.0,25.0,4497.23,0.0,CONS-004,6.0,Contratada,40.0,2025-12-20,1.4,0.49803812650923085,True
PR-002143,2024-07-28,Indicação,Santos,SP,Apartamento,772142.99,221502.16,180.0,661.0,34.0,7596.21,0.0,CONS-009,6.0,Contratada,35.0,2024-01-09,1.3,0.28686676285178736,True
PR-002144,2025-12-04,Correspondente,Goiânia,GO,Apartamento,467581.36,172708.98,84.0,703.0,54.0,3260.35,0.0,CONS-028,3.0,Sem retorno,19.0,,,0.36936669160635494,False
PR-002145,2025-12-02,Organico,Santos,SP,Imóvel rural,795381.46,442402.28,120.0,743.0,37.0,4722.85,1.0,CONS-021,6.0,Contratada,32.0,2025-03-16,1.26,0.556213970589659,True
PR-002146,2025-09-18,Mídia paga,Salvador,BA,Imóvel rural,830853.01,382781.71,240.0,677.0,21.0,6800.04,0.0,CONS-016,6.0,Contratada,35.0,2025-10-23,1.47,0.4607093016368804,True
PR-002147,2025-03-08,Correspondente,Rio de Janeiro,RJ,Apartamento,1771039.45,679389.46,120.0,687.0,45.0,5838.18,0.0,CONS-016,3.0,Reprovada crédito,50.0,,,0.38361057400500026,False
PR-002148,2024-07-06,Mídia paga,Salvador,BA,Apartamento,374731.93,190067.41,180.0,773.0,59.0,4458.67,0.0,CONS-023,3.0,Reprovada crédito,31.0,,,0.5072090067158141,False
PR-002149,2025-01-03,Mídia paga,Curitiba,PR,Apartamento,732602.63,252541.73,60.0,675.0,56.0,9384.41,1.0,CONS-021,6.0,Contratada,30.0,2025-03-31,1.34,0.34471856864614314,True
PR-002150,2025-03-23,Organico,Belo Horizonte,MG,Apartamento,793753.75,300874.76,180.0,673.0,41.0,3327.44,0.0,CONS-007,2.0,Desistiu,39.0,,,0.37905302494633886,False
PR-002152,2024-07-09,Mídia paga,Belo Horizonte,MG,Casa,544944.84,243025.42,180.0,594.0,39.0,5166.57,0.0,CONS-009,2.0,Sem retorno,28.0,,,0.4459633382343799,False
PR-002153,2024-07-05,Organico,Belo Horizonte,MG,Casa,360874.02,190718.24,60.0,774.0,25.0,4787.88,0.0,CONS-001,3.0,Reprovada crédito,29.0,,,0.5284898037270734,False
PR-002154,2025-08-19,Mídia paga,São Paulo,SP,Imóvel rural,1037522.52,626980.84,60.0,736.0,40.0,6477.25,0.0,CONS-015,3.0,Reprovada crédito,31.0,,,0.6043057648522173,False
PR-002155,2025-10-01,Parceria,Salvador,BA,Apartamento,571228.1,360157.54,84.0,656.0,25.0,3366.47,0.0,CONS-001,3.0,Desistiu,22.0,,,0.6304968890711083,False
PR-002156,2025-02-21,Parceria,Salvador,BA,Apartamento,1018120.5,423879.27,240.0,663.0,58.0,11160.29,0.0,CONS-020,6.0,Contratada,15.0,2025-08-03,1.52,0.4163350703575854,True
PR-002157,2025-02-13,Correspondente,Rio de Janeiro,RJ,Apartamento,582960.45,323032.58,84.0,553.0,57.0,13742.2,0.0,CONS-029,2.0,Reprovada crédito,15.0,,,0.5541243492590279,False
PR-002159,2025-10-02,Indicação,Salvador,BA,Apartamento,533598.55,282589.48,120.0,528.0,38.0,6198.68,0.0,CONS-008,3.0,Reprovada crédito,31.0,,,0.529591918868595,False
PR-002160,2024-11-16,Correspondente,São Paulo,SP,Apartamento,611373.16,270662.76,180.0,663.0,36.0,3574.22,0.0,CONS-010,2.0,Sem retorno,17.0,,,0.4427128596878541,False
PR-002161,2024-01-06,Correspondente,São Paulo,SP,Apartamento,622231.39,229731.21,120.0,647.0,48.0,9205.46,0.0,CONS-028,2.0,Desistiu,34.0,,,0.36920543336780226,False
PR-002162,2024-04-12,Indicação,Recife,PE,Apartamento,590210.57,311797.08,180.0,663.0,29.0,2955.85,0.0,CONS-028,4.0,Problema garantia,33.0,,,0.5282810844949796,False
PR-002163,2025-06-15,Mídia paga,Curitiba,PR,Casa,364820.12,197614.05,120.0,682.0,35.0,6528.98,0.0,CONS-006,5.0,Documentação pendente,35.0,,,0.5416753056273321,False
PR-002165,2025-04-30,Correspondente,São Paulo,SP,Apartamento,1148329.9,474633.63,120.0,742.0,36.0,7009.98,0.0,CONS-004,6.0,Contratada,53.0,2025-06-22,1.11,0.4133251515962443,True
PR-002166,2025-03-25,Organico,Brasília,DF,Apartamento,683572.21,337452.09,180.0,725.0,35.0,2375.99,0.0,CONS-004,6.0,Contratada,14.0,2025-08-04,1.38,0.4936597554192556,True
PR-002167,2024-12-10,Correspondente,Curitiba,PR,Apartamento,582160.88,374335.25,180.0,535.0,33.0,21717.71,0.0,CONS-024,4.0,Sem retorno,9.0,,,0.6430099700275291,False
PR-002168,2025-02-20,Correspondente,Campinas,SP,Apartamento,1144641.53,278734.78,84.0,574.0,49.0,2932.21,0.0,CONS-023,3.0,Sem retorno,23.0,,,0.24351272664377294,False
PR-002169,2024-12-14,Indicação,Rio de Janeiro,RJ,Casa,1428985.44,736585.35,60.0,661.0,34.0,3831.22,0.0,CONS-030,2.0,Desistiu,4.0,,,0.5154603604638547,False
PR-002170,2024-08-16,Correspondente,Goiânia,GO,Casa,2219920.64,802474.47,84.0,708.0,36.0,2508.36,0.0,CONS-017,4.0,Problema garantia,25.0,,,0.36148790886506643,False
PR-002171,2024-03-11,Organico,Florianópolis,SC,Apartamento,357718.8,152712.86,84.0,757.0,42.0,6318.79,0.0,CONS-024,4.0,Problema garantia,49.0,,,0.4269075597927757,False
PR-002172,2025-09-14,Parceria,Goiânia,GO,Casa,543684.1,345238.39,84.0,660.0,27.0,5471.09,0.0,CONS-010,5.0,Desistiu,23.0,,,0.6349981358660296,False
PR-002173,2025-01-11,Organico,Brasília,DF,Apartamento,778578.78,423176.36,180.0,781.0,40.0,11183.61,1.0,CONS-020,6.0,Contratada,48.0,2025-12-19,1.06,0.5435241376601607,True
PR-002174,2024-02-07,Indicação,Brasília,DF,Casa,769767.39,358373.69,240.0,618.0,42.0,6427.26,0.0,CONS-024,3.0,Desistiu,15.0,,,0.4655610183746547,False
PR-002175,2025-01-14,Correspondente,São Paulo,SP,Casa,756054.41,359455.1,60.0,677.0,47.0,4434.03,1.0,CONS-028,6.0,Contratada,67.0,2025-03-22,1.31,0.4754354914747471,True
PR-002176,2025-08-22,Correspondente,Salvador,BA,Apartamento,671792.81,352818.84,84.0,638.0,52.0,4439.59,1.0,CONS-012,6.0,Contratada,35.0,2025-09-26,1.29,0.5251899614704123,True
PR-002177,2025-02-09,Indicação,Recife,PE,Casa,1636013.63,515086.57,180.0,727.0,37.0,5301.46,0.0,CONS-004,6.0,Contratada,54.0,2025-10-26,1.18,0.31484246864129123,True
PR-002178,2024-10-27,Correspondente,Goiânia,GO,Apartamento,718729.73,392565.96,240.0,754.0,42.0,4715.33,0.0,CONS-011,3.0,Desistiu,46.0,,,0.546194130580907,False
PR-002179,2025-01-19,Correspondente,Porto Alegre,RS,Casa,388764.46,205873.84,84.0,601.0,38.0,3599.53,0.0,CONS-006,2.0,Reprovada crédito,29.0,,,0.5295593120832084,False
PR-002180,2025-12-03,Correspondente,Brasília,DF,Apartamento,354041.11,171033.43,84.0,684.0,27.0,7029.01,0.0,CONS-009,3.0,Desistiu,37.0,,,0.4830891813665368,False
PR-002181,2025-12-06,Organico,Curitiba,PR,Apartamento,611067.41,253354.92,180.0,706.0,43.0,13560.17,1.0,CONS-005,6.0,Contratada,43.0,2025-07-25,1.39,0.4146104273503966,True
PR-002182,2025-02-23,Parceria,Goiânia,GO,Apartamento,1236283.41,668129.16,84.0,627.0,35.0,8875.91,0.0,CONS-012,2.0,Reprovada crédito,16.0,,,0.5404336534775631,False
PR-002183,2024-06-19,Organico,Rio de Janeiro,RJ,Sala comercial,364891.28,160921.43,180.0,736.0,35.0,8448.17,0.0,CONS-020,6.0,Contratada,35.0,2024-07-24,1.21,0.44101199129779145,True
PR-002184,2025-02-24,Correspondente,Florianópolis,SC,Sala comercial,977732.18,344286.82,84.0,659.0,49.0,3430.46,1.0,CONS-003,3.0,Reprovada crédito,15.0,,,0.35212794162098665,False
PR-002185,2024-10-14,Correspondente,São Paulo,SP,Casa,579042.03,383313.38,60.0,653.0,35.0,3872.61,0.0,CONS-030,3.0,Sem retorno,38.0,,,0.6619785095738214,False
PR-002186,2025-04-20,Indicação,Santos,SP,Apartamento,989492.64,243124.44,120.0,774.0,41.0,8179.65,0.0,CONS-012,6.0,Contratada,58.0,2025-06-17,1.4,0.24570616311001564,True
PR-002187,2025-03-07,Parceria,Curitiba,PR,Apartamento,571325.63,209696.55,120.0,667.0,33.0,3879.08,0.0,CONS-025,3.0,Reprovada crédito,30.0,,,0.3670350829526062,False
PR-002188,2025-12-02,Indicação,Porto Alegre,RS,Imóvel rural,672522.81,255858.22,60.0,626.0,22.0,5978.51,0.0,CONS-011,6.0,Contratada,17.0,2025-01-03,1.39,0.3804454156729643,True
PR-002189,2025-04-25,Mídia paga,Goiânia,GO,Apartamento,1087076.12,394420.71,60.0,700.0,51.0,4978.27,0.0,CONS-014,3.0,Reprovada crédito,24.0,,,0.36282713118562476,False
PR-002190,2025-06-22,Correspondente,São Paulo,SP,Apartamento,493437.79,250325.24,240.0,751.0,46.0,6439.22,0.0,CONS-024,3.0,Desistiu,25.0,,,0.5073086112841094,False
PR-002191,2024-06-23,Correspondente,Curitiba,PR,Casa,410601.78,239280.41,240.0,544.0,34.0,6877.29,0.0,CONS-021,4.0,Sem retorno,31.0,,,0.5827554132863233,False
PR-002192,2025-01-02,Organico,Curitiba,PR,Sala comercial,954709.37,471642.95,84.0,690.0,59.0,3295.37,0.0,CONS-014,3.0,Desistiu,37.0,,,0.49401730497313545,False
PR-002193,2025-03-18,Mídia paga,Campinas,SP,Apartamento,904598.05,507773.92,84.0,652.0,29.0,9232.3,0.0,CONS-029,2.0,Sem retorno,31.0,,,0.5613254638344621,False
PR-002194,2025-05-16,Correspondente,São Paulo,SP,Casa,391375.76,216800.33,180.0,590.0,40.0,2789.15,0.0,CONS-024,4.0,Problema garantia,22.0,,,0.5539441941933245,False
PR-002195,2025-07-06,Correspondente,Santos,SP,Apartamento,439767.75,246267.97,84.0,659.0,45.0,2960.96,0.0,CONS-029,3.0,Desistiu,57.0,,,0.5599955203627369,False
PR-002196,2025-02-19,Correspondente,Santos,SP,Apartamento,838579.66,449543.9,120.0,602.0,44.0,3641.16,0.0,CONS-019,3.0,Desistiu,49.0,,,0.5360777531856663,False
PR-002197,2025-06-29,Parceria,Porto Alegre,RS,Imóvel rural,618343.0,258897.57,240.0,666.0,38.0,3858.53,0.0,CONS-002,6.0,Contratada,31.0,2025-07-30,1.26,0.41869572389434345,True
PR-002198,2024-06-17,Indicação,São Paulo,SP,Imóvel rural,324340.89,229428.69,180.0,665.0,54.0,3305.9,0.0,CONS-024,5.0,Documentação pendente,49.0,,,0.7073689968600628,False
PR-002199,2025-01-28,Mídia paga,Belo Horizonte,MG,Apartamento,384709.85,203818.01,120.0,683.0,36.0,5905.78,1.0,CONS-016,6.0,Contratada,44.0,2025-03-13,1.62,0.5297967026318666,True
PR-002200,2025-04-18,Organico,Goiânia,GO,Apartamento,837179.91,279036.24,180.0,744.0,33.0,7798.24,1.0,CONS-020,6.0,Contratada,14.0,2025-02-05,1.3,0.33330498817153886,True
PR-002201,2025-03-27,Indicação,Campinas,SP,Casa,659467.68,415600.68,240.0,832.0,28.0,5853.29,0.0,CONS-002,5.0,Documentação pendente,33.0,,,0.6302062900186405,False
PR-002202,2025-04-20,Correspondente,Salvador,BA,Apartamento,775083.58,385298.48,180.0,658.0,31.0,2647.01,0.0,CONS-017,2.0,Sem retorno,44.0,,,0.49710571858585884,False
PR-002203,2024-05-09,Correspondente,Porto Alegre,RS,Apartamento,627004.1,304360.89,60.0,663.0,35.0,8493.56,0.0,CONS-029,4.0,Sem retorno,27.0,,,0.48542089278204087,False
PR-002204,2025-04-17,Indicação,Goiânia,GO,Casa,592641.13,248083.71,84.0,706.0,32.0,6352.86,0.0,CONS-003,3.0,Desistiu,24.0,,,0.4186069738359199,False
PR-002205,2025-09-09,Correspondente,Santos,SP,Sala comercial,1453379.25,710754.45,120.0,650.0,31.0,7038.04,0.0,CONS-028,4.0,Sem retorno,46.0,,,0.4890357764499527,False
PR-002206,2025-07-19,Correspondente,Campinas,SP,Imóvel rural,1329246.9,487542.97,180.0,629.0,55.0,2961.7,0.0,CONS-003,3.0,Desistiu,27.0,,,0.36678134814532953,False
PR-002207,2025-02-17,Parceria,Brasília,DF,Apartamento,864884.3,378365.34,120.0,690.0,36.0,6478.1,0.0,CONS-017,3.0,Desistiu,13.0,,,0.4374750934893835,False
PR-002208,2025-08-03,Correspondente,Belo Horizonte,MG,Apartamento,1309032.02,526767.07,60.0,735.0,49.0,13117.44,0.0,CONS-001,4.0,Sem retorno,39.0,,,0.40240961409026493,False
PR-002209,2024-07-09,Mídia paga,Goiânia,GO,Casa,1044218.7,438527.12,84.0,533.0,39.0,6759.4,0.0,CONS-006,4.0,Problema garantia,48.0,,,0.41995716031517155,False
PR-002210,2024-08-25,Correspondente,Porto Alegre,RS,Apartamento,650936.53,242039.73,240.0,657.0,35.0,6641.8,1.0,CONS-020,3.0,Reprovada crédito,18.0,,,0.3718330725731432,False
PR-002211,2025-08-02,Correspondente,Campinas,SP,Casa,267324.37,118370.26,120.0,619.0,31.0,3358.24,0.0,CONS-020,2.0,Desistiu,39.0,,,0.4427963675739701,False
PR-002212,2025-08-17,Parceria,Belo Horizonte,MG,Sala comercial,663996.63,431522.5,60.0,761.0,38.0,23384.36,0.0,CONS-003,3.0,Reprovada crédito,39.0,,,0.6498865815026802,False
PR-002214,2024-11-18,Indicação,Florianópolis,SC,Casa,860139.79,444271.76,120.0,643.0,54.0,6235.54,0.0,CONS-016,6.0,Contratada,58.0,2025-01-15,1.38,0.5165111126878574,True
PR-002215,2025-09-16,Parceria,São Paulo,SP,Casa,381216.16,196969.23,60.0,650.0,29.0,1800.0,1.0,CONS-003,4.0,Problema garantia,34.0,,,0.5166864647081069,False
PR-002216,2025-01-06,Correspondente,Santos,SP,Casa,433686.72,216414.67,60.0,647.0,23.0,8781.33,0.0,CONS-007,3.0,Sem retorno,20.0,,,0.4990115214964388,False
PR-002219,2025-03-22,Correspondente,Campinas,SP,Casa,823731.68,554707.62,60.0,642.0,41.0,9386.17,0.0,CONS-006,5.0,Desistiu,41.0,,,0.6734081418357006,False
PR-002220,2025-10-05,Parceria,Brasília,DF,Apartamento,367580.18,149405.7,180.0,611.0,46.0,3199.18,1.0,CONS-008,3.0,Reprovada crédito,25.0,,,0.4064574428360093,False
PR-002221,2025-08-06,Correspondente,Santos,SP,Apartamento,510704.23,306362.37,60.0,535.0,35.0,4871.83,0.0,CONS-008,3.0,Reprovada crédito,5.0,,,0.5998821862117727,False
PR-002222,2024-06-10,Mídia paga,Santos,SP,Imóvel rural,912069.68,468931.46,60.0,683.0,65.0,11262.32,0.0,CONS-010,2.0,Desistiu,15.0,,,0.514139950359933,False
PR-002223,2024-10-13,Parceria,Salvador,BA,Casa,676234.54,378708.14,240.0,796.0,44.0,5075.82,1.0,CONS-028,3.0,Reprovada crédito,19.0,,,0.5600248399024398,False
PR-002224,2025-02-03,Mídia paga,Curitiba,PR,Sala comercial,452901.75,295622.32,180.0,682.0,43.0,16747.87,0.0,CONS-005,5.0,Desistiu,36.0,,,0.6527294716790121,False
PR-002225,2025-06-07,Parceria,Porto Alegre,RS,Sala comercial,970608.42,396002.46,180.0,720.0,33.0,13031.24,0.0,CONS-011,2.0,Reprovada crédito,16.0,,,0.40799404975283443,False
PR-002226,2025-10-11,Correspondente,Santos,SP,Casa,862873.55,424702.46,180.0,573.0,51.0,7170.6,0.0,CONS-018,4.0,Problema garantia,33.0,,,0.49219547870021046,False
PR-002227,2024-12-18,Mídia paga,Florianópolis,SC,Casa,1037009.01,546287.14,84.0,566.0,35.0,3881.49,1.0,CONS-015,3.0,Sem retorno,21.0,,,0.5267911220944936,False
PR-002228,2025-10-31,Indicação,São Paulo,SP,Apartamento,448605.56,191768.66,120.0,566.0,43.0,7208.35,0.0,CONS-018,5.0,Desistiu,30.0,,,0.42747722520425296,False
PR-002229,2025-02-05,Mídia paga,Florianópolis,SC,Casa,565608.6,225260.99,180.0,574.0,36.0,8756.77,1.0,CONS-002,5.0,Documentação pendente,49.0,,,0.39826302146042336,False
PR-002230,2025-07-09,Indicação,Brasília,DF,Apartamento,798813.44,494397.81,180.0,676.0,42.0,4448.53,0.0,CONS-021,4.0,Problema garantia,26.0,,,0.6189152375803793,False
PR-002231,2025-11-10,Mídia paga,Goiânia,GO,Casa,528236.71,217028.26,60.0,733.0,24.0,2940.96,0.0,CONS-014,6.0,Contratada,26.0,2025-06-11,1.06,0.41085417936969965,True
PR-002232,2024-12-09,Organico,Curitiba,PR,Casa,1202988.58,864750.29,84.0,821.0,21.0,4467.58,0.0,CONS-003,4.0,Problema garantia,31.0,,,0.7188349950919733,False
PR-002233,2025-02-13,Parceria,Salvador,BA,Apartamento,721032.07,251027.66,84.0,588.0,51.0,3377.49,0.0,CONS-022,4.0,Sem retorno,43.0,,,0.3481504782443311,False
PR-002234,2024-01-10,Correspondente,Rio de Janeiro,RJ,Casa,487051.76,158019.51,120.0,791.0,23.0,3556.32,0.0,CONS-023,6.0,Contratada,45.0,2024-11-15,1.42,0.32444089720566865,True
PR-002235,2025-09-05,Indicação,Rio de Janeiro,RJ,Imóvel rural,1357474.47,732715.51,120.0,509.0,66.0,3396.37,1.0,CONS-028,4.0,Problema garantia,19.0,,,0.5397637496637414,False
PR-002236,2025-05-09,Correspondente,Rio de Janeiro,RJ,Apartamento,1524206.4,496757.46,120.0,805.0,42.0,10485.18,0.0,CONS-002,4.0,Sem retorno,16.0,,,0.32591219929269427,False
PR-002237,2024-12-29,Correspondente,Belo Horizonte,MG,Sala comercial,434876.96,291139.18,120.0,554.0,61.0,3858.49,0.0,CONS-025,5.0,Documentação pendente,30.0,,,0.6694748326055259,False
PR-002238,2024-01-14,Parceria,Brasília,DF,Apartamento,548874.8,317755.73,120.0,605.0,28.0,4834.73,0.0,CONS-022,6.0,Contratada,21.0,2024-04-02,1.23,0.5789220601856743,True
PR-002239,2025-02-05,Mídia paga,Campinas,SP,Apartamento,754704.37,388577.32,60.0,738.0,34.0,4141.08,0.0,CONS-020,6.0,Contratada,68.0,2025-09-07,1.52,0.5148735524083423,True
PR-002240,2025-08-08,Correspondente,Goiânia,GO,Apartamento,1262652.88,574350.08,240.0,712.0,35.0,7800.95,0.0,CONS-026,6.0,Contratada,35.0,2025-12-09,1.14,0.4548756741441084,True
PR-002241,2025-06-03,Correspondente,Porto Alegre,RS,Sala comercial,1355031.58,385180.84,120.0,562.0,58.0,6004.7,0.0,CONS-028,2.0,Reprovada crédito,16.0,,,0.28425967754936016,False
PR-002242,2024-08-07,Organico,Campinas,SP,Apartamento,1088584.01,695094.87,240.0,702.0,39.0,2800.88,0.0,CONS-007,2.0,Reprovada crédito,25.0,,,0.6385312145086534,False
PR-002243,2025-09-08,Correspondente,Belo Horizonte,MG,Casa,1161378.27,543490.89,60.0,619.0,41.0,8236.56,0.0,CONS-010,4.0,Sem retorno,9.0,,,0.4679706035829308,False
PR-002244,2025-08-31,Organico,Rio de Janeiro,RJ,Apartamento,280552.18,149276.95,120.0,730.0,48.0,3820.75,0.0,CONS-020,2.0,Sem retorno,29.0,,,0.5320826592757184,False
PR-002245,2024-10-17,Parceria,Curitiba,PR,Casa,580123.98,294378.02,240.0,643.0,41.0,6630.5,0.0,CONS-030,4.0,Problema garantia,34.0,,,0.5074398407043957,False
PR-002246,2025-03-03,Organico,Brasília,DF,Apartamento,786681.31,590117.69,120.0,686.0,36.0,3915.15,0.0,CONS-008,4.0,Problema garantia,31.0,,,0.750135642602212,False
PR-002247,2025-12-05,Indicação,Rio de Janeiro,RJ,Casa,1198850.58,615131.03,120.0,746.0,45.0,10314.85,0.0,CONS-016,4.0,Problema garantia,24.0,,,0.5131006651387698,False
PR-002248,2025-03-02,Correspondente,Belo Horizonte,MG,Casa,1609173.6,679998.45,180.0,682.0,47.0,3553.53,0.0,CONS-029,3.0,Sem retorno,35.0,,,0.422576190660846,False
PR-002249,2024-09-15,Indicação,Goiânia,GO,Casa,462047.71,287555.13,120.0,629.0,41.0,3732.26,0.0,CONS-008,3.0,Desistiu,12.0,,,0.6223494322696675,False
PR-002250,2024-08-13,Mídia paga,Brasília,DF,Apartamento,492386.69,233926.35,240.0,686.0,44.0,7808.67,0.0,CONS-018,3.0,Reprovada crédito,26.0,,,0.47508666410133876,False
PR-002251,2024-05-10,Correspondente,Goiânia,GO,Casa,683938.51,261656.72,84.0,615.0,50.0,5521.77,1.0,CONS-012,3.0,Reprovada crédito,16.0,,,0.3825734567863418,False
PR-002252,2024-11-10,Organico,Porto Alegre,RS,Sala comercial,1457836.65,590257.87,240.0,591.0,59.0,3972.14,0.0,CONS-024,6.0,Contratada,38.0,2024-11-18,1.42,0.4048861509964097,True
PR-002253,2024-07-17,Parceria,Florianópolis,SC,Apartamento,1191214.64,510917.86,180.0,690.0,43.0,16661.73,0.0,CONS-015,3.0,Desistiu,32.0,,,0.42890495368660014,False
PR-002254,2025-06-26,Mídia paga,Santos,SP,Apartamento,1306926.1,535927.33,120.0,550.0,28.0,4800.25,1.0,CONS-001,4.0,Sem retorno,33.0,,,0.4100670496977602,False
PR-002255,2025-02-23,Parceria,São Paulo,SP,Sala comercial,946502.86,476234.26,60.0,685.0,34.0,6396.91,0.0,CONS-027,4.0,Sem retorno,39.0,,,0.5031514220675466,False
PR-002256,2025-03-26,Indicação,Rio de Janeiro,RJ,Imóvel rural,747490.48,344576.39,84.0,623.0,27.0,6664.86,0.0,CONS-003,5.0,Desistiu,38.0,,,0.46097763010975074,False
PR-002257,2024-06-12,Parceria,Florianópolis,SC,Casa,1292768.79,875204.58,120.0,643.0,21.0,4626.41,0.0,CONS-028,4.0,Problema garantia,13.0,,,0.6770000844466549,False
PR-002258,2025-01-13,Mídia paga,São Paulo,SP,Apartamento,515586.82,272146.37,60.0,583.0,25.0,2292.1,1.0,CONS-020,2.0,Sem retorno,29.0,,,0.527838104938369,False
PR-002259,2025-07-21,Parceria,Florianópolis,SC,Apartamento,291043.42,94689.1,180.0,600.0,28.0,7861.51,0.0,CONS-024,2.0,Sem retorno,28.0,,,0.3253435518315446,False
PR-002260,2024-03-29,Parceria,São Paulo,SP,Apartamento,1436401.63,796399.22,60.0,682.0,42.0,4115.11,0.0,CONS-005,3.0,Desistiu,32.0,,,0.5544404875118389,False
PR-002261,2024-08-11,Organico,Salvador,BA,Casa,599157.21,307487.11,120.0,843.0,27.0,5620.06,1.0,CONS-007,6.0,Contratada,31.0,2024-09-12,1.25,0.5131993821788442,True
PR-002262,2025-02-17,Correspondente,Curitiba,PR,Apartamento,1345074.93,638251.59,60.0,608.0,47.0,2943.95,0.0,CONS-007,2.0,Reprovada crédito,33.0,,,0.4745100631680051,False
PR-002263,2025-08-04,Organico,Salvador,BA,Casa,1318831.34,728055.56,84.0,660.0,39.0,1800.0,1.0,CONS-006,5.0,Desistiu,42.0,,,0.5520459955099338,False
PR-002264,2025-06-27,Mídia paga,São Paulo,SP,Apartamento,829510.26,331577.04,240.0,679.0,36.0,5652.71,0.0,CONS-029,4.0,Problema garantia,30.0,,,0.3997262674002368,False
PR-002265,2024-12-14,Organico,Campinas,SP,Casa,215975.23,97073.15,120.0,580.0,43.0,7526.21,0.0,CONS-002,2.0,Reprovada crédito,34.0,,,0.4494642742132975,False
PR-002266,2025-11-01,Indicação,Santos,SP,Casa,496283.11,310515.28,84.0,772.0,47.0,10230.54,0.0,CONS-014,4.0,Sem retorno,43.0,,,0.6256817404082118,False
PR-002267,2025-04-17,Mídia paga,Belo Horizonte,MG,Apartamento,411340.94,245335.6,180.0,545.0,35.0,3850.01,0.0,CONS-014,2.0,Sem retorno,13.0,,,0.5964288407567698,False
PR-002268,2024-11-21,Organico,Curitiba,PR,Sala comercial,920959.71,490903.11,60.0,646.0,36.0,2580.58,0.0,CONS-004,6.0,Contratada,24.0,2024-12-15,1.4,0.5330342952787804,True
PR-002269,2024-10-26,Indicação,Porto Alegre,RS,Sala comercial,829569.3,453334.45,180.0,672.0,48.0,5684.59,0.0,CONS-027,3.0,Desistiu,22.0,,,0.5464696560010116,False
PR-002270,2025-03-20,Organico,Goiânia,GO,Casa,736524.18,372261.46,240.0,770.0,46.0,5620.14,0.0,CONS-010,4.0,Sem retorno,43.0,,,0.5054300593362733,False
PR-002271,2024-10-12,Correspondente,Santos,SP,Casa,777703.75,388649.0,180.0,544.0,40.0,10451.93,0.0,CONS-014,3.0,Sem retorno,24.0,,,0.499739135885612,False
PR-002272,2025-02-28,Indicação,Curitiba,PR,Apartamento,333287.76,167382.56,60.0,806.0,43.0,5513.05,0.0,CONS-027,3.0,Sem retorno,31.0,,,0.5022163430184174,False
PR-002273,2025-05-04,Correspondente,Campinas,SP,Apartamento,491814.57,243058.78,180.0,611.0,37.0,2901.31,0.0,CONS-029,4.0,Sem retorno,38.0,,,0.4942081728078938,False
PR-002275,2024-08-26,Mídia paga,Porto Alegre,RS,Apartamento,962008.74,348672.21,60.0,707.0,39.0,3312.63,0.0,CONS-029,1.0,Sem retorno,27.0,,,0.36244183186942774,False
PR-002276,2024-07-06,Organico,São Paulo,SP,Casa,3606036.66,2151332.72,180.0,660.0,40.0,6443.75,0.0,CONS-004,3.0,Reprovada crédito,20.0,,,0.5965920268819452,False
PR-002277,2024-05-19,Mídia paga,Florianópolis,SC,Casa,415278.13,165599.24,120.0,548.0,48.0,6712.8,0.0,CONS-002,3.0,Desistiu,18.0,,,0.3987670624504112,False
PR-002278,2025-09-05,Mídia paga,Florianópolis,SC,Apartamento,761339.56,215335.86,60.0,666.0,22.0,5066.29,0.0,CONS-024,3.0,Reprovada crédito,27.0,,,0.28283813335537167,False
PR-002279,2025-07-14,Indicação,São Paulo,SP,Casa,804211.85,451967.81,240.0,662.0,21.0,5343.38,0.0,CONS-007,2.0,Sem retorno,23.0,,,0.5620009329631241,False
PR-002280,2024-08-23,Organico,Campinas,SP,Apartamento,1702883.16,1149113.19,240.0,600.0,23.0,5298.99,1.0,CONS-029,1.0,Sem retorno,37.0,,,0.6748044827690938,False
PR-002281,2025-08-03,Correspondente,Brasília,DF,Apartamento,733648.99,332775.56,180.0,611.0,46.0,20896.25,0.0,CONS-011,4.0,Problema garantia,24.0,,,0.4535896110209325,False
PR-002282,2024-07-31,Parceria,Curitiba,PR,Apartamento,660748.96,392366.33,240.0,688.0,37.0,8429.71,0.0,CONS-019,3.0,Reprovada crédito,23.0,,,0.5938205789987169,False
PR-002284,2025-05-04,Mídia paga,Rio de Janeiro,RJ,Casa,404807.22,212352.23,84.0,726.0,32.0,2823.45,0.0,CONS-030,3.0,Desistiu,24.0,,,0.5245761920945976,False
PR-002285,2024-11-11,Organico,Rio de Janeiro,RJ,Casa,1004041.26,422170.08,60.0,745.0,49.0,5203.57,0.0,CONS-017,4.0,Problema garantia,28.0,,,0.42047084798088874,False
PR-002286,2025-02-14,Correspondente,Rio de Janeiro,RJ,Apartamento,917150.95,565177.48,60.0,687.0,46.0,4057.68,0.0,CONS-012,3.0,Sem retorno,23.0,,,0.6162316901051021,False
PR-002287,2025-12-11,Organico,Curitiba,PR,Apartamento,1015663.69,566219.25,120.0,649.0,42.0,3252.58,0.0,CONS-029,4.0,Sem retorno,54.0,,,0.5574869472787789,False
PR-002288,2025-08-23,Organico,Porto Alegre,RS,Apartamento,1106243.86,563051.59,180.0,565.0,42.0,8171.19,1.0,CONS-015,2.0,Sem retorno,44.0,,,0.5089760136612193,False
PR-002289,2025-07-06,Organico,Florianópolis,SC,Sala comercial,1876029.13,1191257.73,84.0,819.0,50.0,3126.17,1.0,CONS-014,6.0,Contratada,44.0,2025-07-21,1.24,0.6349889300492898,True
PR-002290,2025-01-29,Parceria,Brasília,DF,Apartamento,775115.04,214432.86,120.0,728.0,46.0,11098.47,0.0,CONS-022,6.0,Contratada,60.0,2025-03-30,1.16,0.2766464962413837,True
PR-002292,2025-09-09,Organico,Rio de Janeiro,RJ,Casa,474545.84,275625.78,180.0,717.0,37.0,4589.77,0.0,CONS-001,6.0,Contratada,23.0,2025-02-10,1.42,0.580820137418126,True
PR-002293,2024-09-29,Indicação,Porto Alegre,RS,Apartamento,556057.18,246305.02,120.0,612.0,40.0,2201.61,0.0,CONS-018,5.0,Desistiu,21.0,,,0.4429490866388956,False
PR-002294,2024-11-19,Organico,Goiânia,GO,Apartamento,719195.26,315151.84,60.0,618.0,44.0,5580.24,1.0,CONS-026,3.0,Reprovada crédito,56.0,,,0.4382006633358513,False
PR-002295,2024-09-09,Mídia paga,Salvador,BA,Apartamento,1158789.04,731610.52,60.0,640.0,46.0,3684.06,0.0,CONS-028,3.0,Sem retorno,20.0,,,0.6313578181581697,False
PR-002296,2025-02-27,Mídia paga,Porto Alegre,RS,Casa,723067.86,319892.39,60.0,623.0,48.0,3183.73,0.0,CONS-017,4.0,Problema garantia,42.0,,,0.4424099143336284,False
PR-002298,2024-08-18,Correspondente,Recife,PE,Casa,2199990.2,1044537.35,120.0,649.0,33.0,6647.3,0.0,CONS-020,6.0,Contratada,42.0,2024-09-29,1.32,0.474791819527196,True
PR-002299,2024-07-27,Mídia paga,Santos,SP,Casa,476119.21,221692.21,84.0,657.0,64.0,7966.19,1.0,CONS-028,4.0,Problema garantia,16.0,,,0.4656233257213041,False
PR-002301,2025-01-23,Organico,Santos,SP,Apartamento,484714.93,336798.71,60.0,698.0,43.0,5527.94,0.0,CONS-011,4.0,Problema garantia,23.0,,,0.6948387374822559,False
PR-002302,2025-02-07,Correspondente,Brasília,DF,Apartamento,856484.24,425658.53,84.0,642.0,49.0,5023.59,0.0,CONS-018,3.0,Desistiu,23.0,,,0.4969834938235408,False
PR-002303,2025-02-22,Mídia paga,Recife,PE,Apartamento,820896.5,462651.17,180.0,772.0,42.0,11152.22,0.0,CONS-019,3.0,Sem retorno,30.0,,,0.5635925722670275,False
PR-002304,2025-03-15,Parceria,Salvador,BA,Apartamento,389269.9,216054.01,240.0,739.0,35.0,1800.0,1.0,CONS-018,6.0,Contratada,36.0,2025-04-20,1.22,0.5550236738057579,True
PR-002305,2025-12-07,Correspondente,Florianópolis,SC,Casa,1146927.51,630552.33,180.0,632.0,50.0,2666.82,1.0,CONS-007,6.0,Contratada,39.0,2025-08-20,1.47,0.5497752251142707,True
PR-002306,2024-04-06,Indicação,Rio de Janeiro,RJ,Apartamento,1149731.3,551621.35,180.0,659.0,40.0,6963.61,1.0,CONS-002,3.0,Sem retorno,38.0,,,0.4797828414343421,False
PR-002307,2025-11-01,Indicação,Recife,PE,Apartamento,747312.61,440509.78,240.0,674.0,40.0,3063.26,0.0,CONS-007,3.0,Sem retorno,26.0,,,0.5894585132184509,False
PR-002308,2024-10-12,Organico,Florianópolis,SC,Apartamento,1056277.24,527619.85,180.0,743.0,33.0,2759.0,1.0,CONS-001,3.0,Sem retorno,27.0,,,0.4995088694706704,False
PR-002309,2025-03-08,Organico,São Paulo,SP,Apartamento,479873.35,208081.58,180.0,797.0,21.0,3625.86,0.0,CONS-011,5.0,Desistiu,35.0,,,0.43361770350447676,False
PR-002310,2025-04-27,Indicação,Curitiba,PR,Casa,601076.21,141333.41,60.0,718.0,41.0,2179.92,1.0,CONS-027,5.0,Desistiu,41.0,,,0.235133927526428,False
PR-002311,2025-05-05,Indicação,Belo Horizonte,MG,Apartamento,410854.43,248470.16,60.0,690.0,44.0,5754.9,0.0,CONS-014,3.0,Desistiu,39.0,,,0.6047644660908245,False
PR-002313,2024-11-13,Parceria,Recife,PE,Casa,308982.19,160043.11,84.0,626.0,22.0,9126.02,1.0,CONS-007,5.0,Documentação pendente,27.0,,,0.5179687217570695,False
PR-002315,2024-10-07,Organico,Santos,SP,Apartamento,474804.69,248875.61,60.0,648.0,37.0,4601.75,0.0,CONS-006,3.0,Desistiu,42.0,,,0.5241641779064987,False
PR-002316,2025-03-10,Organico,São Paulo,SP,Apartamento,1937221.89,932603.31,120.0,654.0,25.0,2512.13,0.0,CONS-005,2.0,Desistiu,24.0,,,0.48141274616714147,False
PR-002317,2025-12-03,Parceria,Florianópolis,SC,Apartamento,710222.81,339621.53,240.0,634.0,43.0,3524.03,0.0,CONS-014,6.0,Contratada,37.0,2025-04-18,1.36,0.4781901189571763,True
PR-002318,2024-11-15,Mídia paga,Campinas,SP,Apartamento,449150.73,168030.8,60.0,747.0,52.0,4344.1,0.0,CONS-020,6.0,Contratada,39.0,2024-12-24,1.34,0.37410781899430506,True
PR-002319,2024-10-15,Parceria,Recife,PE,Apartamento,798499.57,347072.5,60.0,614.0,39.0,8205.91,0.0,CONS-001,6.0,Contratada,9.0,2024-10-24,1.1,0.4346558383243713,True
PR-002320,2025-03-03,Correspondente,Santos,SP,Sala comercial,498757.82,145752.85,84.0,660.0,55.0,11819.35,0.0,CONS-026,3.0,Desistiu,11.0,,,0.29223170876799487,False
PR-002321,2024-08-09,Indicação,São Paulo,SP,Casa,516705.72,248808.59,240.0,682.0,53.0,3564.64,0.0,CONS-010,6.0,Contratada,35.0,2024-10-13,1.17,0.48152861555316245,True
PR-002322,2025-03-18,Organico,Rio de Janeiro,RJ,Casa,1356059.25,540287.34,84.0,701.0,27.0,7375.57,0.0,CONS-002,6.0,Contratada,41.0,2025-04-28,1.18,0.39842458211173293,True
PR-002323,2025-10-03,Mídia paga,Santos,SP,Casa,826885.28,326112.43,120.0,703.0,27.0,5267.6,0.0,CONS-008,6.0,Contratada,18.0,2025-03-28,1.07,0.3943865465835841,True
PR-002324,2024-03-04,Indicação,Recife,PE,Apartamento,545560.73,240688.13,240.0,573.0,48.0,4160.64,0.0,CONS-028,2.0,Reprovada crédito,30.0,,,0.4411756872603349,False
PR-002325,2025-04-02,Correspondente,Porto Alegre,RS,Casa,521295.71,289354.91,180.0,673.0,52.0,2470.99,0.0,CONS-015,3.0,Desistiu,18.0,,,0.5550686576722451,False
PR-002326,2025-11-05,Indicação,Florianópolis,SC,Casa,568183.47,355541.74,84.0,651.0,55.0,1800.0,0.0,CONS-015,4.0,Problema garantia,46.0,,,0.6257516432148229,False
PR-002327,2024-07-16,Parceria,Florianópolis,SC,Sala comercial,239381.36,140132.31,120.0,679.0,41.0,2193.77,0.0,CONS-003,3.0,Sem retorno,13.0,,,0.5853935745038795,False
PR-002328,2025-08-17,Parceria,Campinas,SP,Imóvel rural,594771.49,274176.77,84.0,689.0,37.0,7665.57,0.0,CONS-013,2.0,Desistiu,22.0,,,0.4609783330401395,False
PR-002329,2024-12-15,Mídia paga,São Paulo,SP,Casa,906607.65,417533.26,84.0,673.0,45.0,4769.32,0.0,CONS-012,3.0,Sem retorno,38.0,,,0.4605446027286445,False
PR-002330,2025-06-22,Organico,Goiânia,GO,Casa,616682.0,242707.56,240.0,636.0,47.0,5135.98,0.0,CONS-019,5.0,Documentação pendente,38.0,,,0.3935700409611437,False
PR-002331,2024-08-28,Indicação,Florianópolis,SC,Casa,915712.23,709392.15,120.0,617.0,41.0,3179.1,1.0,CONS-004,3.0,Reprovada crédito,5.0,,,0.7746889544109289,False
PR-002332,2024-11-25,Correspondente,Rio de Janeiro,RJ,Sala comercial,376754.07,203648.25,84.0,701.0,42.0,4956.68,0.0,CONS-015,4.0,Sem retorno,35.0,,,0.5405336430738492,False
PR-002333,2024-03-15,Organico,Rio de Janeiro,RJ,Apartamento,693466.19,327200.31,120.0,577.0,44.0,2892.87,0.0,CONS-028,4.0,Sem retorno,28.0,,,0.4718331112869396,False
PR-002334,2024-08-03,Indicação,Campinas,SP,Apartamento,472015.58,206968.01,84.0,691.0,44.0,8635.75,0.0,CONS-030,6.0,Contratada,34.0,2024-11-04,1.39,0.4384770731508481,True
PR-002335,2025-08-10,Indicação,Belo Horizonte,MG,Casa,956438.38,615771.4,240.0,606.0,35.0,6161.31,0.0,CONS-002,2.0,Reprovada crédito,16.0,,,0.6438171165820427,False
PR-002336,2024-11-17,Parceria,Belo Horizonte,MG,Casa,583505.84,261840.08,120.0,658.0,32.0,4923.27,0.0,CONS-027,2.0,Desistiu,45.0,,,0.448736005795589,False
PR-002337,2025-03-24,Indicação,Rio de Janeiro,RJ,Casa,539967.5,351514.73,60.0,736.0,36.0,2176.88,0.0,CONS-006,2.0,Sem retorno,43.0,,,0.6509923838008769,False
PR-002338,2024-02-10,Parceria,Santos,SP,Apartamento,1076409.56,592175.46,84.0,658.0,51.0,4933.8,0.0,CONS-013,5.0,Documentação pendente,35.0,,,0.550139539823485,False
PR-002340,2024-08-28,Correspondente,Salvador,BA,Casa,950741.66,446368.92,120.0,621.0,37.0,5098.4,0.0,CONS-020,3.0,Desistiu,18.0,,,0.4694954883958698,False
PR-002341,2024-02-03,Mídia paga,Brasília,DF,Apartamento,578012.96,286272.78,120.0,774.0,35.0,9333.83,0.0,CONS-009,6.0,Contratada,21.0,2024-03-23,1.32,0.495270521269973,True
PR-002342,2025-02-22,Correspondente,São Paulo,SP,Casa,617995.47,304046.15,240.0,708.0,33.0,4939.49,0.0,CONS-027,6.0,Contratada,43.0,2025-06-04,1.23,0.491987667806044,True
PR-002343,2024-10-24,Mídia paga,Recife,PE,Apartamento,1339555.64,361679.88,180.0,549.0,52.0,3589.12,1.0,CONS-021,3.0,Sem retorno,31.0,,,0.2699998933974852,False
PR-002344,2024-06-17,Indicação,São Paulo,SP,Casa,853131.49,439536.7,60.0,620.0,55.0,7839.49,0.0,CONS-009,6.0,Contratada,24.0,2024-11-07,1.35,0.5152039341555661,True
PR-002345,2024-09-11,Parceria,Curitiba,PR,Sala comercial,628484.23,351938.61,180.0,736.0,37.0,12291.8,0.0,CONS-027,3.0,Reprovada crédito,28.0,,,0.5599800173188116,False
PR-002346,2025-02-25,Indicação,Belo Horizonte,MG,Casa,1270472.02,680805.41,60.0,552.0,52.0,6577.91,0.0,CONS-019,2.0,Sem retorno,29.0,,,0.535868086256634,False
PR-002347,2025-01-10,Organico,Campinas,SP,Sala comercial,796327.23,339503.22,120.0,810.0,47.0,1906.07,0.0,CONS-003,1.0,Sem retorno,5.0,,,0.42633631905316105,False
PR-002348,2024-06-11,Correspondente,Porto Alegre,RS,Casa,796931.42,385833.97,240.0,648.0,49.0,9927.67,0.0,CONS-022,4.0,Sem retorno,26.0,,,0.48414952694423813,False
PR-002349,2025-05-16,Parceria,São Paulo,SP,Casa,712358.24,377225.83,120.0,615.0,21.0,4722.46,1.0,CONS-023,3.0,Sem retorno,27.0,,,0.5295451204438936,False
PR-002350,2024-05-13,Correspondente,Curitiba,PR,Apartamento,402104.6,182436.68,60.0,590.0,37.0,5787.49,0.0,CONS-012,1.0,Sem retorno,23.0,,,0.4537045335964821,False
PR-002351,2025-02-27,Indicação,Recife,PE,Apartamento,1445358.67,361822.73,120.0,730.0,40.0,3674.51,1.0,CONS-016,5.0,Desistiu,36.0,,,0.25033421635060316,False
PR-002352,2025-02-04,Correspondente,Curitiba,PR,Casa,504814.33,210625.4,180.0,784.0,42.0,8719.89,0.0,CONS-019,2.0,Sem retorno,20.0,,,0.41723340143692034,False
PR-002353,2025-03-31,Organico,Curitiba,PR,Casa,1149630.76,645274.79,240.0,763.0,53.0,3617.03,0.0,CONS-019,6.0,Contratada,42.0,2025-12-05,1.44,0.561288730652962,True
PR-002354,2024-10-30,Organico,Salvador,BA,Casa,409340.01,183960.48,60.0,613.0,58.0,9389.9,1.0,CONS-021,3.0,Sem retorno,21.0,,,0.4494075231004172,False
PR-002355,2025-05-17,Mídia paga,Florianópolis,SC,Casa,694169.59,418630.99,240.0,699.0,50.0,3700.95,0.0,CONS-012,6.0,Contratada,40.0,2025-06-26,1.28,0.603067313853377,True
PR-002356,2025-12-05,Parceria,Goiânia,GO,Apartamento,836806.87,422562.44,120.0,694.0,35.0,9576.18,0.0,CONS-016,6.0,Contratada,21.0,2025-02-06,1.56,0.504970089454452,True
PR-002358,2025-08-25,Organico,Rio de Janeiro,RJ,Casa,168513.11,80433.23,240.0,637.0,42.0,3258.98,0.0,CONS-009,2.0,Reprovada crédito,12.0,,,0.47731140918353476,False
PR-002359,2025-07-27,Indicação,Goiânia,GO,Casa,1155983.59,519712.67,60.0,765.0,52.0,2945.54,0.0,CONS-017,5.0,Documentação pendente,38.0,,,0.4495848163380935,False
PR-002360,2025-12-01,Parceria,Goiânia,GO,Imóvel rural,702635.63,387612.69,240.0,632.0,55.0,3912.64,0.0,CONS-005,6.0,Contratada,50.0,2025-03-03,1.31,0.5516553295197968,True
PR-002361,2025-04-14,Indicação,Belo Horizonte,MG,Apartamento,471295.73,285374.76,240.0,606.0,35.0,3314.9,0.0,CONS-011,4.0,Sem retorno,20.0,,,0.6055110238321065,False
PR-002363,2025-04-27,Mídia paga,Florianópolis,SC,Casa,510637.52,317714.8,60.0,868.0,36.0,4358.32,0.0,CONS-009,2.0,Desistiu,39.0,,,0.6221924311398034,False
PR-002364,2024-07-19,Mídia paga,Curitiba,PR,Apartamento,1061450.21,581849.89,60.0,693.0,50.0,1800.0,0.0,CONS-026,2.0,Desistiu,7.0,,,0.5481650335723237,False
PR-002365,2025-12-01,Organico,São Paulo,SP,Sala comercial,880374.13,466339.6,84.0,588.0,33.0,5118.53,0.0,CONS-023,4.0,Problema garantia,41.0,,,0.5297061602662041,False
PR-002366,2024-08-30,Mídia paga,Recife,PE,Casa,411117.7,237685.61,180.0,632.0,42.0,4045.98,0.0,CONS-009,3.0,Desistiu,42.0,,,0.5781449205422193,False
PR-002367,2024-12-31,Correspondente,Rio de Janeiro,RJ,Apartamento,434739.46,218746.95,60.0,841.0,39.0,6007.58,0.0,CONS-018,6.0,Contratada,24.0,2025-01-24,1.44,0.5031679203907554,True
PR-002368,2024-04-15,Correspondente,Recife,PE,Apartamento,1485004.17,617198.63,240.0,587.0,37.0,10873.61,0.0,CONS-023,3.0,Desistiu,16.0,,,0.4156208059671644,False
PR-002369,2024-11-08,Indicação,Salvador,BA,Casa,472019.68,272356.56,180.0,662.0,49.0,3808.37,0.0,CONS-018,3.0,Sem retorno,22.0,,,0.5770025520969804,False
PR-002370,2025-08-31,Correspondente,Recife,PE,Apartamento,813550.69,325407.86,120.0,533.0,31.0,21716.09,0.0,CONS-019,2.0,Sem retorno,34.0,,,0.39998473850473903,False
PR-002371,2025-04-18,Mídia paga,Santos,SP,Apartamento,1008891.39,551432.02,120.0,640.0,27.0,5080.96,1.0,CONS-027,4.0,Problema garantia,32.0,,,0.5465722331122282,False
PR-002372,2025-12-10,Parceria,Recife,PE,Apartamento,344087.69,155295.14,120.0,685.0,46.0,5331.56,1.0,CONS-016,4.0,Sem retorno,44.0,,,0.4513243121252028,False
PR-002373,2024-08-12,Organico,Curitiba,PR,Apartamento,546855.8,261546.67,84.0,742.0,59.0,3525.87,0.0,CONS-012,3.0,Reprovada crédito,23.0,,,0.47827355950142614,False
PR-002375,2025-11-06,Indicação,Porto Alegre,RS,Casa,516690.87,220948.57,60.0,585.0,44.0,3227.03,1.0,CONS-009,4.0,Problema garantia,23.0,,,0.42762236150989086,False
PR-002376,2025-01-17,Parceria,Campinas,SP,Casa,1476480.23,915154.92,84.0,723.0,44.0,3659.12,0.0,CONS-015,6.0,Contratada,42.0,2025-02-28,1.26,0.6198219938237846,True
PR-002377,2025-02-23,Indicação,Belo Horizonte,MG,Apartamento,871718.49,522686.48,240.0,737.0,48.0,5281.06,0.0,CONS-014,5.0,Desistiu,43.0,,,0.5996046728342311,False
PR-002378,2025-05-15,Organico,Salvador,BA,Casa,517615.67,336565.64,180.0,625.0,24.0,7421.1,0.0,CONS-011,4.0,Problema garantia,33.0,,,0.6502230506275052,False
PR-002379,2024-06-17,Correspondente,Brasília,DF,Casa,1598310.99,866148.61,120.0,622.0,38.0,5928.58,0.0,CONS-008,2.0,Desistiu,23.0,,,0.5419149435993054,False
PR-002380,2025-05-04,Organico,São Paulo,SP,Casa,1194595.17,645495.57,60.0,718.0,35.0,6041.99,0.0,CONS-012,6.0,Contratada,36.0,2025-11-05,1.34,0.5403467100909173,True
PR-002381,2025-10-06,Indicação,Belo Horizonte,MG,Sala comercial,774303.91,359846.68,120.0,695.0,25.0,2636.95,0.0,CONS-013,6.0,Contratada,21.0,2025-01-07,1.14,0.46473571339708203,True
PR-002382,2025-04-09,Parceria,Goiânia,GO,Casa,544032.01,298920.06,180.0,732.0,51.0,6239.83,0.0,CONS-013,3.0,Sem retorno,8.0,,,0.5494530735424925,False
PR-002383,2025-03-23,Mídia paga,Florianópolis,SC,Casa,1773203.54,852953.13,60.0,542.0,55.0,5296.71,0.0,CONS-025,1.0,Sem retorno,25.0,,,0.4810238141076574,False
PR-002384,2024-11-10,Indicação,Recife,PE,Casa,751707.24,415129.9,240.0,707.0,42.0,3386.77,0.0,CONS-026,3.0,Reprovada crédito,18.0,,,0.5522494368951403,False
PR-002385,2025-01-09,Indicação,Porto Alegre,RS,Apartamento,1005818.08,502878.14,84.0,761.0,21.0,5551.65,0.0,CONS-008,5.0,Desistiu,18.0,,,0.49996927873875563,False
PR-002386,2025-06-16,Organico,Salvador,BA,Apartamento,1218298.59,517217.41,120.0,641.0,23.0,3951.74,0.0,CONS-002,2.0,Sem retorno,24.0,,,0.4245407605700339,False
PR-002387,2025-08-20,Mídia paga,Goiânia,GO,Casa,563291.46,236332.99,120.0,742.0,39.0,2342.84,0.0,CONS-007,2.0,Desistiu,17.0,,,0.41955720400944835,False
PR-002388,2024-04-07,Parceria,Goiânia,GO,Apartamento,469407.4,238707.74,180.0,659.0,36.0,3409.27,1.0,CONS-013,5.0,Documentação pendente,59.0,,,0.5085299890883697,False
PR-002389,2024-07-27,Parceria,Santos,SP,Casa,1301219.34,634001.21,120.0,649.0,50.0,3821.06,1.0,CONS-024,5.0,Documentação pendente,45.0,,,0.48723623336247057,False
PR-002391,2025-05-19,Correspondente,São Paulo,SP,Apartamento,1304631.24,749304.32,60.0,556.0,31.0,3896.6,0.0,CONS-028,4.0,Sem retorno,34.0,,,0.5743418500387895,False
PR-002392,2025-07-02,Organico,Curitiba,PR,Casa,351807.36,104641.38,120.0,670.0,37.0,5817.7,0.0,CONS-013,3.0,Reprovada crédito,30.0,,,0.29743942821435004,False
PR-002393,2024-04-11,Organico,Salvador,BA,Casa,1380049.56,687601.21,180.0,606.0,52.0,4799.51,0.0,CONS-009,5.0,Desistiu,57.0,,,0.49824385292365875,False
PR-002394,2025-12-03,Correspondente,Porto Alegre,RS,Casa,791409.94,494565.88,240.0,583.0,39.0,4588.74,0.0,CONS-025,2.0,Sem retorno,10.0,,,0.6249174479663473,False
PR-002395,2025-08-23,Mídia paga,Santos,SP,Casa,920073.54,632286.45,120.0,636.0,45.0,2801.06,0.0,CONS-029,3.0,Sem retorno,26.0,,,0.687212948217161,False
PR-002396,2024-03-11,Mídia paga,Brasília,DF,Casa,848417.57,447033.55,240.0,661.0,36.0,6822.02,1.0,CONS-021,2.0,Desistiu,36.0,,,0.5269027490790885,False
PR-002397,2025-05-25,Mídia paga,Rio de Janeiro,RJ,Apartamento,609525.21,355478.37,120.0,704.0,38.0,5622.4,0.0,CONS-010,2.0,Sem retorno,44.0,,,0.5832053607758078,False
PR-002398,2024-11-26,Correspondente,São Paulo,SP,Casa,184632.37,74903.58,84.0,610.0,40.0,2752.91,0.0,CONS-008,6.0,Contratada,53.0,2025-01-18,1.46,0.40569039979284244,True
PR-002399,2025-12-04,Indicação,Rio de Janeiro,RJ,Casa,710323.21,444527.5,60.0,729.0,31.0,5589.26,0.0,CONS-012,3.0,Sem retorno,28.0,,,0.6258101857603667,False
PR-002400,2024-08-14,Correspondente,Porto Alegre,RS,Apartamento,524559.82,367100.05,84.0,532.0,56.0,8447.19,1.0,CONS-017,3.0,Desistiu,29.0,,,0.6998249503745827,False
PR-002401,2025-12-06,Organico,Brasília,DF,Casa,512880.55,252915.79,180.0,616.0,21.0,6935.56,0.0,CONS-020,6.0,Contratada,36.0,2025-07-18,1.42,0.4931280587653402,True
PR-002402,2025-08-24,Correspondente,São Paulo,SP,Sala comercial,376002.92,157585.8,240.0,675.0,39.0,4579.19,0.0,CONS-013,4.0,Problema garantia,30.0,,,0.41910791543852904,False
PR-002403,2025-02-13,Organico,Rio de Janeiro,RJ,Apartamento,290735.83,134127.18,120.0,695.0,46.0,1800.0,0.0,CONS-021,3.0,Reprovada crédito,48.0,,,0.4613369463268424,False
PR-002404,2025-08-28,Correspondente,Santos,SP,Apartamento,705422.91,359822.63,84.0,669.0,51.0,2575.59,1.0,CONS-025,2.0,Reprovada crédito,24.0,,,0.510080725901006,False
PR-002405,2024-10-08,Mídia paga,Recife,PE,Casa,1019389.37,521944.61,240.0,626.0,28.0,14639.15,1.0,CONS-005,4.0,Sem retorno,38.0,,,0.5120169244064219,False
PR-002406,2024-07-12,Indicação,Belo Horizonte,MG,Casa,992763.0,373559.25,120.0,619.0,32.0,8142.36,0.0,CONS-016,4.0,Sem retorno,36.0,,,0.37628240577056155,False
PR-002407,2025-01-28,Mídia paga,São Paulo,SP,Sala comercial,1383752.76,522318.96,60.0,730.0,33.0,5871.73,0.0,CONS-017,4.0,Problema garantia,30.0,,,0.37746552353760077,False
PR-002408,2024-11-08,Indicação,Brasília,DF,Apartamento,386903.8,165717.4,60.0,621.0,39.0,5414.23,0.0,CONS-007,2.0,Reprovada crédito,6.0,,,0.42831680639993713,False
PR-002409,2025-03-22,Organico,Porto Alegre,RS,Apartamento,839132.85,390308.28,240.0,694.0,44.0,3225.72,0.0,CONS-005,3.0,Sem retorno,37.0,,,0.4651328809258272,False
PR-002410,2024-12-14,Mídia paga,Florianópolis,SC,Sala comercial,444139.9,288127.42,60.0,708.0,35.0,1800.0,0.0,CONS-006,5.0,Documentação pendente,49.0,,,0.6487312218514931,False
PR-002411,2025-12-13,Indicação,Recife,PE,Casa,620821.69,239378.31,240.0,743.0,26.0,11423.04,0.0,CONS-010,1.0,Sem retorno,7.0,,,0.3855830327062188,False
PR-002414,2024-02-12,Parceria,Florianópolis,SC,Apartamento,1010411.29,496766.7,60.0,871.0,57.0,4921.59,0.0,CONS-002,5.0,Desistiu,26.0,,,0.49164800999007047,False
PR-002415,2024-07-15,Mídia paga,Rio de Janeiro,RJ,Sala comercial,357963.03,177970.68,180.0,743.0,47.0,5361.71,0.0,CONS-007,4.0,Problema garantia,21.0,,,0.4971761469333858,False
PR-002416,2025-07-02,Correspondente,Curitiba,PR,Sala comercial,603446.24,344218.83,60.0,821.0,35.0,5228.78,0.0,CONS-020,3.0,Reprovada crédito,43.0,,,0.5704216998684092,False
PR-002417,2024-03-25,Mídia paga,Curitiba,PR,Casa,1197316.79,529691.18,84.0,591.0,34.0,7175.14,0.0,CONS-016,6.0,Contratada,29.0,2024-04-23,1.25,0.4423985234517592,True
PR-002418,2025-03-21,Correspondente,Campinas,SP,Casa,979930.56,534029.24,60.0,672.0,45.0,7635.1,0.0,CONS-015,1.0,Sem retorno,30.0,,,0.5449664106811812,False
PR-002419,2025-01-17,Parceria,Rio de Janeiro,RJ,Sala comercial,473922.09,210563.51,240.0,639.0,40.0,6047.97,0.0,CONS-002,2.0,Desistiu,25.0,,,0.4442998426175914,False
PR-002420,2024-02-11,Correspondente,Porto Alegre,RS,Apartamento,918509.73,355369.77,120.0,734.0,25.0,5080.82,0.0,CONS-022,2.0,Reprovada crédito,22.0,,,0.38689820955952203,False
PR-002421,2024-12-24,Mídia paga,Florianópolis,SC,Casa,1211143.92,592676.0,120.0,585.0,31.0,11968.44,0.0,CONS-009,4.0,Sem retorno,44.0,,,0.4893522480796502,False
PR-002422,2024-07-25,Parceria,Brasília,DF,Apartamento,1551718.53,1054476.76,240.0,626.0,56.0,6618.47,0.0,CONS-017,2.0,Sem retorno,28.0,,,0.6795541456864603,False
PR-002423,2025-06-17,Parceria,Belo Horizonte,MG,Apartamento,304437.41,144737.93,84.0,634.0,41.0,12341.39,0.0,CONS-020,6.0,Contratada,46.0,2025-02-08,1.43,0.47542754354663574,True
PR-002424,2025-07-05,Correspondente,Recife,PE,Apartamento,928483.74,380509.03,60.0,722.0,35.0,2377.93,0.0,CONS-015,3.0,Desistiu,25.0,,,0.40981765604209724,False
PR-002425,2024-03-23,Parceria,Rio de Janeiro,RJ,Imóvel rural,459007.81,181580.07,180.0,555.0,36.0,5044.35,0.0,CONS-017,3.0,Sem retorno,12.0,,,0.39559254993940085,False
PR-002426,2025-05-01,Organico,Rio de Janeiro,RJ,Apartamento,853537.94,480426.57,240.0,723.0,44.0,9357.15,0.0,CONS-009,4.0,Sem retorno,35.0,,,0.5628649266604365,False
PR-002427,2025-04-18,Organico,Goiânia,GO,Casa,525549.33,196650.66,180.0,606.0,30.0,6134.53,0.0,CONS-025,3.0,Sem retorno,24.0,,,0.37418116392613426,False
PR-002428,2025-10-30,Parceria,Recife,PE,Apartamento,649016.09,233157.56,180.0,601.0,40.0,6620.22,0.0,CONS-023,3.0,Sem retorno,45.0,,,0.3592477345207266,False
PR-002429,2025-10-03,Correspondente,Porto Alegre,RS,Apartamento,205601.25,96618.42,120.0,789.0,34.0,2357.57,0.0,CONS-012,6.0,Contratada,31.0,2025-10-04,1.29,0.46993109234501246,True
PR-002430,2024-04-17,Mídia paga,São Paulo,SP,Sala comercial,1519922.16,798660.83,60.0,553.0,49.0,19936.63,0.0,CONS-029,4.0,Sem retorno,41.0,,,0.525461665747409,False
PR-002431,2025-06-18,Parceria,Brasília,DF,Apartamento,338065.71,199480.77,180.0,691.0,56.0,5106.18,0.0,CONS-020,3.0,Sem retorno,29.0,,,0.5900650793598676,False
PR-002432,2024-12-20,Correspondente,Goiânia,GO,Sala comercial,522693.56,335217.87,120.0,771.0,26.0,5831.38,0.0,CONS-030,3.0,Sem retorno,19.0,,,0.6413277217343178,False
PR-002433,2025-10-04,Correspondente,São Paulo,SP,Apartamento,683648.32,459255.91,60.0,773.0,49.0,5478.37,0.0,CONS-024,2.0,Desistiu,17.0,,,0.671772162037932,False
PR-002434,2025-05-04,Correspondente,Curitiba,PR,Sala comercial,703853.65,320395.45,240.0,574.0,41.0,3356.88,0.0,CONS-023,4.0,Problema garantia,34.0,,,0.455201802249658,False
PR-002435,2025-03-04,Correspondente,Brasília,DF,Apartamento,869178.37,373390.43,180.0,639.0,49.0,5424.17,0.0,CONS-012,6.0,Contratada,59.0,2025-01-06,1.56,0.42959010818458354,True
PR-002436,2024-07-11,Correspondente,Santos,SP,Sala comercial,624303.51,275715.8,60.0,613.0,42.0,5341.85,0.0,CONS-003,6.0,Contratada,22.0,2024-11-29,1.17,0.44163743368990505,True
PR-002437,2024-09-06,Organico,São Paulo,SP,Apartamento,551386.7,404576.42,84.0,728.0,33.0,11339.93,0.0,CONS-006,5.0,Desistiu,46.0,,,0.7337435233747931,False
PR-002438,2024-01-23,Organico,Florianópolis,SC,Casa,577444.2,335371.74,120.0,670.0,63.0,3266.97,0.0,CONS-007,5.0,Documentação pendente,20.0,,,0.5807864032576654,False
PR-002439,2024-05-07,Organico,Florianópolis,SC,Casa,1724650.53,947941.84,120.0,720.0,58.0,13641.6,0.0,CONS-002,5.0,Documentação pendente,49.0,,,0.5496428543120558,False
PR-002440,2024-07-20,Organico,Belo Horizonte,MG,Casa,832120.42,323138.95,84.0,581.0,34.0,7567.37,0.0,CONS-009,6.0,Contratada,50.0,2024-08-09,1.28,0.3883319556080597,True
PR-002441,2024-01-29,Correspondente,Recife,PE,Casa,537056.89,209231.16,60.0,618.0,37.0,7865.69,0.0,CONS-018,2.0,Reprovada crédito,28.0,,,0.38958844751065386,False
PR-002442,2025-03-28,Mídia paga,Belo Horizonte,MG,Apartamento,1177761.83,457584.45,120.0,798.0,34.0,7726.96,0.0,CONS-012,4.0,Sem retorno,29.0,,,0.3885203598421932,False
PR-002443,2024-08-24,Parceria,Recife,PE,Casa,862704.77,427105.68,180.0,728.0,39.0,5827.14,1.0,CONS-012,6.0,Contratada,33.0,2024-09-26,1.41,0.4950774527420313,True
PR-002445,2024-11-24,Organico,Salvador,BA,Apartamento,647406.19,365986.82,120.0,670.0,26.0,1800.0,0.0,CONS-026,3.0,Reprovada crédito,9.0,,,0.5653125126900626,False
PR-002446,2024-12-27,Correspondente,Florianópolis,SC,Casa,317413.9,181584.47,60.0,750.0,39.0,5781.57,0.0,CONS-016,6.0,Contratada,58.0,2025-02-23,1.23,0.5720747264061214,True
PR-002447,2025-06-01,Correspondente,Porto Alegre,RS,Apartamento,662857.16,190092.63,180.0,852.0,51.0,10732.48,0.0,CONS-029,6.0,Contratada,40.0,2025-02-15,1.14,0.2867776671523017,True
PR-002448,2025-09-03,Parceria,Curitiba,PR,Casa,645498.08,292434.76,60.0,514.0,35.0,5199.13,0.0,CONS-007,6.0,Contratada,39.0,2025-04-17,1.36,0.45303738161390045,True
PR-002449,2025-03-23,Mídia paga,Curitiba,PR,Apartamento,1041921.04,500543.36,180.0,703.0,26.0,2283.25,1.0,CONS-018,5.0,Documentação pendente,39.0,,,0.48040431163574543,False
PR-002450,2024-08-14,Mídia paga,Recife,PE,Sala comercial,805182.68,481826.7,240.0,741.0,32.0,3670.08,1.0,CONS-022,3.0,Desistiu,18.0,,,0.5984066870390208,False
PR-002451,2025-03-26,Parceria,Recife,PE,Apartamento,736535.54,447967.34,60.0,561.0,63.0,3228.69,1.0,CONS-025,5.0,Desistiu,41.0,,,0.6082087226911006,False
PR-002452,2025-05-23,Mídia paga,Porto Alegre,RS,Apartamento,529109.08,294750.24,120.0,644.0,24.0,3704.85,0.0,CONS-020,4.0,Problema garantia,33.0,,,0.557068950697274,False
PR-002453,2025-06-20,Organico,Brasília,DF,Apartamento,600123.69,296571.78,60.0,633.0,26.0,6226.66,0.0,CONS-010,4.0,Problema garantia,35.0,,,0.494184423881017,False
PR-002454,2025-12-02,Mídia paga,Curitiba,PR,Casa,400278.64,188092.21,240.0,710.0,30.0,12140.13,0.0,CONS-004,3.0,Desistiu,27.0,,,0.4699031904375412,False
PR-002456,2025-01-26,Mídia paga,Belo Horizonte,MG,Casa,675371.0,267386.47,120.0,509.0,45.0,6112.84,0.0,CONS-029,6.0,Contratada,38.0,2025-05-03,1.46,0.39591049956246266,True
PR-002457,2025-05-15,Mídia paga,Goiânia,GO,Apartamento,313464.91,190852.86,180.0,453.0,43.0,16703.54,0.0,CONS-007,4.0,Problema garantia,26.0,,,0.608849201015833,False
PR-002458,2024-11-14,Mídia paga,Campinas,SP,Casa,956645.54,477114.17,120.0,727.0,44.0,4441.37,0.0,CONS-027,5.0,Desistiu,37.0,,,0.49873662715241424,False
PR-002459,2025-03-15,Organico,Rio de Janeiro,RJ,Apartamento,953408.67,306083.1,240.0,629.0,40.0,4835.82,1.0,CONS-009,4.0,Sem retorno,46.0,,,0.32104081872886675,False
PR-002460,2025-03-30,Mídia paga,Santos,SP,Apartamento,760311.95,347144.01,240.0,786.0,40.0,6491.77,0.0,CONS-023,6.0,Contratada,28.0,2025-04-27,1.39,0.45658102572240256,True
PR-002461,2024-07-08,Parceria,Recife,PE,Casa,452541.64,182489.3,180.0,688.0,45.0,7581.19,1.0,CONS-016,3.0,Sem retorno,34.0,,,0.40325416242359485,False
PR-002462,2024-07-11,Indicação,Santos,SP,Apartamento,575657.61,254486.42,84.0,595.0,26.0,10262.16,0.0,CONS-018,1.0,Desistiu,28.0,,,0.4420794854080015,False
PR-002463,2024-07-14,Indicação,Salvador,BA,Apartamento,247419.92,125926.42,60.0,595.0,43.0,6192.54,0.0,CONS-017,1.0,Desistiu,3.0,,,0.5089582924446827,False
PR-002464,2025-07-21,Mídia paga,Rio de Janeiro,RJ,Apartamento,674383.19,280810.03,60.0,657.0,37.0,6400.07,0.0,CONS-022,1.0,Desistiu,30.0,,,0.41639535825322105,False
PR-002465,2025-09-03,Mídia paga,Goiânia,GO,Apartamento,229061.79,88669.28,60.0,769.0,47.0,4657.69,0.0,CONS-003,2.0,Sem retorno,32.0,,,0.387097647320402,False
PR-002466,2025-04-16,Correspondente,Curitiba,PR,Casa,1836593.83,1008350.3,60.0,666.0,36.0,11960.69,0.0,CONS-002,5.0,Desistiu,30.0,,,0.5490328256193695,False
PR-002467,2024-07-10,Mídia paga,Rio de Janeiro,RJ,Apartamento,611732.75,244298.11,240.0,571.0,34.0,3848.73,0.0,CONS-025,5.0,Desistiu,66.0,,,0.39935430954121715,False
PR-002468,2024-07-04,Correspondente,Santos,SP,Sala comercial,507984.24,277184.17,60.0,585.0,29.0,5016.29,0.0,CONS-014,4.0,Sem retorno,48.0,,,0.545655058117551,False
PR-002469,2025-03-18,Correspondente,Goiânia,GO,Apartamento,538103.4,258665.98,120.0,660.0,44.0,5355.24,0.0,CONS-001,6.0,Contratada,47.0,2025-04-05,1.25,0.4806993971790552,True
PR-002470,2025-04-26,Correspondente,Brasília,DF,Casa,305637.15,186967.92,84.0,712.0,23.0,6274.57,0.0,CONS-010,3.0,Reprovada crédito,15.0,,,0.611731656312068,False
PR-002471,2024-04-29,Parceria,São Paulo,SP,Apartamento,640783.08,402685.28,84.0,702.0,27.0,4627.16,0.0,CONS-017,2.0,Sem retorno,43.0,,,0.6284268304962111,False
PR-002472,2024-02-07,Organico,Santos,SP,Apartamento,807927.85,322380.55,60.0,689.0,24.0,1800.0,0.0,CONS-015,3.0,Desistiu,38.0,,,0.39902145965137853,False
PR-002474,2025-07-03,Organico,Recife,PE,Apartamento,912203.36,388015.61,84.0,652.0,41.0,11050.6,0.0,CONS-004,5.0,Desistiu,38.0,,,0.42536086470893947,False
PR-002475,2024-08-14,Parceria,Goiânia,GO,Casa,1615270.3,775809.29,60.0,681.0,53.0,6917.38,0.0,CONS-017,5.0,Desistiu,42.0,,,0.4802968828189313,False
PR-002476,2024-06-30,Correspondente,Porto Alegre,RS,Casa,739628.45,271040.9,180.0,657.0,46.0,4355.95,0.0,CONS-015,4.0,Sem retorno,37.0,,,0.3664554818030594,False
PR-002477,2024-07-13,Mídia paga,Rio de Janeiro,RJ,Apartamento,291183.57,169217.51,180.0,673.0,43.0,6185.24,0.0,CONS-024,4.0,Problema garantia,46.0,,,0.5811368752708128,False
PR-002478,2025-01-03,Indicação,Porto Alegre,RS,Casa,280199.97,92184.09,84.0,495.0,51.0,27864.86,0.0,CONS-022,5.0,Documentação pendente,35.0,,,0.3289939324404639,False
PR-002479,2025-03-23,Correspondente,Campinas,SP,Casa,412857.95,170481.15,60.0,662.0,47.0,5772.15,0.0,CONS-027,6.0,Contratada,50.0,2025-12-05,1.4,0.41292931382331377,True
PR-002480,2025-02-26,Mídia paga,Brasília,DF,Casa,1218412.51,674771.62,180.0,686.0,48.0,3341.2,1.0,CONS-019,3.0,Desistiu,24.0,,,0.5538121239415048,False
PR-002481,2024-09-10,Correspondente,Curitiba,PR,Apartamento,393680.56,211751.91,60.0,666.0,43.0,4752.2,1.0,CONS-008,4.0,Problema garantia,20.0,,,0.5378774862543378,False
PR-002482,2024-03-20,Parceria,São Paulo,SP,Apartamento,446516.16,160782.97,240.0,645.0,51.0,7785.99,0.0,CONS-006,4.0,Sem retorno,27.0,,,0.3600832050513021,False
PR-002483,2025-04-18,Indicação,Campinas,SP,Casa,672102.44,390702.4,180.0,751.0,25.0,10621.03,0.0,CONS-010,4.0,Problema garantia,43.0,,,0.5813137652051971,False
PR-002484,2025-11-07,Mídia paga,Curitiba,PR,Imóvel rural,936688.19,529030.29,120.0,669.0,43.0,4168.37,0.0,CONS-030,2.0,Desistiu,21.0,,,0.5647880432868488,False
PR-002485,2024-08-23,Correspondente,Campinas,SP,Sala comercial,1421836.95,432729.25,240.0,738.0,28.0,6887.17,1.0,CONS-012,5.0,Desistiu,52.0,,,0.30434519935636783,False
PR-002486,2025-03-16,Organico,Rio de Janeiro,RJ,Apartamento,673090.43,347115.52,240.0,567.0,40.0,3800.19,0.0,CONS-023,2.0,Reprovada crédito,23.0,,,0.5157041380011895,False
PR-002487,2024-10-20,Organico,Florianópolis,SC,Sala comercial,576879.87,301697.14,180.0,665.0,43.0,3857.08,0.0,CONS-010,2.0,Sem retorno,23.0,,,0.52298087641713,False
PR-002488,2025-02-02,Mídia paga,Campinas,SP,Casa,756129.85,332734.99,240.0,692.0,31.0,6386.03,0.0,CONS-017,3.0,Desistiu,34.0,,,0.4400500654748652,False
PR-002489,2025-04-01,Organico,Belo Horizonte,MG,Casa,663156.61,404060.14,60.0,699.0,50.0,1800.0,0.0,CONS-003,3.0,Desistiu,40.0,,,0.6092982169023393,False
PR-002490,2024-12-10,Mídia paga,Recife,PE,Imóvel rural,829110.12,411814.32,240.0,760.0,62.0,16134.9,0.0,CONS-005,4.0,Sem retorno,27.0,,,0.4966943594899071,False
PR-002491,2025-07-19,Mídia paga,São Paulo,SP,Apartamento,809757.97,488520.32,60.0,574.0,43.0,2914.26,0.0,CONS-015,3.0,Sem retorno,24.0,,,0.6032917712436965,False
PR-002492,2025-01-30,Organico,Porto Alegre,RS,Sala comercial,868724.39,416802.59,84.0,656.0,43.0,6887.4,0.0,CONS-006,5.0,Desistiu,43.0,,,0.4797869091715038,False
PR-002493,2025-03-31,Indicação,Curitiba,PR,Apartamento,777347.67,370585.89,240.0,790.0,39.0,2193.5,0.0,CONS-010,3.0,Reprovada crédito,15.0,,,0.4767312031693618,False
PR-002494,2025-06-29,Mídia paga,São Paulo,SP,Casa,523034.61,179420.88,84.0,722.0,44.0,4107.25,0.0,CONS-029,6.0,Contratada,20.0,2025-07-19,1.32,0.34303825515485487,True
PR-002495,2025-09-10,Mídia paga,Salvador,BA,Apartamento,1030970.25,615953.66,240.0,630.0,53.0,3905.48,0.0,CONS-017,3.0,Desistiu,34.0,,,0.5974504695940548,False
PR-002496,2025-08-07,Correspondente,Florianópolis,SC,Apartamento,625916.28,387828.17,120.0,615.0,31.0,2679.98,1.0,CONS-012,3.0,Sem retorno,25.0,,,0.6196166841993629,False
PR-002497,2024-07-23,Organico,Brasília,DF,Apartamento,907430.67,530922.05,120.0,713.0,47.0,12162.92,0.0,CONS-003,3.0,Reprovada crédito,37.0,,,0.5850827700148156,False
PR-002498,2025-05-25,Mídia paga,Recife,PE,Apartamento,761916.94,368275.66,180.0,648.0,55.0,1800.0,0.0,CONS-008,4.0,Problema garantia,43.0,,,0.4833540779392567,False
PR-002499,2025-01-29,Indicação,Santos,SP,Apartamento,1652201.27,831615.27,240.0,668.0,28.0,5219.65,0.0,CONS-027,3.0,Desistiu,33.0,,,0.5033377501277432,False
PR-002500,2025-07-27,Parceria,Santos,SP,Sala comercial,561784.53,311332.12,240.0,694.0,25.0,6075.49,0.0,CONS-026,4.0,Problema garantia,36.0,,,0.5541842172122468,False
PR-002501,2024-03-12,Mídia paga,Santos,SP,Apartamento,550386.66,354296.94,180.0,759.0,30.0,2526.87,0.0,CONS-029,6.0,Contratada,19.0,2024-12-22,1.11,0.6437237050767182,True
PR-002502,2024-05-23,Mídia paga,Goiânia,GO,Apartamento,1572987.43,898711.56,240.0,621.0,44.0,2918.12,1.0,CONS-030,3.0,Desistiu,22.0,,,0.5713405859829408,False
PR-002504,2025-04-03,Parceria,Curitiba,PR,Apartamento,782958.76,348001.82,120.0,726.0,25.0,2081.52,0.0,CONS-020,2.0,Desistiu,31.0,,,0.44447017873585065,False
PR-002506,2024-12-28,Mídia paga,São Paulo,SP,Apartamento,610296.1,244728.38,120.0,625.0,30.0,7704.85,0.0,CONS-012,5.0,Desistiu,40.0,,,0.4009994165127387,False
PR-002507,2025-01-04,Parceria,Belo Horizonte,MG,Casa,611647.96,263031.23,84.0,833.0,23.0,3079.11,0.0,CONS-026,6.0,Contratada,36.0,2025-07-05,1.32,0.4300369611303862,True
PR-002508,2024-07-02,Indicação,Recife,PE,Casa,1341188.37,802186.32,240.0,610.0,38.0,3323.19,0.0,CONS-029,1.0,Desistiu,23.0,,,0.5981160722412169,False
PR-002509,2024-07-23,Mídia paga,São Paulo,SP,Casa,447830.99,261545.5,84.0,634.0,36.0,5186.37,0.0,CONS-027,6.0,Contratada,61.0,2024-09-22,1.29,0.5840272465288747,True
PR-002510,2025-09-23,Indicação,Belo Horizonte,MG,Apartamento,548485.71,241964.19,84.0,671.0,39.0,5867.26,0.0,CONS-021,2.0,Sem retorno,13.0,,,0.44114948774144,False
PR-002511,2025-03-19,Organico,Brasília,DF,Sala comercial,703376.16,391934.15,84.0,661.0,26.0,3340.86,0.0,CONS-006,6.0,Contratada,45.0,2025-03-05,1.2,0.5572184163876126,True
PR-002512,2024-09-17,Correspondente,Recife,PE,Apartamento,1093050.91,665090.03,180.0,584.0,54.0,2792.32,0.0,CONS-013,3.0,Reprovada crédito,24.0,,,0.608471228481023,False
PR-002513,2025-08-04,Parceria,Porto Alegre,RS,Casa,425904.48,309420.8,120.0,732.0,46.0,3724.29,0.0,CONS-016,4.0,Problema garantia,42.0,,,0.7265028064508737,False
PR-002514,2025-03-23,Correspondente,Recife,PE,Casa,783443.29,450727.54,120.0,586.0,30.0,4648.76,0.0,CONS-028,2.0,Sem retorno,24.0,,,0.5753161023307761,False
PR-002515,2024-07-09,Mídia paga,São Paulo,SP,Apartamento,725366.74,357610.01,84.0,775.0,47.0,10939.68,0.0,CONS-028,6.0,Contratada,54.0,2024-10-31,1.37,0.49300580007293965,True
PR-002516,2025-04-05,Indicação,Rio de Janeiro,RJ,Imóvel rural,341430.81,214359.16,60.0,709.0,21.0,6428.41,1.0,CONS-003,3.0,Desistiu,44.0,,,0.6278260593998533,False
PR-002517,2024-09-26,Organico,Campinas,SP,Casa,539316.72,404405.18,84.0,738.0,21.0,1800.0,0.0,CONS-011,2.0,Reprovada crédito,22.0,,,0.7498472882502141,False
PR-002518,2024-09-19,Correspondente,Florianópolis,SC,Apartamento,558582.07,253026.61,180.0,843.0,30.0,4649.11,0.0,CONS-015,6.0,Contratada,45.0,2024-03-11,1.22,0.4529801860629003,True
PR-002519,2025-03-20,Correspondente,Rio de Janeiro,RJ,Sala comercial,842781.46,341389.6,120.0,546.0,50.0,8832.61,0.0,CONS-029,5.0,Documentação pendente,47.0,,,0.40507488145266035,False
PR-002520,2025-02-03,Mídia paga,Porto Alegre,RS,Apartamento,876245.32,225686.94,84.0,797.0,48.0,7138.52,0.0,CONS-022,3.0,Sem retorno,34.0,,,0.25756136420791387,False
PR-002521,2025-07-07,Indicação,Belo Horizonte,MG,Apartamento,325936.6,144131.19,84.0,649.0,40.0,7667.72,0.0,CONS-029,3.0,Sem retorno,26.0,,,0.4422062143373896,False
PR-002522,2025-06-04,Mídia paga,Florianópolis,SC,Sala comercial,824595.33,380530.57,120.0,735.0,46.0,22886.03,0.0,CONS-016,6.0,Contratada,34.0,2025-10-05,1.34,0.46147553370208877,True
PR-002523,2025-08-05,Organico,Goiânia,GO,Apartamento,1150113.5,651363.68,240.0,852.0,53.0,4858.46,0.0,CONS-018,6.0,Contratada,35.0,2025-12-06,1.63,0.5663473039834764,True
PR-002524,2025-01-04,Mídia paga,Belo Horizonte,MG,Apartamento,1140365.33,620540.75,180.0,726.0,41.0,2635.1,0.0,CONS-021,6.0,Contratada,18.0,2025-04-19,1.19,0.5441596071672926,True
PR-002525,2024-05-19,Parceria,Belo Horizonte,MG,Casa,414735.91,207470.22,60.0,695.0,57.0,8912.48,0.0,CONS-010,5.0,Desistiu,63.0,,,0.5002465785998613,False
PR-002526,2024-06-19,Correspondente,Recife,PE,Apartamento,488111.32,345333.97,84.0,557.0,49.0,12147.53,1.0,CONS-003,2.0,Desistiu,17.0,,,0.7074901889183802,False
PR-002527,2024-08-07,Mídia paga,Belo Horizonte,MG,Sala comercial,1450908.52,724654.72,60.0,621.0,54.0,2550.39,1.0,CONS-020,3.0,Desistiu,35.0,,,0.4994489383796574,False
PR-002528,2024-04-03,Mídia paga,Florianópolis,SC,Sala comercial,325884.83,232764.15,60.0,660.0,30.0,6152.97,0.0,CONS-017,4.0,Problema garantia,23.0,,,0.7142527929268754,False
PR-002529,2025-10-04,Correspondente,Goiânia,GO,Apartamento,314119.54,183083.38,240.0,741.0,24.0,5942.54,0.0,CONS-014,5.0,Desistiu,50.0,,,0.5828461992526794,False
PR-002530,2025-08-31,Correspondente,Salvador,BA,Sala comercial,686825.82,333727.56,180.0,664.0,40.0,5204.28,1.0,CONS-013,3.0,Desistiu,21.0,,,0.4858983897838902,False
PR-002531,2025-06-01,Mídia paga,São Paulo,SP,Apartamento,769814.88,321020.91,120.0,615.0,52.0,16363.14,0.0,CONS-023,4.0,Sem retorno,32.0,,,0.4170105285572032,False
PR-002532,2025-11-04,Mídia paga,Goiânia,GO,Apartamento,774137.5,474025.76,120.0,735.0,41.0,5926.28,0.0,CONS-002,4.0,Sem retorno,41.0,,,0.6123276033004473,False
PR-002533,2024-04-12,Organico,São Paulo,SP,Sala comercial,776639.58,451384.59,120.0,592.0,29.0,4023.76,0.0,CONS-015,3.0,Desistiu,26.0,,,0.5812021452731009,False
PR-002534,2025-12-01,Organico,Goiânia,GO,Apartamento,1085235.49,399843.08,60.0,607.0,47.0,2247.7,0.0,CONS-014,4.0,Problema garantia,47.0,,,0.3684390011977953,False
PR-002535,2024-07-31,Correspondente,Rio de Janeiro,RJ,Casa,1007558.2,511252.13,120.0,712.0,46.0,5525.05,1.0,CONS-023,5.0,Desistiu,51.0,,,0.5074169710494143,False
PR-002536,2025-06-16,Correspondente,Florianópolis,SC,Sala comercial,242841.71,169276.61,60.0,640.0,48.0,2384.87,0.0,CONS-030,4.0,Problema garantia,35.0,,,0.6970656317648233,False
PR-002537,2025-08-05,Organico,Recife,PE,Casa,660812.3,281764.97,60.0,618.0,46.0,4217.89,0.0,CONS-028,3.0,Desistiu,6.0,,,0.42639183622944055,False
PR-002538,2024-10-28,Indicação,Porto Alegre,RS,Apartamento,688573.42,370833.4,120.0,717.0,36.0,3213.96,0.0,CONS-005,3.0,Desistiu,30.0,,,0.5385531727321105,False
PR-002539,2024-12-28,Correspondente,Belo Horizonte,MG,Apartamento,1099479.55,469434.7,60.0,612.0,34.0,11458.92,0.0,CONS-017,4.0,Problema garantia,43.0,,,0.42696082887580766,False
PR-002540,2025-11-08,Indicação,Belo Horizonte,MG,Apartamento,604970.95,353444.56,240.0,707.0,51.0,3572.57,0.0,CONS-007,6.0,Contratada,29.0,2025-09-09,1.59,0.5842339371832648,True
PR-002541,2025-09-15,Indicação,Goiânia,GO,Sala comercial,898956.19,483952.96,84.0,709.0,62.0,9269.16,0.0,CONS-013,6.0,Contratada,46.0,2025-10-31,1.28,0.5383498833241251,True
PR-002542,2025-08-28,Mídia paga,Campinas,SP,Apartamento,826538.92,470671.39,84.0,618.0,40.0,7571.49,0.0,CONS-015,5.0,Desistiu,38.0,,,0.569448550589729,False
PR-002544,2024-11-25,Mídia paga,Campinas,SP,Casa,1011143.23,538197.59,120.0,676.0,49.0,9313.95,0.0,CONS-007,4.0,Sem retorno,45.0,,,0.5322664228291376,False
PR-002545,2025-02-07,Organico,Belo Horizonte,MG,Apartamento,586750.39,327364.99,180.0,718.0,46.0,4907.57,0.0,CONS-030,6.0,Contratada,44.0,2025-08-15,1.49,0.5579288835240485,True
PR-002546,2025-09-05,Correspondente,Salvador,BA,Apartamento,839837.41,319856.5,120.0,550.0,42.0,6520.02,0.0,CONS-001,3.0,Sem retorno,25.0,,,0.3808552657829329,False
PR-002547,2025-06-01,Indicação,Florianópolis,SC,Apartamento,983024.46,527690.09,60.0,764.0,32.0,3511.31,0.0,CONS-026,4.0,Problema garantia,56.0,,,0.5368026040776238,False
PR-002548,2024-10-24,Organico,Campinas,SP,Apartamento,948293.74,319659.87,240.0,726.0,39.0,3782.92,0.0,CONS-022,2.0,Sem retorno,21.0,,,0.33708950772995716,False
PR-002549,2025-07-06,Correspondente,Belo Horizonte,MG,Apartamento,989032.58,443982.67,60.0,597.0,28.0,6642.55,0.0,CONS-020,5.0,Documentação pendente,34.0,,,0.4489060107605353,False
PR-002551,2025-07-27,Mídia paga,Belo Horizonte,MG,Casa,345603.87,178537.79,180.0,587.0,42.0,3976.72,1.0,CONS-027,3.0,Desistiu,24.0,,,0.5165966168145051,False
PR-002552,2024-01-15,Organico,Belo Horizonte,MG,Sala comercial,482763.0,276540.98,84.0,756.0,43.0,3150.67,0.0,CONS-001,4.0,Problema garantia,36.0,,,0.5728296907592337,False
PR-002553,2025-03-02,Parceria,Brasília,DF,Apartamento,555313.77,278376.92,240.0,761.0,26.0,5592.52,1.0,CONS-013,6.0,Contratada,32.0,2025-07-03,1.23,0.5012966273103582,True
PR-002554,2025-01-03,Organico,Santos,SP,Casa,610576.5,267473.5,60.0,693.0,46.0,6370.72,0.0,CONS-010,2.0,Sem retorno,19.0,,,0.4380671381882532,False
PR-002556,2024-07-15,Indicação,Curitiba,PR,Apartamento,925851.45,434455.51,84.0,629.0,36.0,5431.8,0.0,CONS-011,6.0,Contratada,33.0,2024-08-17,1.58,0.4692496944299218,True
PR-002557,2025-05-13,Parceria,Campinas,SP,Apartamento,278264.89,138634.88,84.0,814.0,44.0,1800.0,0.0,CONS-017,3.0,Reprovada crédito,36.0,,,0.4982119016164777,False
PR-002558,2025-07-05,Indicação,Brasília,DF,Sala comercial,679372.65,156255.71,84.0,715.0,54.0,2504.92,0.0,CONS-013,6.0,Contratada,9.0,2025-05-16,1.04,0.2300000007359731,True
PR-002559,2024-09-28,Mídia paga,Santos,SP,Casa,786986.91,362331.04,240.0,674.0,25.0,4142.8,0.0,CONS-002,1.0,Desistiu,23.0,,,0.460402880144474,False
PR-002560,2025-01-31,Parceria,Belo Horizonte,MG,Apartamento,1243733.81,519875.33,180.0,768.0,43.0,2327.11,0.0,CONS-028,4.0,Sem retorno,15.0,,,0.4179956561605413,False
PR-002561,2024-06-12,Organico,Campinas,SP,Casa,961915.04,387059.03,60.0,824.0,37.0,3958.01,0.0,CONS-022,3.0,Sem retorno,23.0,,,0.40238380096437626,False
PR-002562,2025-11-09,Organico,Campinas,SP,Casa,608565.97,296654.11,240.0,549.0,45.0,7863.36,0.0,CONS-027,4.0,Problema garantia,31.0,,,0.48746417746624904,False
PR-002563,2024-11-15,Organico,Goiânia,GO,Apartamento,997590.61,462940.4,60.0,638.0,21.0,8930.49,0.0,CONS-012,3.0,Sem retorno,45.0,,,0.46405849790426557,False
PR-002564,2024-11-11,Organico,Belo Horizonte,MG,Casa,1145025.29,478092.2,84.0,747.0,28.0,4223.56,0.0,CONS-030,6.0,Contratada,59.0,2025-09-01,1.35,0.41753855061140177,True
PR-002565,2025-09-05,Correspondente,Santos,SP,Casa,642085.67,228510.98,84.0,647.0,63.0,8173.61,0.0,CONS-003,4.0,Sem retorno,32.0,,,0.3558886152995752,False
PR-002567,2025-04-22,Correspondente,Salvador,BA,Casa,869118.05,342104.7,84.0,632.0,40.0,3968.73,0.0,CONS-024,1.0,Sem retorno,26.0,,,0.39362282258434284,False
PR-002569,2025-01-04,Parceria,Goiânia,GO,Sala comercial,634797.4,319967.04,240.0,656.0,39.0,3247.58,0.0,CONS-024,4.0,Problema garantia,23.0,,,0.5040459207929963,False
PR-002570,2025-09-15,Organico,Santos,SP,Casa,1600798.64,956395.0,240.0,725.0,40.0,8567.37,0.0,CONS-004,6.0,Contratada,32.0,2025-10-17,1.47,0.5974486585021087,True
PR-002571,2025-05-06,Mídia paga,Salvador,BA,Imóvel rural,313283.34,141418.01,240.0,658.0,42.0,5781.54,1.0,CONS-027,3.0,Sem retorno,32.0,,,0.45140609775163915,False
PR-002573,2024-09-09,Organico,Rio de Janeiro,RJ,Apartamento,775286.14,478501.15,180.0,714.0,29.0,7665.18,0.0,CONS-025,2.0,Sem retorno,20.0,,,0.6171929631039194,False
PR-002574,2025-05-17,Mídia paga,Florianópolis,SC,Casa,615649.82,278486.1,60.0,547.0,31.0,14401.77,0.0,CONS-021,4.0,Sem retorno,41.0,,,0.4523449710421421,False
PR-002575,2024-08-13,Organico,Santos,SP,Casa,522340.69,368066.04,180.0,678.0,61.0,8601.05,0.0,CONS-014,3.0,Desistiu,44.0,,,0.704647459113323,False
PR-002576,2025-08-07,Mídia paga,São Paulo,SP,Apartamento,843437.25,457125.73,120.0,788.0,56.0,2838.86,0.0,CONS-014,6.0,Contratada,25.0,2025-02-08,1.29,0.5419795367112372,True
PR-002577,2025-04-06,Indicação,Rio de Janeiro,RJ,Apartamento,1225274.85,560521.63,120.0,692.0,43.0,9052.99,1.0,CONS-004,3.0,Desistiu,22.0,,,0.4574660371099594,False
PR-002578,2025-03-04,Organico,Santos,SP,Sala comercial,587534.61,274915.36,240.0,679.0,29.0,7349.55,1.0,CONS-023,3.0,Reprovada crédito,20.0,,,0.46791347321649696,False
PR-002579,2025-06-13,Organico,Salvador,BA,Apartamento,667008.22,307985.02,120.0,680.0,36.0,6922.95,0.0,CONS-008,6.0,Contratada,9.0,2025-06-22,1.5,0.4617409662507608,True
PR-002580,2025-05-06,Mídia paga,Campinas,SP,Apartamento,669538.1,340991.63,120.0,606.0,42.0,6508.83,0.0,CONS-008,4.0,Sem retorno,19.0,,,0.5092938400368852,False
PR-002581,2025-03-26,Mídia paga,Goiânia,GO,Casa,493135.26,226446.02,84.0,577.0,27.0,3015.78,0.0,CONS-009,4.0,Problema garantia,41.0,,,0.4591965701256081,False
PR-002582,2025-02-23,Organico,São Paulo,SP,Apartamento,384484.75,211907.46,180.0,614.0,28.0,5657.09,0.0,CONS-017,6.0,Contratada,35.0,2025-03-30,1.37,0.5511465929402921,True
PR-002583,2025-04-18,Mídia paga,Brasília,DF,Apartamento,504106.54,282618.79,120.0,644.0,25.0,4049.94,0.0,CONS-017,3.0,Reprovada crédito,28.0,,,0.5606330558615645,False
PR-002584,2024-03-16,Parceria,Recife,PE,Apartamento,1035268.76,620835.35,120.0,637.0,59.0,6516.19,0.0,CONS-024,6.0,Contratada,22.0,2024-07-04,1.54,0.5996851967212842,True
PR-002585,2025-03-03,Organico,Santos,SP,Apartamento,1096248.99,773977.76,84.0,501.0,41.0,7699.99,0.0,CONS-012,2.0,Desistiu,28.0,,,0.70602369266493,False
PR-002586,2025-02-26,Mídia paga,Brasília,DF,Casa,662111.02,286774.16,120.0,611.0,47.0,4474.92,0.0,CONS-023,3.0,Reprovada crédito,33.0,,,0.43312095908024606,False
PR-002587,2024-01-05,Parceria,Florianópolis,SC,Apartamento,1972457.39,848236.69,60.0,683.0,34.0,7836.84,0.0,CONS-015,3.0,Sem retorno,20.0,,,0.43004056477995706,False
PR-002589,2025-06-13,Parceria,Florianópolis,SC,Apartamento,475872.18,289350.35,240.0,715.0,33.0,8902.89,0.0,CONS-012,5.0,Documentação pendente,49.0,,,0.6080421637591842,False
PR-002590,2025-05-01,Correspondente,Porto Alegre,RS,Apartamento,632599.02,255383.38,240.0,534.0,25.0,4644.55,0.0,CONS-020,5.0,Desistiu,30.0,,,0.4037049883510727,False
PR-002591,2025-06-18,Mídia paga,Santos,SP,Apartamento,3078273.72,1304385.48,240.0,654.0,39.0,4885.86,0.0,CONS-003,4.0,Sem retorno,19.0,,,0.4237392768307816,False
PR-002592,2025-02-21,Parceria,Salvador,BA,Sala comercial,835949.98,390040.19,60.0,686.0,39.0,3559.39,0.0,CONS-010,3.0,Desistiu,32.0,,,0.466583168050318,False
PR-002593,2025-05-15,Indicação,Brasília,DF,Apartamento,1007557.65,545476.48,60.0,562.0,36.0,5113.0,0.0,CONS-007,5.0,Desistiu,44.0,,,0.541384882542453,False
PR-002595,2024-10-09,Parceria,Salvador,BA,Casa,537732.26,305105.75,84.0,600.0,46.0,2608.84,0.0,CONS-013,4.0,Problema garantia,30.0,,,0.5673934273536053,False
PR-002596,2025-10-03,Correspondente,Recife,PE,Casa,1038820.77,367599.9,84.0,632.0,42.0,4562.25,0.0,CONS-029,5.0,Documentação pendente,26.0,,,0.35386267835210883,False
PR-002597,2025-10-02,Correspondente,Santos,SP,Apartamento,453826.09,263002.32,120.0,624.0,46.0,5303.36,0.0,CONS-017,4.0,Problema garantia,36.0,,,0.5795222570831042,False
PR-002598,2025-04-05,Parceria,Florianópolis,SC,Apartamento,366961.12,191148.41,240.0,636.0,26.0,5857.1,0.0,CONS-023,2.0,Desistiu,36.0,,,0.5208955379251077,False
PR-002599,2025-08-19,Correspondente,Rio de Janeiro,RJ,Casa,640233.62,350255.61,84.0,649.0,45.0,11796.72,0.0,CONS-021,3.0,Desistiu,41.0,,,0.5470746912666036,False
PR-002600,2024-10-31,Correspondente,Porto Alegre,RS,Apartamento,918463.33,609074.02,180.0,633.0,50.0,2448.76,0.0,CONS-015,2.0,Sem retorno,23.0,,,0.6631446244021523,False
PR-002601,2025-02-23,Correspondente,Belo Horizonte,MG,Apartamento,303203.36,135815.91,60.0,661.0,50.0,3792.27,0.0,CONS-024,1.0,Sem retorno,15.0,,,0.447936691730593,False
PR-002602,2025-07-20,Correspondente,São Paulo,SP,Apartamento,759022.74,383485.06,60.0,597.0,49.0,4225.25,0.0,CONS-003,2.0,Sem retorno,31.0,,,0.5052352713437809,False
PR-002603,2024-05-18,Correspondente,São Paulo,SP,Sala comercial,1007861.87,458365.22,60.0,606.0,28.0,3686.13,0.0,CONS-001,4.0,Sem retorno,55.0,,,0.45478972232573894,False
PR-002604,2024-11-21,Correspondente,Goiânia,GO,Apartamento,495839.22,206655.48,60.0,823.0,27.0,2802.07,0.0,CONS-014,3.0,Sem retorno,13.0,,,0.41677921322964334,False
PR-002605,2025-03-24,Organico,Porto Alegre,RS,Apartamento,1608982.6,678000.68,84.0,574.0,55.0,4668.96,0.0,CONS-010,3.0,Desistiu,47.0,,,0.42138471851715487,False
PR-002606,2024-11-23,Correspondente,Santos,SP,Apartamento,1138076.23,594415.95,60.0,662.0,32.0,4932.82,0.0,CONS-023,5.0,Desistiu,46.0,,,0.5222988885375455,False
PR-002607,2024-03-31,Mídia paga,Curitiba,PR,Imóvel rural,577999.12,224847.57,180.0,639.0,46.0,3927.14,0.0,CONS-005,6.0,Contratada,59.0,2024-05-29,1.33,0.38901022894290915,True
PR-002608,2024-09-11,Correspondente,Porto Alegre,RS,Apartamento,500487.18,121653.73,60.0,630.0,51.0,4078.97,0.0,CONS-022,3.0,Sem retorno,20.0,,,0.24307062170903157,False
PR-002609,2024-03-11,Organico,Florianópolis,SC,Apartamento,922386.83,287212.17,240.0,631.0,40.0,4766.15,1.0,CONS-022,6.0,Contratada,36.0,2024-09-12,1.06,0.3113793049278468,True
PR-002610,2025-01-25,Indicação,Recife,PE,Sala comercial,961801.94,333771.65,60.0,514.0,27.0,6087.58,0.0,CONS-014,4.0,Sem retorno,32.0,,,0.3470274243780378,False
PR-002611,2024-05-04,Mídia paga,Goiânia,GO,Apartamento,751860.22,419147.09,180.0,734.0,41.0,5746.58,1.0,CONS-013,3.0,Desistiu,26.0,,,0.5574800725592318,False
PR-002612,2025-06-13,Organico,Salvador,BA,Casa,1034110.73,352297.07,240.0,752.0,38.0,4016.46,0.0,CONS-015,3.0,Sem retorno,37.0,,,0.3406763509745228,False
PR-002613,2024-09-10,Organico,Brasília,DF,Casa,751409.53,530276.84,60.0,600.0,42.0,10152.58,0.0,CONS-022,1.0,Desistiu,13.0,,,0.7057094950605697,False
PR-002614,2025-07-16,Indicação,Florianópolis,SC,Casa,819341.12,410207.3,180.0,723.0,33.0,4656.95,1.0,CONS-020,5.0,Desistiu,45.0,,,0.5006550873462814,False
PR-002615,2025-09-01,Correspondente,Belo Horizonte,MG,Apartamento,382274.81,258297.36,240.0,765.0,44.0,8893.74,0.0,CONS-009,5.0,Documentação pendente,26.0,,,0.6756850130930677,False
PR-002616,2024-12-18,Parceria,Brasília,DF,Apartamento,407525.72,220829.07,120.0,778.0,44.0,5939.05,0.0,CONS-018,5.0,Documentação pendente,22.0,,,0.5418776267667229,False
PR-002618,2025-05-15,Parceria,Goiânia,GO,Apartamento,1422117.92,645880.36,84.0,752.0,45.0,3533.26,0.0,CONS-011,6.0,Contratada,44.0,2025-06-28,1.15,0.4541679356659819,True
PR-002619,2024-12-26,Parceria,Porto Alegre,RS,Casa,1621165.09,587457.49,60.0,528.0,42.0,6495.79,0.0,CONS-026,5.0,Documentação pendente,40.0,,,0.3623674686949988,False
PR-002620,2025-02-13,Correspondente,Campinas,SP,Sala comercial,379076.11,121471.5,120.0,670.0,37.0,10169.35,0.0,CONS-016,4.0,Problema garantia,26.0,,,0.32044092675742614,False
PR-002621,2025-03-22,Parceria,Porto Alegre,RS,Apartamento,460237.8,245102.26,120.0,792.0,47.0,8552.83,0.0,CONS-030,5.0,Documentação pendente,34.0,,,0.5325556918619028,False
PR-002622,2024-08-06,Organico,Campinas,SP,Casa,932251.25,443907.39,240.0,513.0,44.0,8629.71,1.0,CONS-004,3.0,Desistiu,22.0,,,0.4761671169655176,False
PR-002623,2024-05-11,Correspondente,Porto Alegre,RS,Apartamento,572233.73,297285.28,120.0,645.0,67.0,8301.91,0.0,CONS-011,4.0,Problema garantia,33.0,,,0.5195172259419242,False
PR-002624,2024-05-25,Organico,Goiânia,GO,Apartamento,386194.37,174296.72,240.0,732.0,46.0,9501.12,0.0,CONS-019,5.0,Desistiu,54.0,,,0.451318645582534,False
PR-002625,2024-05-11,Correspondente,Brasília,DF,Casa,924238.96,398829.43,180.0,652.0,35.0,8063.15,1.0,CONS-024,6.0,Contratada,34.0,2024-09-12,1.36,0.4315219843145327,True
PR-002626,2024-07-30,Mídia paga,São Paulo,SP,Sala comercial,1484455.23,803470.92,60.0,619.0,42.0,2570.15,0.0,CONS-004,3.0,Sem retorno,42.0,,,0.5412564176826,False
PR-002627,2025-07-17,Correspondente,Campinas,SP,Sala comercial,452981.63,212139.54,120.0,723.0,53.0,2964.75,0.0,CONS-026,2.0,Sem retorno,26.0,,,0.46831819647962325,False
PR-002628,2025-05-07,Parceria,Goiânia,GO,Sala comercial,1314559.4,956595.93,84.0,885.0,34.0,9391.88,0.0,CONS-008,3.0,Sem retorno,22.0,,,0.7276931951496449,False
PR-002629,2024-04-07,Parceria,Campinas,SP,Casa,726883.9,382759.38,84.0,646.0,52.0,4116.71,0.0,CONS-021,5.0,Desistiu,47.0,,,0.5265756746022301,False
PR-002630,2025-10-06,Indicação,Florianópolis,SC,Apartamento,825542.69,383582.54,240.0,826.0,45.0,8005.38,0.0,CONS-012,3.0,Reprovada crédito,14.0,,,0.46464288842530965,False
PR-002631,2025-02-08,Indicação,Belo Horizonte,MG,Apartamento,582886.11,342240.55,180.0,760.0,44.0,5806.35,0.0,CONS-018,3.0,Reprovada crédito,18.0,,,0.587148233811919,False
PR-002632,2025-08-16,Mídia paga,Recife,PE,Imóvel rural,464914.28,264400.48,60.0,700.0,48.0,4059.38,0.0,CONS-013,5.0,Desistiu,14.0,,,0.5687080207559982,False
PR-002633,2024-10-03,Organico,Rio de Janeiro,RJ,Casa,1207655.02,417861.83,180.0,555.0,38.0,5754.11,1.0,CONS-007,3.0,Sem retorno,28.0,,,0.34601092454366644,False
PR-002634,2025-05-25,Correspondente,Santos,SP,Apartamento,706147.55,325759.49,180.0,581.0,51.0,4497.57,0.0,CONS-014,2.0,Sem retorno,26.0,,,0.46131929509632935,False
PR-002637,2025-03-26,Indicação,São Paulo,SP,Casa,434031.7,202755.27,84.0,758.0,38.0,3802.49,0.0,CONS-001,5.0,Desistiu,38.0,,,0.4671439205938183,False
PR-002638,2025-03-13,Organico,São Paulo,SP,Apartamento,883513.44,481606.79,120.0,706.0,54.0,7122.92,0.0,CONS-008,6.0,Contratada,43.0,2025-04-25,1.64,0.545104090323742,True
PR-002639,2024-10-20,Indicação,Campinas,SP,Sala comercial,392438.56,194308.38,60.0,644.0,26.0,9934.94,0.0,CONS-021,4.0,Sem retorno,43.0,,,0.49513070275255316,False
PR-002640,2024-08-13,Organico,Florianópolis,SC,Casa,785332.63,333931.74,84.0,658.0,37.0,6105.79,0.0,CONS-007,3.0,Reprovada crédito,30.0,,,0.42521057605870777,False
PR-002641,2025-04-20,Correspondente,Santos,SP,Apartamento,854176.37,494378.06,240.0,586.0,39.0,1993.95,1.0,CONS-020,5.0,Desistiu,31.0,,,0.5787774953315554,False
PR-002642,2025-08-03,Organico,Curitiba,PR,Imóvel rural,286591.65,174628.97,60.0,643.0,49.0,8397.4,1.0,CONS-005,2.0,Sem retorno,15.0,,,0.6093302788130778,False
PR-002644,2025-10-03,Indicação,Belo Horizonte,MG,Casa,486437.06,138146.36,60.0,771.0,36.0,4036.52,1.0,CONS-025,1.0,Desistiu,9.0,,,0.28399637149357,False
PR-002645,2024-04-10,Organico,Goiânia,GO,Imóvel rural,789695.24,469666.82,84.0,702.0,27.0,4605.68,0.0,CONS-003,1.0,Desistiu,29.0,,,0.5947443978515053,False
PR-002646,2024-06-27,Indicação,Florianópolis,SC,Apartamento,1563814.32,560630.27,180.0,605.0,49.0,4410.82,0.0,CONS-005,2.0,Reprovada crédito,17.0,,,0.3585018136935848,False
PR-002647,2025-10-03,Parceria,Salvador,BA,Apartamento,1468179.4,852499.69,180.0,673.0,40.0,23128.66,0.0,CONS-002,3.0,Desistiu,31.0,,,0.5806509000194391,False
PR-002648,2025-04-06,Parceria,Campinas,SP,Casa,1205192.97,632721.48,84.0,691.0,50.0,3254.7,1.0,CONS-020,5.0,Documentação pendente,45.0,,,0.5249959929653423,False
PR-002649,2025-05-01,Parceria,Goiânia,GO,Apartamento,629061.82,208410.19,120.0,770.0,29.0,3933.4,0.0,CONS-011,3.0,Sem retorno,35.0,,,0.3313031936988324,False
PR-002650,2025-04-13,Mídia paga,Salvador,BA,Apartamento,333544.33,180940.58,84.0,653.0,34.0,10344.9,1.0,CONS-003,5.0,Desistiu,32.0,,,0.5424783566250398,False
PR-002651,2025-10-06,Correspondente,Belo Horizonte,MG,Casa,1873933.0,650685.92,84.0,586.0,47.0,2531.0,0.0,CONS-022,5.0,Documentação pendente,41.0,,,0.3472300877352606,False
PR-002652,2024-12-17,Parceria,Rio de Janeiro,RJ,Casa,786871.23,357914.83,180.0,676.0,47.0,6777.6,0.0,CONS-027,4.0,Problema garantia,43.0,,,0.45485819833570484,False
PR-002653,2025-01-28,Mídia paga,Recife,PE,Apartamento,384478.95,288582.89,120.0,703.0,49.0,2736.84,0.0,CONS-006,4.0,Sem retorno,40.0,,,0.7505817678705167,False
PR-002654,2024-02-07,Mídia paga,Recife,PE,Casa,1328879.29,723067.05,84.0,635.0,26.0,3368.66,0.0,CONS-004,2.0,Reprovada crédito,28.0,,,0.5441179311327818,False
PR-002655,2025-02-14,Organico,Florianópolis,SC,Casa,867608.88,372164.66,120.0,627.0,21.0,8113.01,0.0,CONS-018,5.0,Desistiu,41.0,,,0.42895441549653107,False
PR-002656,2024-10-16,Correspondente,Belo Horizonte,MG,Apartamento,979326.31,560682.34,60.0,742.0,49.0,8223.27,1.0,CONS-001,3.0,Reprovada crédito,11.0,,,0.572518408088107,False
PR-002657,2024-12-09,Organico,Goiânia,GO,Casa,734056.29,399204.23,180.0,732.0,24.0,22947.77,0.0,CONS-019,4.0,Problema garantia,24.0,,,0.5438332665196561,False
PR-002658,2025-09-28,Correspondente,Brasília,DF,Casa,540635.03,124346.06,180.0,635.0,28.0,4749.86,0.0,CONS-012,2.0,Sem retorno,34.0,,,0.23000000573399765,False
PR-002660,2024-02-26,Mídia paga,Florianópolis,SC,Casa,859496.09,454488.27,60.0,637.0,42.0,8927.36,0.0,CONS-006,6.0,Contratada,42.0,2024-08-04,1.43,0.5287845695726202,True
PR-002661,2025-07-30,Indicação,Campinas,SP,Sala comercial,1360005.27,587851.76,180.0,730.0,33.0,7228.36,0.0,CONS-004,6.0,Contratada,39.0,2025-07-09,1.28,0.4322422662376889,True
PR-002662,2024-09-30,Correspondente,Rio de Janeiro,RJ,Apartamento,1052946.5,494268.58,60.0,753.0,46.0,3063.09,0.0,CONS-013,3.0,Sem retorno,32.0,,,0.46941471385298306,False
PR-002663,2024-09-21,Indicação,São Paulo,SP,Casa,739602.52,329596.09,180.0,622.0,50.0,5238.97,0.0,CONS-012,5.0,Desistiu,35.0,,,0.44563949024943833,False
PR-002664,2025-09-05,Correspondente,Goiânia,GO,Apartamento,755382.77,302353.27,120.0,651.0,38.0,7044.74,1.0,CONS-003,1.0,Sem retorno,33.0,,,0.4002649808917405,False
PR-002665,2025-09-01,Correspondente,Brasília,DF,Casa,462608.33,216436.24,60.0,748.0,35.0,8916.97,0.0,CONS-006,3.0,Reprovada crédito,23.0,,,0.46786066303648266,False
PR-002666,2024-10-20,Organico,Rio de Janeiro,RJ,Casa,989956.07,387971.12,60.0,694.0,34.0,6896.53,0.0,CONS-012,6.0,Contratada,28.0,2024-11-17,1.26,0.39190741059853296,True
PR-002667,2025-09-06,Parceria,Brasília,DF,Casa,720180.93,463445.77,240.0,693.0,49.0,3964.49,0.0,CONS-007,6.0,Contratada,35.0,2025-07-14,1.33,0.643512971108524,True
PR-002669,2024-03-14,Organico,Recife,PE,Casa,346861.81,199224.17,120.0,752.0,21.0,5518.99,0.0,CONS-019,3.0,Sem retorno,16.0,,,0.574361789785967,False
PR-002670,2025-06-13,Parceria,São Paulo,SP,Sala comercial,433904.03,277257.34,180.0,647.0,53.0,5228.59,0.0,CONS-029,6.0,Contratada,27.0,2025-10-07,1.67,0.6389830949484383,True
PR-002671,2025-02-21,Organico,Salvador,BA,Apartamento,378524.47,233923.06,84.0,712.0,24.0,4488.39,0.0,CONS-008,2.0,Desistiu,11.0,,,0.6179866258051957,False
PR-002673,2024-09-20,Mídia paga,Recife,PE,Sala comercial,1026069.76,530653.45,240.0,823.0,21.0,3881.62,0.0,CONS-010,2.0,Reprovada crédito,23.0,,,0.5171709280273497,False
PR-002674,2025-11-02,Indicação,Porto Alegre,RS,Casa,637082.82,366195.79,120.0,470.0,34.0,10908.61,0.0,CONS-025,3.0,Reprovada crédito,24.0,,,0.5748009183484182,False
PR-002675,2025-03-08,Parceria,Santos,SP,Apartamento,589766.9,404529.07,60.0,614.0,43.0,5270.1,1.0,CONS-010,3.0,Sem retorno,46.0,,,0.68591348548045,False
PR-002676,2024-06-10,Mídia paga,Santos,SP,Sala comercial,523854.36,234024.35,240.0,663.0,50.0,2675.72,0.0,CONS-026,2.0,Sem retorno,18.0,,,0.44673552015487666,False
PR-002677,2025-05-26,Parceria,Curitiba,PR,Casa,631768.53,329526.37,60.0,704.0,21.0,6218.88,0.0,CONS-026,3.0,Desistiu,31.0,,,0.5215935178031106,False
PR-002678,2024-05-08,Organico,Salvador,BA,Casa,643478.42,364314.4,180.0,697.0,40.0,9995.42,0.0,CONS-010,5.0,Desistiu,53.0,,,0.566164130259411,False
PR-002679,2024-04-04,Mídia paga,Belo Horizonte,MG,Casa,1347971.32,728199.97,180.0,707.0,49.0,4298.21,0.0,CONS-007,3.0,Desistiu,23.0,,,0.5402191865625152,False
PR-002680,2025-08-23,Correspondente,Recife,PE,Casa,406074.41,179293.01,180.0,548.0,30.0,4473.71,1.0,CONS-015,4.0,Sem retorno,23.0,,,0.4415274776856784,False
PR-002681,2025-08-04,Correspondente,Curitiba,PR,Apartamento,1071106.89,530991.84,120.0,652.0,49.0,2841.42,0.0,CONS-025,4.0,Problema garantia,51.0,,,0.4957412233619373,False
PR-002682,2025-12-04,Correspondente,Florianópolis,SC,Sala comercial,610506.39,185345.55,60.0,704.0,37.0,4071.76,1.0,CONS-005,3.0,Reprovada crédito,37.0,,,0.30359313683842026,False
PR-002683,2024-09-11,Indicação,Belo Horizonte,MG,Apartamento,392556.08,285309.56,60.0,631.0,40.0,2466.34,0.0,CONS-029,5.0,Documentação pendente,25.0,,,0.7267994932087155,False
PR-002684,2024-05-05,Organico,Belo Horizonte,MG,Apartamento,215285.59,130498.22,84.0,792.0,38.0,4029.95,0.0,CONS-003,6.0,Contratada,60.0,2024-04-07,1.31,0.6061632829210725,True
PR-002685,2025-09-08,Correspondente,Goiânia,GO,Apartamento,1478729.73,808792.14,240.0,740.0,58.0,6131.33,1.0,CONS-024,6.0,Contratada,40.0,2025-09-18,1.48,0.5469506182174345,True
PR-002686,2025-03-05,Correspondente,São Paulo,SP,Sala comercial,871005.22,444556.32,120.0,613.0,46.0,8463.35,0.0,CONS-014,6.0,Contratada,37.0,2025-09-06,1.56,0.5103945530889011,True
PR-002687,2024-11-16,Correspondente,São Paulo,SP,Apartamento,483306.19,227281.72,60.0,612.0,41.0,8674.91,0.0,CONS-025,6.0,Contratada,70.0,2025-01-25,1.34,0.4702644507822257,True
PR-002688,2024-08-12,Parceria,Santos,SP,Casa,942750.67,402430.2,84.0,699.0,48.0,3499.48,0.0,CONS-012,5.0,Documentação pendente,56.0,,,0.42686811349601056,False
PR-002689,2024-01-03,Indicação,Rio de Janeiro,RJ,Apartamento,1683697.93,890958.78,120.0,685.0,57.0,6454.21,0.0,CONS-027,3.0,Sem retorno,27.0,,,0.529167830003806,False
PR-002690,2025-03-27,Correspondente,Salvador,BA,Casa,630155.57,212633.93,120.0,662.0,29.0,6699.41,0.0,CONS-001,2.0,Desistiu,37.0,,,0.33743085060725564,False
PR-002691,2025-09-07,Correspondente,São Paulo,SP,Casa,932757.65,486591.3,120.0,593.0,31.0,5813.45,0.0,CONS-015,3.0,Desistiu,27.0,,,0.5216695890942304,False
PR-002692,2025-08-02,Mídia paga,Recife,PE,Sala comercial,503265.94,276098.1,120.0,681.0,28.0,8201.75,1.0,CONS-025,6.0,Contratada,78.0,2025-04-27,1.43,0.5486127274975134,True
PR-002693,2024-06-04,Organico,Campinas,SP,Apartamento,577627.21,283563.76,180.0,533.0,54.0,4456.16,1.0,CONS-013,4.0,Problema garantia,49.0,,,0.49091136132593205,False
PR-002694,2025-01-01,Correspondente,Curitiba,PR,Apartamento,833177.44,348125.95,84.0,618.0,35.0,16241.16,0.0,CONS-006,3.0,Desistiu,14.0,,,0.41782930416358854,False
PR-002696,2025-08-20,Correspondente,Brasília,DF,Apartamento,437767.1,222308.73,84.0,608.0,46.0,6009.51,1.0,CONS-020,3.0,Reprovada crédito,31.0,,,0.5078242060675643,False
PR-002697,2024-04-24,Correspondente,Rio de Janeiro,RJ,Apartamento,588243.91,269546.18,84.0,735.0,44.0,4502.48,0.0,CONS-018,6.0,Contratada,19.0,2024-05-13,1.16,0.458221794425377,True
PR-002698,2025-10-19,Correspondente,Santos,SP,Apartamento,541876.44,336559.97,84.0,718.0,47.0,4730.57,0.0,CONS-006,5.0,Documentação pendente,38.0,,,0.6211009469243579,False
PR-002699,2024-06-23,Indicação,Curitiba,PR,Casa,758372.54,454338.71,84.0,594.0,27.0,11271.62,0.0,CONS-011,2.0,Sem retorno,17.0,,,0.599096995257766,False
PR-002700,2024-12-08,Correspondente,Florianópolis,SC,Casa,308444.73,177405.77,60.0,790.0,40.0,5638.95,0.0,CONS-018,1.0,Sem retorno,21.0,,,0.5751622665104377,False
PR-002702,2025-06-06,Correspondente,Rio de Janeiro,RJ,Casa,757703.21,483056.24,120.0,650.0,47.0,2513.74,1.0,CONS-021,3.0,Sem retorno,35.0,,,0.6375269810457844,False
PR-002703,2025-02-24,Correspondente,Curitiba,PR,Sala comercial,413078.67,199470.51,180.0,592.0,50.0,4072.58,1.0,CONS-005,3.0,Sem retorno,34.0,,,0.48288746063794585,False
PR-002704,2025-06-14,Mídia paga,Porto Alegre,RS,Apartamento,430238.52,212242.84,180.0,822.0,47.0,3560.49,0.0,CONS-002,3.0,Desistiu,24.0,,,0.49331435967193266,False
PR-002705,2024-09-23,Correspondente,Porto Alegre,RS,Apartamento,690996.97,416390.18,120.0,848.0,38.0,2477.41,0.0,CONS-030,2.0,Desistiu,44.0,,,0.6025933514585455,False
PR-002706,2025-01-14,Parceria,Rio de Janeiro,RJ,Sala comercial,775326.25,404474.2,60.0,658.0,58.0,12046.7,1.0,CONS-010,3.0,Desistiu,31.0,,,0.5216825820098313,False
PR-002707,2025-01-31,Correspondente,Salvador,BA,Imóvel rural,1053746.67,549606.28,240.0,573.0,44.0,6638.97,0.0,CONS-016,6.0,Contratada,29.0,2025-01-03,1.39,0.5215734442131144,True
PR-002708,2024-02-09,Indicação,Recife,PE,Apartamento,579422.43,282265.24,180.0,673.0,44.0,5514.14,0.0,CONS-017,2.0,Sem retorno,22.0,,,0.4871493152241275,False
PR-002709,2025-08-03,Indicação,Recife,PE,Apartamento,1875917.12,1239531.97,60.0,722.0,60.0,8590.31,0.0,CONS-028,3.0,Sem retorno,39.0,,,0.6607605191001188,False
PR-002710,2025-11-07,Correspondente,Rio de Janeiro,RJ,Sala comercial,1320778.54,837667.37,240.0,565.0,49.0,3368.0,0.0,CONS-021,1.0,Desistiu,26.0,,,0.6342224261154333,False
PR-002711,2025-03-28,Organico,Campinas,SP,Apartamento,600131.54,286421.7,120.0,721.0,40.0,2552.23,1.0,CONS-013,4.0,Sem retorno,39.0,,,0.4772648676321861,False
PR-002712,2025-03-06,Parceria,Belo Horizonte,MG,Apartamento,1733856.85,738128.97,84.0,698.0,30.0,2705.26,0.0,CONS-029,4.0,Problema garantia,31.0,,,0.42571505831060963,False
PR-002714,2025-09-04,Correspondente,São Paulo,SP,Apartamento,740790.13,310552.85,60.0,648.0,51.0,3503.21,0.0,CONS-004,6.0,Contratada,38.0,2025-05-17,1.23,0.41921839590384385,True
PR-002715,2024-05-03,Parceria,Porto Alegre,RS,Sala comercial,599588.69,281067.45,60.0,626.0,23.0,5071.42,0.0,CONS-003,4.0,Problema garantia,23.0,,,0.4687670976582297,False
PR-002716,2024-04-10,Parceria,Belo Horizonte,MG,Imóvel rural,721032.89,356703.38,240.0,672.0,55.0,9281.73,1.0,CONS-015,6.0,Contratada,43.0,2024-11-16,1.13,0.49471166287573926,True
PR-002717,2025-10-22,Correspondente,Campinas,SP,Apartamento,1670201.54,840598.63,180.0,711.0,40.0,4394.83,0.0,CONS-001,4.0,Sem retorno,40.0,,,0.5032917344813369,False
PR-002718,2025-01-07,Correspondente,Salvador,BA,Apartamento,435250.71,196459.19,84.0,493.0,33.0,3968.83,0.0,CONS-025,4.0,Sem retorno,33.0,,,0.4513701769722558,False
PR-002719,2024-12-14,Organico,Curitiba,PR,Apartamento,242898.08,111009.26,84.0,632.0,26.0,8953.55,0.0,CONS-019,5.0,Desistiu,47.0,,,0.45701991551353555,False
PR-002720,2025-02-02,Correspondente,Florianópolis,SC,Casa,516806.72,352318.75,180.0,646.0,49.0,11709.67,0.0,CONS-010,4.0,Sem retorno,56.0,,,0.6817224628967673,False
PR-002721,2025-03-13,Mídia paga,Recife,PE,Apartamento,491498.56,180109.12,84.0,611.0,34.0,4255.95,0.0,CONS-029,4.0,Problema garantia,12.0,,,0.3664489271341914,False
PR-002724,2025-05-19,Organico,Salvador,BA,Casa,474705.63,233229.71,84.0,542.0,52.0,8141.04,0.0,CONS-001,4.0,Problema garantia,29.0,,,0.4913143962501561,False
PR-002725,2025-04-02,Mídia paga,Curitiba,PR,Apartamento,793128.07,563755.39,84.0,755.0,29.0,3574.83,1.0,CONS-002,3.0,Reprovada crédito,30.0,,,0.7107999468484327,False
PR-002726,2024-10-26,Correspondente,São Paulo,SP,Apartamento,307285.41,124156.06,84.0,663.0,47.0,3151.37,0.0,CONS-023,3.0,Desistiu,33.0,,,0.404041506559,False
PR-002727,2024-08-21,Parceria,Porto Alegre,RS,Apartamento,907064.55,619322.94,180.0,649.0,36.0,4027.04,1.0,CONS-017,4.0,Problema garantia,31.0,,,0.682777140833031,False
PR-002728,2025-03-16,Indicação,Curitiba,PR,Apartamento,315571.84,156555.5,180.0,758.0,35.0,5318.94,0.0,CONS-009,6.0,Contratada,50.0,2025-05-05,1.3,0.4961009829013894,True
PR-002729,2025-04-28,Parceria,Porto Alegre,RS,Casa,1110429.33,686319.07,84.0,681.0,46.0,4768.78,1.0,CONS-003,6.0,Contratada,33.0,2025-05-31,1.2,0.6180664104036228,True
PR-002730,2025-09-22,Mídia paga,Salvador,BA,Sala comercial,683210.04,325949.84,120.0,654.0,46.0,1800.0,1.0,CONS-012,4.0,Sem retorno,55.0,,,0.47708584610378385,False
PR-002731,2024-07-14,Organico,Florianópolis,SC,Casa,674532.32,328889.57,180.0,586.0,36.0,3138.07,0.0,CONS-012,4.0,Sem retorno,35.0,,,0.48758163285637673,False
PR-002732,2024-11-27,Mídia paga,Curitiba,PR,Apartamento,1115517.27,498374.01,180.0,603.0,26.0,4254.11,0.0,CONS-024,4.0,Problema garantia,22.0,,,0.44676494340603085,False
PR-002733,2025-02-25,Correspondente,Santos,SP,Apartamento,916779.37,526460.85,120.0,464.0,32.0,2972.39,1.0,CONS-008,3.0,Reprovada crédito,27.0,,,0.574250323717472,False
PR-002734,2025-05-25,Mídia paga,Goiânia,GO,Casa,1499445.51,755987.73,60.0,706.0,46.0,10496.67,1.0,CONS-017,3.0,Reprovada crédito,39.0,,,0.504178194511383,False
PR-002735,2024-08-22,Parceria,Porto Alegre,RS,Apartamento,267559.74,84077.91,120.0,547.0,30.0,13944.28,0.0,CONS-006,4.0,Problema garantia,45.0,,,0.31423976566878115,False
PR-002736,2025-01-31,Indicação,Santos,SP,Apartamento,1338314.2,518105.84,120.0,667.0,52.0,5052.42,0.0,CONS-012,3.0,Reprovada crédito,31.0,,,0.3871331859140402,False
PR-002738,2025-03-05,Correspondente,Belo Horizonte,MG,Casa,1074344.53,630856.91,120.0,837.0,56.0,3350.98,1.0,CONS-026,6.0,Contratada,31.0,2025-03-06,1.48,0.5872016772868942,True
PR-002739,2024-05-27,Organico,Brasília,DF,Apartamento,776238.83,281866.6,120.0,766.0,45.0,16056.08,0.0,CONS-014,2.0,Desistiu,18.0,,,0.363118397465378,False
PR-002740,2025-03-29,Mídia paga,Curitiba,PR,Sala comercial,632769.31,324060.39,240.0,498.0,26.0,6146.48,0.0,CONS-016,4.0,Problema garantia,26.0,,,0.5121303844524318,False
PR-002741,2025-04-02,Parceria,Florianópolis,SC,Apartamento,1210319.12,643142.55,180.0,620.0,49.0,6320.69,0.0,CONS-028,3.0,Reprovada crédito,23.0,,,0.5313826241132174,False
PR-002742,2025-06-20,Mídia paga,Belo Horizonte,MG,Apartamento,799499.23,357414.25,60.0,669.0,42.0,2315.18,0.0,CONS-025,4.0,Sem retorno,9.0,,,0.44704764756308774,False
PR-002743,2025-05-01,Mídia paga,Goiânia,GO,Casa,338636.77,127801.64,60.0,631.0,21.0,3073.43,0.0,CONS-024,5.0,Desistiu,40.0,,,0.37740036322694664,False
PR-002744,2025-09-01,Mídia paga,Santos,SP,Casa,625446.24,297748.63,60.0,724.0,47.0,4626.25,0.0,CONS-014,5.0,Desistiu,29.0,,,0.4760579102689945,False
PR-002745,2025-03-29,Indicação,Salvador,BA,Casa,297444.27,143704.82,60.0,709.0,35.0,3313.54,0.0,CONS-021,5.0,Documentação pendente,60.0,,,0.48313191577030545,False
PR-002746,2024-11-12,Indicação,Salvador,BA,Apartamento,541628.49,339545.77,120.0,720.0,47.0,4651.45,0.0,CONS-029,6.0,Contratada,42.0,2025-01-22,1.49,0.6268979129956772,True
PR-002747,2025-12-07,Parceria,Florianópolis,SC,Apartamento,822339.49,380905.76,60.0,649.0,45.0,5926.44,0.0,CONS-014,6.0,Contratada,20.0,2025-01-08,1.34,0.4631976995291811,True
PR-002748,2024-09-21,Organico,Belo Horizonte,MG,Apartamento,766018.13,339220.6,120.0,809.0,33.0,3072.64,1.0,CONS-022,2.0,Sem retorno,34.0,,,0.4428362550635714,False
PR-002749,2024-08-09,Indicação,Belo Horizonte,MG,Sala comercial,694953.61,330677.2,180.0,920.0,53.0,4522.42,0.0,CONS-029,6.0,Contratada,53.0,2024-10-31,1.18,0.4758262929233507,True
PR-002750,2025-11-03,Parceria,Brasília,DF,Apartamento,517570.18,271087.86,240.0,735.0,43.0,3734.63,0.0,CONS-013,6.0,Contratada,19.0,2025-03-30,1.38,0.5237702450322775,True
PR-002751,2025-03-01,Organico,Belo Horizonte,MG,Apartamento,1510982.33,774385.66,60.0,688.0,51.0,3983.96,0.0,CONS-011,5.0,Documentação pendente,23.0,,,0.5125047756183886,False
PR-002752,2025-05-25,Correspondente,Goiânia,GO,Casa,1288240.59,733231.34,60.0,648.0,41.0,4018.86,0.0,CONS-005,6.0,Contratada,40.0,2025-04-07,1.3,0.5691726729399202,True
PR-002753,2025-04-20,Indicação,Recife,PE,Casa,524927.75,258141.67,180.0,684.0,49.0,10372.18,1.0,CONS-017,5.0,Desistiu,37.0,,,0.49176609542932337,False
PR-002754,2025-06-22,Mídia paga,Rio de Janeiro,RJ,Apartamento,512597.03,332399.12,60.0,784.0,42.0,8647.63,0.0,CONS-029,4.0,Sem retorno,39.0,,,0.648460877738601,False
PR-002755,2024-04-17,Correspondente,Brasília,DF,Apartamento,709437.15,403146.52,84.0,754.0,45.0,2026.45,0.0,CONS-001,4.0,Sem retorno,39.0,,,0.5682624880865064,False
PR-002756,2025-01-05,Parceria,Recife,PE,Casa,458873.08,209821.6,180.0,736.0,44.0,4129.05,0.0,CONS-006,6.0,Contratada,50.0,2025-06-20,1.2,0.45725410608092326,True
PR-002758,2025-09-18,Parceria,Rio de Janeiro,RJ,Apartamento,880651.65,411301.8,84.0,691.0,49.0,6256.37,0.0,CONS-011,6.0,Contratada,40.0,2025-10-28,1.35,0.46704255876883893,True
PR-002759,2024-11-17,Indicação,Campinas,SP,Apartamento,582518.61,213343.35,84.0,760.0,51.0,4358.16,0.0,CONS-016,5.0,Documentação pendente,30.0,,,0.3662429771986169,False
PR-002760,2024-12-26,Correspondente,Salvador,BA,Apartamento,662314.14,169811.99,60.0,638.0,52.0,4060.48,0.0,CONS-014,3.0,Desistiu,30.0,,,0.2563919139639688,False
PR-002761,2024-04-11,Mídia paga,Brasília,DF,Apartamento,1304536.4,622938.38,84.0,666.0,43.0,1938.89,1.0,CONS-010,2.0,Desistiu,15.0,,,0.47751705510095394,False
PR-002763,2024-06-23,Organico,Rio de Janeiro,RJ,Apartamento,716648.86,426730.55,84.0,710.0,45.0,15553.7,0.0,CONS-022,4.0,Sem retorno,41.0,,,0.5954527716684012,False
PR-002764,2025-05-21,Correspondente,Brasília,DF,Sala comercial,578700.0,293008.92,180.0,639.0,32.0,3669.98,0.0,CONS-013,3.0,Sem retorno,31.0,,,0.506322654224987,False
PR-002765,2025-03-18,Indicação,Florianópolis,SC,Apartamento,1116717.05,485056.62,60.0,646.0,49.0,4557.21,0.0,CONS-022,5.0,Documentação pendente,40.0,,,0.4343594646468414,False
PR-002766,2024-10-12,Correspondente,Curitiba,PR,Casa,861575.27,513506.81,84.0,589.0,34.0,4181.47,0.0,CONS-026,3.0,Sem retorno,37.0,,,0.5960092262165324,False
PR-002767,2024-12-21,Mídia paga,Brasília,DF,Casa,642705.53,326429.11,60.0,578.0,35.0,18887.16,0.0,CONS-012,2.0,Reprovada crédito,37.0,,,0.5078983994427432,False
PR-002769,2025-02-17,Correspondente,Recife,PE,Casa,258492.42,163430.97,120.0,509.0,35.0,4118.94,0.0,CONS-019,4.0,Problema garantia,34.0,,,0.6322466631710129,False
PR-002770,2025-02-21,Parceria,Recife,PE,Apartamento,625074.02,372563.27,180.0,664.0,57.0,11236.46,0.0,CONS-019,4.0,Sem retorno,39.0,,,0.5960306428989002,False
PR-002771,2025-01-24,Indicação,Belo Horizonte,MG,Casa,900632.83,592816.36,180.0,560.0,31.0,7220.77,0.0,CONS-004,1.0,Sem retorno,29.0,,,0.6582220192883709,False
PR-002774,2025-03-05,Indicação,Florianópolis,SC,Casa,1054178.28,385896.51,120.0,763.0,34.0,4395.67,0.0,CONS-007,3.0,Desistiu,29.0,,,0.3660638027943433,False
PR-002775,2025-05-28,Organico,São Paulo,SP,Casa,502590.75,332097.7,84.0,692.0,38.0,3096.41,0.0,CONS-017,6.0,Contratada,44.0,2025-11-07,1.26,0.6607716118929766,True
PR-002776,2024-09-28,Organico,Goiânia,GO,Sala comercial,937285.15,536631.13,84.0,792.0,38.0,2026.12,0.0,CONS-018,3.0,Desistiu,15.0,,,0.5725377490510759,False
PR-002777,2024-07-28,Mídia paga,Curitiba,PR,Casa,1633736.62,599505.75,180.0,707.0,38.0,5519.56,0.0,CONS-002,4.0,Sem retorno,38.0,,,0.3669537321138091,False
PR-002778,2025-04-20,Organico,Recife,PE,Imóvel rural,631862.15,263607.08,180.0,640.0,29.0,16543.23,0.0,CONS-021,5.0,Documentação pendente,31.0,,,0.41719080657070534,False
PR-002779,2024-07-24,Indicação,Belo Horizonte,MG,Sala comercial,849914.24,439942.27,60.0,713.0,45.0,11953.95,0.0,CONS-008,6.0,Contratada,40.0,2024-02-09,1.08,0.5176313671365242,True
PR-002780,2024-02-12,Indicação,Belo Horizonte,MG,Sala comercial,472745.81,275545.05,84.0,732.0,62.0,7401.33,0.0,CONS-002,1.0,Sem retorno,10.0,,,0.5828609036217581,False
PR-002781,2025-12-01,Indicação,Belo Horizonte,MG,Imóvel rural,808954.27,385465.23,60.0,584.0,31.0,3647.97,0.0,CONS-011,3.0,Desistiu,43.0,,,0.476498170904024,False
PR-002782,2025-02-20,Organico,São Paulo,SP,Apartamento,1043391.43,635585.4,240.0,611.0,32.0,16911.84,0.0,CONS-023,2.0,Reprovada crédito,17.0,,,0.6091533644281514,False
PR-002783,2025-05-08,Correspondente,São Paulo,SP,Apartamento,814004.78,333186.2,120.0,556.0,37.0,7600.81,0.0,CONS-007,3.0,Sem retorno,22.0,,,0.4093172524122033,False
PR-002785,2025-01-16,Correspondente,Campinas,SP,Casa,371878.83,136593.18,60.0,604.0,32.0,16789.94,0.0,CONS-030,4.0,Sem retorno,38.0,,,0.36730560865752965,False
PR-002786,2025-07-20,Organico,Porto Alegre,RS,Apartamento,866353.9,501023.64,240.0,700.0,38.0,7014.41,0.0,CONS-003,4.0,Problema garantia,44.0,,,0.578312904230015,False
PR-002787,2024-08-19,Indicação,Recife,PE,Casa,781991.58,255541.14,240.0,818.0,27.0,2128.16,0.0,CONS-016,6.0,Contratada,53.0,2024-11-10,1.25,0.32678246995958704,True
PR-002788,2024-06-29,Organico,Goiânia,GO,Casa,793014.57,397735.06,180.0,546.0,58.0,6287.21,0.0,CONS-017,2.0,Desistiu,23.0,,,0.5015482376320022,False
PR-002789,2025-04-02,Organico,Santos,SP,Apartamento,830586.59,416744.82,84.0,740.0,21.0,4008.88,0.0,CONS-024,5.0,Desistiu,50.0,,,0.5017475902181373,False
PR-002791,2024-12-08,Correspondente,Florianópolis,SC,Casa,1031899.14,649486.8,240.0,834.0,45.0,9806.54,1.0,CONS-029,2.0,Sem retorno,31.0,,,0.6294091881886829,False
PR-002792,2024-10-06,Correspondente,Campinas,SP,Apartamento,1774959.37,690966.62,120.0,599.0,43.0,1829.93,0.0,CONS-024,3.0,Desistiu,31.0,,,0.38928587982270263,False
PR-002793,2024-11-27,Indicação,Recife,PE,Apartamento,429994.61,225934.01,180.0,676.0,48.0,5386.8,0.0,CONS-015,2.0,Sem retorno,3.0,,,0.5254345164931253,False
PR-002794,2025-10-01,Organico,Brasília,DF,Casa,677146.04,366791.98,84.0,864.0,54.0,3393.18,0.0,CONS-023,6.0,Contratada,58.0,2025-09-03,1.36,0.5416733737378129,True
PR-002795,2024-02-07,Indicação,Rio de Janeiro,RJ,Sala comercial,617681.62,186313.91,180.0,646.0,40.0,5288.82,0.0,CONS-001,3.0,Sem retorno,36.0,,,0.3016342140794152,False
PR-002796,2024-06-24,Correspondente,Belo Horizonte,MG,Sala comercial,555447.94,169441.41,240.0,620.0,29.0,13472.54,0.0,CONS-017,4.0,Problema garantia,33.0,,,0.30505362932843,False
PR-002797,2024-12-28,Organico,Belo Horizonte,MG,Apartamento,798693.31,228291.49,120.0,710.0,44.0,5493.79,0.0,CONS-019,2.0,Reprovada crédito,43.0,,,0.2858312285099771,False
PR-002798,2025-04-29,Parceria,São Paulo,SP,Casa,1120413.68,504024.42,240.0,544.0,42.0,4798.75,0.0,CONS-025,3.0,Sem retorno,30.0,,,0.44985564617525914,False
PR-002799,2025-08-20,Indicação,Florianópolis,SC,Sala comercial,430784.12,238601.37,84.0,616.0,36.0,3264.17,0.0,CONS-013,3.0,Sem retorno,15.0,,,0.5538768931408149,False
PR-002800,2024-05-10,Organico,Rio de Janeiro,RJ,Apartamento,760683.21,407246.36,84.0,663.0,32.0,3414.27,0.0,CONS-009,5.0,Documentação pendente,24.0,,,0.5353691979082856,False
PR-002801,2024-05-14,Mídia paga,Porto Alegre,RS,Casa,1124062.82,416010.44,120.0,476.0,34.0,9199.56,0.0,CONS-006,4.0,Problema garantia,48.0,,,0.3700953653106327,False
PR-002803,2025-07-21,Correspondente,Belo Horizonte,MG,Casa,428145.22,259910.69,84.0,648.0,29.0,4626.47,0.0,CONS-005,4.0,Problema garantia,44.0,,,0.6070619917232756,False
PR-002804,2024-04-11,Indicação,São Paulo,SP,Casa,826577.06,335191.83,180.0,717.0,45.0,12854.75,0.0,CONS-017,3.0,Desistiu,37.0,,,0.40551794408618114,False
PR-002806,2024-08-25,Indicação,Rio de Janeiro,RJ,Casa,1072981.27,503231.7,180.0,706.0,52.0,9389.03,1.0,CONS-026,3.0,Sem retorno,40.0,,,0.4690032473726219,False
PR-002807,2025-07-20,Organico,São Paulo,SP,Casa,619190.51,381122.67,84.0,686.0,24.0,15935.32,0.0,CONS-007,4.0,Sem retorno,51.0,,,0.6155176215475265,False
PR-002808,2025-07-27,Correspondente,Porto Alegre,RS,Casa,1148953.45,720533.17,180.0,610.0,57.0,2730.48,1.0,CONS-023,3.0,Sem retorno,40.0,,,0.6271212902489653,False
PR-002809,2025-05-27,Correspondente,Belo Horizonte,MG,Apartamento,626069.6,312798.05,240.0,702.0,55.0,5298.58,1.0,CONS-002,3.0,Desistiu,33.0,,,0.4996218471556517,False
PR-002810,2024-09-07,Indicação,São Paulo,SP,Sala comercial,1037996.45,312523.45,120.0,642.0,66.0,7783.52,0.0,CONS-003,2.0,Reprovada crédito,46.0,,,0.30108335148930426,False
PR-002811,2024-08-11,Organico,Curitiba,PR,Apartamento,483741.83,217986.52,60.0,676.0,35.0,5181.15,0.0,CONS-012,3.0,Desistiu,27.0,,,0.45062573976701575,False
PR-002812,2025-05-28,Mídia paga,Rio de Janeiro,RJ,Casa,481927.8,234225.14,84.0,676.0,31.0,5660.98,0.0,CONS-026,6.0,Contratada,18.0,2025-06-15,1.3,0.48601707558684104,True
PR-002813,2025-04-26,Indicação,Santos,SP,Apartamento,219036.04,134166.86,84.0,636.0,57.0,1800.0,0.0,CONS-019,1.0,Sem retorno,27.0,,,0.612533261649544,False
PR-002814,2025-08-16,Correspondente,Rio de Janeiro,RJ,Imóvel rural,1247560.41,614181.2,84.0,575.0,34.0,2600.06,0.0,CONS-019,5.0,Documentação pendente,25.0,,,0.4923057794051031,False
PR-002815,2025-10-05,Organico,Goiânia,GO,Casa,1670089.55,641479.01,84.0,636.0,47.0,9728.67,1.0,CONS-024,3.0,Reprovada crédito,31.0,,,0.38409857124128466,False
PR-002816,2025-07-07,Indicação,São Paulo,SP,Casa,1113888.77,603833.72,84.0,632.0,46.0,8370.99,1.0,CONS-013,4.0,Problema garantia,37.0,,,0.5420951680839731,False
PR-002817,2025-06-16,Correspondente,Santos,SP,Casa,475878.28,225986.89,84.0,670.0,46.0,7554.98,0.0,CONS-028,3.0,Desistiu,21.0,,,0.47488380852347367,False
PR-002818,2025-01-01,Parceria,Florianópolis,SC,Casa,824477.56,453322.96,180.0,641.0,32.0,3013.25,0.0,CONS-002,3.0,Reprovada crédito,29.0,,,0.549830561792367,False
PR-002819,2025-04-16,Correspondente,Curitiba,PR,Casa,1474484.17,400131.66,84.0,650.0,54.0,8612.16,1.0,CONS-026,5.0,Documentação pendente,40.0,,,0.27137060413473274,False
PR-002820,2024-04-13,Mídia paga,Rio de Janeiro,RJ,Casa,1658021.97,893290.81,60.0,703.0,57.0,4285.01,1.0,CONS-015,6.0,Contratada,33.0,2024-05-16,1.28,0.5387689826570875,True
PR-002821,2025-07-18,Mídia paga,Rio de Janeiro,RJ,Sala comercial,495361.06,275775.27,84.0,695.0,40.0,5205.05,0.0,CONS-001,5.0,Documentação pendente,54.0,,,0.5567156812850813,False
PR-002822,2025-01-02,Indicação,Rio de Janeiro,RJ,Casa,384893.36,164999.55,84.0,572.0,54.0,6167.9,0.0,CONS-023,3.0,Desistiu,22.0,,,0.42868900102615437,False
PR-002823,2025-08-12,Indicação,Goiânia,GO,Apartamento,590138.17,346021.86,84.0,615.0,45.0,2851.86,0.0,CONS-028,6.0,Contratada,58.0,2026-04-02,1.64,0.5863404158385483,True
PR-002824,2025-11-05,Parceria,Porto Alegre,RS,Apartamento,595314.52,250048.07,180.0,637.0,46.0,3043.47,0.0,CONS-003,3.0,Reprovada crédito,46.0,,,0.42002682884334824,False
PR-002825,2025-08-04,Indicação,Brasília,DF,Sala comercial,1492578.06,928424.12,240.0,733.0,28.0,5363.05,0.0,CONS-016,5.0,Documentação pendente,32.0,,,0.6220271789336097,False
PR-002826,2024-09-13,Correspondente,São Paulo,SP,Casa,342372.22,176777.46,120.0,535.0,35.0,5514.28,0.0,CONS-012,1.0,Desistiu,39.0,,,0.5163312023387879,False
PR-002827,2025-02-27,Correspondente,Campinas,SP,Sala comercial,407998.99,210730.38,180.0,663.0,46.0,3679.0,0.0,CONS-008,4.0,Problema garantia,45.0,,,0.516497307995787,False
PR-002829,2025-04-16,Correspondente,Brasília,DF,Apartamento,746226.52,394457.79,180.0,598.0,51.0,5164.42,0.0,CONS-025,2.0,Desistiu,33.0,,,0.5286032852330147,False
PR-002830,2024-10-25,Correspondente,Salvador,BA,Apartamento,860047.98,339150.35,84.0,659.0,52.0,14197.5,0.0,CONS-011,6.0,Contratada,42.0,2024-06-12,1.43,0.3943388716522536,True
PR-002832,2025-09-08,Correspondente,Campinas,SP,Casa,2037590.95,681005.08,60.0,685.0,45.0,7237.7,0.0,CONS-030,5.0,Desistiu,39.0,,,0.33422070312984065,False
PR-002833,2025-05-22,Correspondente,Campinas,SP,Imóvel rural,971239.17,242205.24,180.0,690.0,36.0,5358.22,0.0,CONS-008,3.0,Reprovada crédito,37.0,,,0.2493775451828204,False
PR-002834,2025-06-20,Organico,Curitiba,PR,Casa,1333294.66,409489.34,84.0,849.0,50.0,4528.24,0.0,CONS-007,3.0,Reprovada crédito,19.0,,,0.307125913187112,False
PR-002835,2025-04-21,Organico,Salvador,BA,Casa,968842.2,405394.3,120.0,749.0,41.0,8324.78,0.0,CONS-003,2.0,Desistiu,39.0,,,0.418431711583166,False
PR-002836,2025-01-31,Correspondente,Santos,SP,Apartamento,639498.07,221727.95,60.0,594.0,45.0,3225.75,0.0,CONS-004,3.0,Reprovada crédito,51.0,,,0.34672184389860633,False
PR-002837,2025-02-06,Parceria,Rio de Janeiro,RJ,Apartamento,742086.24,314101.73,180.0,659.0,52.0,5369.34,0.0,CONS-018,2.0,Desistiu,25.0,,,0.42326850043736153,False
PR-002838,2025-04-23,Organico,Santos,SP,Sala comercial,802034.57,395696.99,120.0,840.0,42.0,3803.99,0.0,CONS-002,3.0,Reprovada crédito,38.0,,,0.4933665016459328,False
PR-002839,2024-10-24,Correspondente,Rio de Janeiro,RJ,Casa,639441.23,321206.0,60.0,557.0,40.0,5393.54,0.0,CONS-012,5.0,Documentação pendente,22.0,,,0.5023229421724965,False
PR-002840,2025-01-16,Organico,Recife,PE,Apartamento,965107.95,513494.44,60.0,693.0,36.0,5051.43,0.0,CONS-012,3.0,Desistiu,24.0,,,0.5320590717338926,False
PR-002841,2025-11-07,Organico,Campinas,SP,Apartamento,855266.25,449821.12,120.0,650.0,45.0,6028.12,0.0,CONS-012,4.0,Sem retorno,39.0,,,0.525942792668365,False
PR-002842,2024-08-27,Correspondente,Recife,PE,Casa,530208.44,296409.84,84.0,785.0,52.0,7366.42,0.0,CONS-026,3.0,Sem retorno,21.0,,,0.5590439865498936,False
PR-002843,2025-07-02,Organico,Curitiba,PR,Sala comercial,563754.0,282015.61,84.0,745.0,29.0,8259.01,1.0,CONS-020,4.0,Sem retorno,25.0,,,0.5002458696523661,False
PR-002844,2024-09-18,Correspondente,Curitiba,PR,Apartamento,537769.89,257321.67,84.0,770.0,41.0,6597.01,0.0,CONS-002,4.0,Problema garantia,22.0,,,0.47849772697389215,False
PR-002845,2025-08-31,Correspondente,Rio de Janeiro,RJ,Sala comercial,829508.51,546734.83,180.0,657.0,49.0,2436.72,1.0,CONS-016,3.0,Desistiu,37.0,,,0.6591069572028863,False
PR-002846,2024-07-12,Mídia paga,Curitiba,PR,Apartamento,415789.51,263456.92,60.0,617.0,36.0,6835.27,1.0,CONS-023,5.0,Documentação pendente,33.0,,,0.6336305117461958,False
PR-002847,2025-02-27,Correspondente,Santos,SP,Casa,475555.85,328345.05,60.0,586.0,28.0,5912.22,0.0,CONS-016,3.0,Sem retorno,44.0,,,0.6904447711031207,False
PR-002848,2025-12-04,Correspondente,Recife,PE,Casa,819730.77,426593.12,60.0,706.0,53.0,9272.85,0.0,CONS-016,4.0,Sem retorno,30.0,,,0.5204063768400446,False
PR-002849,2025-10-26,Organico,São Paulo,SP,Casa,361041.62,162030.5,84.0,636.0,33.0,3839.48,1.0,CONS-001,4.0,Sem retorno,22.0,,,0.44878620919106227,False
PR-002850,2024-02-21,Parceria,Brasília,DF,Casa,1119968.28,347957.18,120.0,696.0,30.0,2510.64,0.0,CONS-007,3.0,Desistiu,50.0,,,0.31068485261029,False
PR-002851,2025-01-24,Indicação,Porto Alegre,RS,Casa,1148506.52,700275.69,240.0,540.0,41.0,8016.97,1.0,CONS-005,3.0,Reprovada crédito,15.0,,,0.6097272220970935,False
PR-002852,2025-01-02,Parceria,Porto Alegre,RS,Apartamento,599722.96,341454.49,60.0,642.0,37.0,7666.27,0.0,CONS-009,2.0,Desistiu,41.0,,,0.5693537062512998,False
PR-002853,2025-03-07,Organico,Rio de Janeiro,RJ,Casa,617017.74,195578.85,120.0,730.0,59.0,6979.6,0.0,CONS-024,2.0,Desistiu,14.0,,,0.3169744357755419,False
PR-002854,2025-05-03,Organico,Brasília,DF,Sala comercial,792440.59,442352.33,84.0,685.0,54.0,5524.99,1.0,CONS-023,4.0,Problema garantia,23.0,,,0.5582151338310422,False
PR-002855,2025-05-20,Indicação,Porto Alegre,RS,Apartamento,482660.73,241168.99,60.0,599.0,23.0,3842.69,1.0,CONS-026,6.0,Contratada,26.0,2025-06-15,1.25,0.49966565541804076,True
PR-002856,2025-04-28,Correspondente,Brasília,DF,Apartamento,859104.91,418141.78,240.0,599.0,49.0,7060.04,1.0,CONS-023,3.0,Desistiu,36.0,,,0.48671794926652207,False
PR-002857,2025-09-01,Correspondente,Campinas,SP,Casa,745412.75,422080.58,60.0,595.0,35.0,12852.06,0.0,CONS-008,5.0,Documentação pendente,47.0,,,0.5662374033714879,False
PR-002858,2024-10-30,Correspondente,Santos,SP,Apartamento,699279.34,254353.89,180.0,681.0,42.0,2962.91,0.0,CONS-003,3.0,Desistiu,41.0,,,0.36373717261545296,False
PR-002859,2025-07-17,Mídia paga,Brasília,DF,Casa,458519.16,277415.32,84.0,680.0,48.0,11234.79,0.0,CONS-022,2.0,Reprovada crédito,34.0,,,0.6050244879625096,False
PR-002860,2025-03-30,Organico,Belo Horizonte,MG,Casa,508288.94,300220.6,84.0,682.0,31.0,5753.5,0.0,CONS-027,3.0,Desistiu,34.0,,,0.5906494837365535,False
PR-002861,2024-08-12,Correspondente,Belo Horizonte,MG,Apartamento,600482.56,383785.73,84.0,653.0,55.0,3305.73,0.0,CONS-011,5.0,Desistiu,44.0,,,0.6391288533009184,False
PR-002862,2025-01-02,Organico,São Paulo,SP,Casa,1144957.67,563612.26,180.0,623.0,37.0,6136.78,0.0,CONS-016,2.0,Sem retorno,21.0,,,0.4922559800835257,False
PR-002863,2024-11-08,Indicação,Santos,SP,Sala comercial,694874.77,286285.42,240.0,570.0,44.0,6589.49,0.0,CONS-005,4.0,Sem retorno,49.0,,,0.4119957039165488,False
PR-002864,2025-03-13,Mídia paga,Campinas,SP,Apartamento,397747.35,198845.55,120.0,710.0,42.0,1811.19,0.0,CONS-001,6.0,Contratada,24.0,2025-06-04,1.52,0.4999292892837627,True
PR-002865,2025-02-04,Correspondente,Porto Alegre,RS,Apartamento,626528.02,360842.33,60.0,640.0,26.0,3480.18,0.0,CONS-014,5.0,Documentação pendente,41.0,,,0.5759396523079686,False
PR-002866,2024-09-13,Parceria,Salvador,BA,Imóvel rural,430709.27,258952.71,60.0,574.0,47.0,21177.18,0.0,CONS-003,4.0,Sem retorno,44.0,,,0.6012239067898398,False
PR-002867,2025-05-20,Correspondente,Porto Alegre,RS,Casa,467169.91,288818.3,240.0,621.0,51.0,3185.56,1.0,CONS-017,3.0,Sem retorno,47.0,,,0.6182296715128763,False
PR-002868,2024-09-14,Organico,Recife,PE,Apartamento,996480.32,454664.54,84.0,738.0,32.0,9659.08,0.0,CONS-006,3.0,Desistiu,33.0,,,0.45627046603389015,False
PR-002869,2025-02-02,Mídia paga,Curitiba,PR,Casa,332500.37,194413.9,240.0,793.0,51.0,5156.99,0.0,CONS-028,3.0,Desistiu,28.0,,,0.5847028079998828,False
PR-002870,2025-07-04,Mídia paga,Porto Alegre,RS,Apartamento,1079267.58,413853.79,60.0,766.0,44.0,7356.95,1.0,CONS-020,2.0,Desistiu,27.0,,,0.3834580021388208,False
PR-002871,2025-10-10,Mídia paga,Recife,PE,Apartamento,856222.58,359105.29,240.0,706.0,46.0,3759.09,0.0,CONS-029,2.0,Desistiu,35.0,,,0.4194064702194609,False
PR-002872,2024-08-26,Mídia paga,Goiânia,GO,Casa,791906.99,290740.38,180.0,696.0,50.0,5684.66,0.0,CONS-019,6.0,Contratada,26.0,2024-09-21,1.43,0.36713955511366303,True
PR-002874,2025-03-30,Mídia paga,Campinas,SP,Casa,770475.45,404235.36,180.0,627.0,47.0,11892.22,0.0,CONS-028,3.0,Sem retorno,20.0,,,0.5246570283323109,False
PR-002875,2025-05-18,Organico,Recife,PE,Casa,668790.3,302598.97,84.0,569.0,61.0,6061.98,0.0,CONS-020,3.0,Reprovada crédito,33.0,,,0.4524571752909693,False
PR-002876,2025-03-19,Parceria,Recife,PE,Apartamento,630823.13,401348.58,84.0,589.0,37.0,3247.21,0.0,CONS-005,2.0,Reprovada crédito,47.0,,,0.6362299682955507,False
PR-002877,2025-02-07,Correspondente,Goiânia,GO,Sala comercial,325313.48,116934.66,84.0,796.0,40.0,10097.6,0.0,CONS-029,6.0,Contratada,20.0,2025-07-22,1.24,0.35945224280284976,True
PR-002878,2025-07-19,Mídia paga,Salvador,BA,Casa,436335.57,225284.44,120.0,755.0,33.0,9670.39,0.0,CONS-007,4.0,Sem retorno,34.0,,,0.5163100500837005,False
PR-002879,2025-02-04,Organico,Belo Horizonte,MG,Casa,822218.65,494695.45,120.0,735.0,35.0,3517.62,1.0,CONS-017,2.0,Reprovada crédito,29.0,,,0.6016592423438705,False
PR-002880,2024-06-11,Organico,Goiânia,GO,Casa,435963.65,179873.61,60.0,598.0,45.0,5829.65,0.0,CONS-011,6.0,Contratada,44.0,2024-12-20,1.25,0.4125885495270075,True
PR-002881,2024-09-15,Mídia paga,Belo Horizonte,MG,Apartamento,506661.11,227895.32,180.0,534.0,44.0,6235.06,1.0,CONS-022,5.0,Documentação pendente,25.0,,,0.44979832772244943,False
PR-002882,2024-12-16,Correspondente,Campinas,SP,Apartamento,753221.38,385315.64,60.0,836.0,35.0,2063.17,0.0,CONS-025,6.0,Contratada,40.0,2025-01-25,1.43,0.511556960849943,True
PR-002883,2025-06-07,Parceria,Belo Horizonte,MG,Apartamento,1005352.52,432309.21,84.0,611.0,39.0,1802.11,0.0,CONS-004,3.0,Desistiu,43.0,,,0.43000758579687054,False
PR-002884,2025-06-17,Parceria,Santos,SP,Apartamento,739961.82,372225.63,60.0,619.0,52.0,3321.4,0.0,CONS-013,4.0,Sem retorno,55.0,,,0.503033561920803,False
PR-002885,2024-08-11,Mídia paga,Brasília,DF,Apartamento,583826.83,275963.36,180.0,842.0,36.0,14703.19,0.0,CONS-026,6.0,Contratada,9.0,2024-11-17,1.24,0.47268016099911,True
PR-002886,2025-10-17,Parceria,Santos,SP,Sala comercial,1224381.21,758659.23,240.0,616.0,39.0,19586.75,1.0,CONS-007,3.0,Sem retorno,4.0,,,0.6196266520620649,False
PR-002887,2025-12-01,Organico,Recife,PE,Casa,864883.47,279930.81,240.0,630.0,33.0,7940.94,0.0,CONS-023,3.0,Desistiu,27.0,,,0.32366303636257493,False
PR-002888,2025-03-24,Parceria,Recife,PE,Apartamento,583416.54,292554.99,180.0,609.0,28.0,9410.32,0.0,CONS-020,4.0,Problema garantia,20.0,,,0.5014513129847158,False
PR-002889,2025-03-27,Parceria,Brasília,DF,Sala comercial,2609079.47,956867.96,120.0,668.0,39.0,2513.84,0.0,CONS-021,3.0,Sem retorno,31.0,,,0.3667454253511105,False
PR-002890,2025-07-15,Indicação,Goiânia,GO,Sala comercial,1022786.58,383461.71,240.0,743.0,45.0,3750.45,0.0,CONS-019,3.0,Reprovada crédito,25.0,,,0.37491859738714994,False
PR-002891,2025-11-03,Correspondente,Florianópolis,SC,Imóvel rural,527990.19,266266.13,240.0,640.0,44.0,5601.58,1.0,CONS-022,2.0,Desistiu,31.0,,,0.5043012825673902,False
PR-002892,2024-10-12,Organico,Goiânia,GO,Apartamento,954467.8,425104.22,240.0,563.0,35.0,5235.71,0.0,CONS-017,4.0,Problema garantia,23.0,,,0.4453835111043033,False
PR-002893,2024-06-25,Parceria,São Paulo,SP,Sala comercial,172103.05,98808.2,120.0,804.0,34.0,9319.71,1.0,CONS-005,2.0,Reprovada crédito,11.0,,,0.574122306374001,False
PR-002894,2025-10-08,Correspondente,Campinas,SP,Sala comercial,870192.78,470448.54,120.0,698.0,41.0,5616.24,0.0,CONS-014,3.0,Sem retorno,29.0,,,0.5406256530880432,False
PR-002895,2025-06-09,Indicação,Belo Horizonte,MG,Apartamento,820970.22,432927.27,84.0,661.0,39.0,19428.93,0.0,CONS-026,1.0,Desistiu,2.0,,,0.5273361438128658,False
PR-002896,2025-06-06,Organico,Rio de Janeiro,RJ,Casa,627012.04,287591.35,84.0,765.0,54.0,2543.75,0.0,CONS-001,6.0,Contratada,43.0,2025-07-19,1.1,0.45866958152829085,True
PR-002897,2024-06-15,Mídia paga,Santos,SP,Casa,1101276.51,512947.16,240.0,708.0,39.0,2700.83,0.0,CONS-001,3.0,Reprovada crédito,35.0,,,0.4657750849511899,False
PR-002898,2024-09-28,Correspondente,Goiânia,GO,Casa,412236.21,196746.16,60.0,627.0,59.0,4043.58,0.0,CONS-020,6.0,Contratada,24.0,2024-10-22,1.37,0.47726559488794057,True
PR-002899,2025-01-23,Parceria,Brasília,DF,Casa,1012423.6,528241.53,180.0,800.0,32.0,3421.07,1.0,CONS-021,5.0,Documentação pendente,32.0,,,0.5217593999191643,False
PR-002900,2025-12-03,Organico,Brasília,DF,Casa,845986.17,393648.05,240.0,625.0,44.0,8005.21,1.0,CONS-015,3.0,Sem retorno,35.0,,,0.4653126303471367,False
PR-002901,2024-12-17,Correspondente,São Paulo,SP,Casa,234472.16,127309.98,120.0,598.0,37.0,3895.85,1.0,CONS-001,4.0,Problema garantia,33.0,,,0.5429641625683833,False
PR-002902,2025-03-07,Mídia paga,Goiânia,GO,Casa,680674.84,240912.45,240.0,729.0,41.0,3439.67,0.0,CONS-021,6.0,Contratada,35.0,2025-07-08,1.19,0.3539317686547662,True
PR-002903,2024-05-09,Mídia paga,Santos,SP,Casa,885810.72,523146.29,180.0,639.0,31.0,2535.35,0.0,CONS-011,4.0,Sem retorno,32.0,,,0.5905847357548348,False
PR-002904,2025-08-03,Correspondente,Recife,PE,Apartamento,524852.47,252800.75,120.0,619.0,62.0,3488.9,0.0,CONS-019,6.0,Contratada,47.0,2025-04-24,1.38,0.4816605893080774,True
PR-002906,2024-12-12,Mídia paga,Recife,PE,Apartamento,673060.89,154804.0,84.0,641.0,39.0,5852.4,0.0,CONS-002,2.0,Sem retorno,37.0,,,0.22999999301697652,False
PR-002907,2024-12-21,Organico,Brasília,DF,Apartamento,824045.81,227870.02,240.0,717.0,42.0,4455.81,0.0,CONS-003,5.0,Documentação pendente,48.0,,,0.2765259130435964,False
PR-002908,2024-07-29,Mídia paga,Salvador,BA,Casa,1355438.97,538129.46,180.0,783.0,41.0,3244.36,0.0,CONS-028,6.0,Contratada,36.0,2024-03-09,1.21,0.39701489473922974,True
PR-002909,2024-10-23,Indicação,Belo Horizonte,MG,Casa,1135659.91,479839.05,180.0,802.0,58.0,4044.86,1.0,CONS-011,3.0,Sem retorno,5.0,,,0.42252002186112214,False
PR-002910,2024-12-22,Organico,Brasília,DF,Casa,821710.15,381260.66,60.0,792.0,75.0,13625.42,1.0,CONS-004,4.0,Sem retorno,21.0,,,0.4639843623691395,False
PR-002911,2024-12-20,Indicação,Campinas,SP,Casa,960597.82,594420.87,120.0,789.0,45.0,9098.63,1.0,CONS-021,6.0,Contratada,31.0,2025-01-20,1.62,0.6188030595364041,True
PR-002912,2024-07-23,Correspondente,Salvador,BA,Apartamento,720321.51,313770.54,180.0,595.0,43.0,16930.5,1.0,CONS-005,6.0,Contratada,30.0,2024-08-22,1.39,0.43559790405259446,True
PR-002913,2025-05-07,Indicação,Belo Horizonte,MG,Apartamento,369513.01,211022.81,60.0,614.0,54.0,8100.14,0.0,CONS-003,1.0,Sem retorno,28.0,,,0.571083572943751,False
PR-002914,2024-12-12,Mídia paga,Brasília,DF,Apartamento,331392.26,140963.76,60.0,708.0,42.0,12269.7,0.0,CONS-004,2.0,Reprovada crédito,26.0,,,0.4253682931520489,False
PR-002915,2025-02-15,Correspondente,Goiânia,GO,Apartamento,370390.24,171656.56,84.0,775.0,34.0,4197.01,0.0,CONS-005,6.0,Contratada,33.0,2025-03-20,1.4,0.46344784894979957,True
PR-002916,2025-04-19,Indicação,São Paulo,SP,Apartamento,518459.29,271346.49,84.0,477.0,65.0,4307.45,0.0,CONS-026,4.0,Sem retorno,39.0,,,0.5233708706425146,False
PR-002917,2024-11-29,Correspondente,Rio de Janeiro,RJ,Casa,1394585.33,851859.35,240.0,492.0,29.0,3137.1,0.0,CONS-022,4.0,Problema garantia,35.0,,,0.6108334367750734,False
PR-002918,2025-03-18,Indicação,Rio de Janeiro,RJ,Imóvel rural,576539.09,288564.05,180.0,691.0,52.0,8109.05,0.0,CONS-028,3.0,Sem retorno,27.0,,,0.5005108153204322,False
PR-002920,2025-05-01,Correspondente,Brasília,DF,Casa,646877.32,215184.26,120.0,608.0,37.0,8707.45,0.0,CONS-016,3.0,Desistiu,17.0,,,0.332650803091999,False
PR-002921,2025-01-07,Organico,São Paulo,SP,Casa,585696.63,309008.65,240.0,858.0,34.0,8605.3,1.0,CONS-006,6.0,Contratada,50.0,2025-08-20,1.29,0.5275916475735911,True
PR-002922,2025-04-29,Correspondente,Florianópolis,SC,Casa,940068.41,493201.65,120.0,733.0,52.0,3307.75,0.0,CONS-007,3.0,Sem retorno,23.0,,,0.5246444245477837,False
PR-002923,2025-08-05,Mídia paga,Recife,PE,Apartamento,1819246.75,1211562.17,120.0,599.0,64.0,6056.65,0.0,CONS-024,2.0,Desistiu,29.0,,,0.6659691270576682,False
PR-002924,2024-12-31,Indicação,Salvador,BA,Casa,908209.55,481282.56,120.0,598.0,39.0,10076.8,0.0,CONS-002,3.0,Desistiu,35.0,,,0.5299245752260587,False
PR-002925,2025-08-06,Mídia paga,Goiânia,GO,Apartamento,559980.49,254906.52,240.0,690.0,42.0,5214.9,0.0,CONS-002,6.0,Contratada,29.0,2025-07-07,1.15,0.4552060733401623,True
PR-002926,2025-12-04,Organico,São Paulo,SP,Casa,1038597.64,599042.4,120.0,706.0,37.0,7177.13,0.0,CONS-026,3.0,Sem retorno,45.0,,,0.5767800512236866,False
PR-002927,2025-05-15,Parceria,Goiânia,GO,Apartamento,300145.9,118344.09,84.0,617.0,46.0,6449.06,0.0,CONS-015,6.0,Contratada,25.0,2025-09-06,1.36,0.3942885443379369,True
PR-002928,2025-11-09,Correspondente,Salvador,BA,Sala comercial,473876.69,272236.07,240.0,661.0,36.0,4495.51,0.0,CONS-011,4.0,Problema garantia,23.0,,,0.5744871519213153,False
PR-002929,2025-07-01,Correspondente,Porto Alegre,RS,Casa,356179.78,246697.02,240.0,692.0,40.0,2425.21,1.0,CONS-017,5.0,Desistiu,40.0,,,0.692619384514191,False
PR-002931,2024-08-25,Mídia paga,Belo Horizonte,MG,Casa,1178888.95,387007.38,180.0,744.0,38.0,9153.27,0.0,CONS-003,2.0,Sem retorno,27.0,,,0.32828145517862395,False
PR-002932,2024-07-19,Correspondente,Recife,PE,Casa,969936.92,600668.41,180.0,613.0,35.0,3674.7,0.0,CONS-008,4.0,Sem retorno,21.0,,,0.6192860562519881,False
PR-002933,2025-05-09,Parceria,Santos,SP,Casa,506130.84,245013.15,60.0,610.0,38.0,7265.85,0.0,CONS-015,6.0,Contratada,47.0,2025-10-22,1.42,0.4840905367473754,True
PR-002934,2024-10-06,Mídia paga,Porto Alegre,RS,Casa,1055031.76,428219.81,60.0,658.0,67.0,4936.44,0.0,CONS-013,3.0,Sem retorno,18.0,,,0.4058833356827097,False
PR-002935,2025-12-03,Correspondente,Belo Horizonte,MG,Imóvel rural,607458.76,347371.69,60.0,571.0,37.0,3994.41,0.0,CONS-022,3.0,Reprovada crédito,37.0,,,0.571844070534105,False
PR-002936,2025-08-20,Indicação,Goiânia,GO,Apartamento,665944.82,205822.51,180.0,591.0,35.0,8237.24,0.0,CONS-007,3.0,Reprovada crédito,46.0,,,0.3090684150077179,False
PR-002937,2025-05-22,Parceria,Goiânia,GO,Casa,860984.86,367434.97,120.0,784.0,40.0,13202.73,0.0,CONS-004,2.0,Desistiu,19.0,,,0.42676124409435023,False
PR-002938,2025-06-01,Mídia paga,Recife,PE,Apartamento,355382.51,186415.22,180.0,400.0,28.0,5187.19,0.0,CONS-023,4.0,Sem retorno,37.0,,,0.5245480988920923,False
PR-002939,2024-10-28,Correspondente,Campinas,SP,Apartamento,1065311.77,535746.12,180.0,628.0,39.0,9259.38,0.0,CONS-030,4.0,Sem retorno,34.0,,,0.5029007799284898,False
PR-002940,2024-11-16,Correspondente,Goiânia,GO,Apartamento,372488.97,154391.76,180.0,671.0,28.0,2884.49,0.0,CONS-029,4.0,Sem retorno,36.0,,,0.4144867967499817,False
PR-002941,2025-07-01,Parceria,Curitiba,PR,Apartamento,363440.03,169515.7,84.0,702.0,38.0,4178.26,0.0,CONS-006,4.0,Problema garantia,11.0,,,0.4664200033221437,False
PR-002942,2025-06-30,Indicação,Recife,PE,Apartamento,313983.94,225499.86,120.0,792.0,31.0,3233.96,0.0,CONS-008,2.0,Desistiu,21.0,,,0.7181891532414046,False
PR-002943,2025-10-02,Organico,Curitiba,PR,Apartamento,1083452.36,415949.88,120.0,583.0,56.0,6179.5,0.0,CONS-002,4.0,Sem retorno,25.0,,,0.38391155472678096,False
PR-002944,2024-11-19,Correspondente,Brasília,DF,Casa,1667331.22,956502.52,84.0,681.0,52.0,6093.49,0.0,CONS-003,3.0,Desistiu,33.0,,,0.5736727703089491,False
PR-002945,2025-02-22,Organico,Belo Horizonte,MG,Sala comercial,637141.32,334940.89,120.0,687.0,41.0,5340.58,0.0,CONS-011,3.0,Desistiu,42.0,,,0.525693248085056,False
PR-002946,2024-04-03,Parceria,Curitiba,PR,Casa,504389.61,237863.28,84.0,567.0,36.0,10011.26,0.0,CONS-019,3.0,Sem retorno,32.0,,,0.4715863992519592,False
PR-002948,2025-07-07,Mídia paga,São Paulo,SP,Casa,1210501.2,566812.96,84.0,633.0,37.0,3324.52,0.0,CONS-027,3.0,Desistiu,47.0,,,0.468246508140595,False
PR-002949,2024-09-19,Indicação,Goiânia,GO,Apartamento,577606.03,355336.31,240.0,767.0,27.0,13523.24,0.0,CONS-003,2.0,Sem retorno,28.0,,,0.6151880201112166,False
PR-002950,2025-05-18,Mídia paga,São Paulo,SP,Apartamento,524409.32,224132.17,240.0,779.0,46.0,2065.26,1.0,CONS-008,3.0,Desistiu,25.0,,,0.42739928802180716,False
PR-002951,2025-02-01,Correspondente,Rio de Janeiro,RJ,Casa,381483.1,177338.31,180.0,731.0,50.0,3413.87,1.0,CONS-029,5.0,Desistiu,21.0,,,0.4648654422699197,False
PR-002952,2025-02-24,Correspondente,Rio de Janeiro,RJ,Apartamento,2552044.1,1562062.12,240.0,563.0,45.0,2716.42,0.0,CONS-013,3.0,Reprovada crédito,38.0,,,0.6120827300750799,False
PR-002953,2024-07-10,Mídia paga,Rio de Janeiro,RJ,Apartamento,437411.21,157880.58,60.0,802.0,37.0,5651.25,0.0,CONS-008,4.0,Problema garantia,21.0,,,0.36094315003952454,False
PR-002954,2025-04-30,Organico,Recife,PE,Apartamento,1352119.9,737664.95,84.0,523.0,29.0,15969.34,1.0,CONS-003,3.0,Desistiu,30.0,,,0.5455617878266565,False
PR-002955,2024-10-27,Correspondente,Rio de Janeiro,RJ,Casa,700859.64,475221.04,60.0,544.0,48.0,5387.76,0.0,CONS-016,3.0,Desistiu,26.0,,,0.6780545103153607,False
PR-002956,2025-12-02,Mídia paga,São Paulo,SP,Casa,2042881.66,1055135.27,240.0,700.0,47.0,4526.46,1.0,CONS-009,5.0,Documentação pendente,34.0,,,0.5164935838721074,False
PR-002957,2024-07-14,Indicação,São Paulo,SP,Apartamento,344054.84,208824.89,60.0,724.0,27.0,3376.81,0.0,CONS-020,4.0,Sem retorno,35.0,,,0.6069523393421816,False
PR-002958,2025-02-04,Indicação,Campinas,SP,Apartamento,286370.19,154152.41,240.0,669.0,47.0,6983.1,0.0,CONS-016,2.0,Sem retorno,26.0,,,0.53829768384761,False
PR-002959,2025-01-24,Organico,Campinas,SP,Apartamento,987953.27,412755.25,60.0,703.0,32.0,3691.96,0.0,CONS-007,6.0,Contratada,48.0,2025-03-13,1.35,0.41778823202842374,True
PR-002960,2025-06-16,Indicação,Curitiba,PR,Sala comercial,444863.97,283751.27,84.0,542.0,35.0,7506.55,0.0,CONS-005,4.0,Problema garantia,50.0,,,0.6378382812166156,False
PR-002961,2025-08-21,Parceria,Recife,PE,Apartamento,670795.11,353830.4,180.0,681.0,44.0,6361.06,0.0,CONS-017,5.0,Desistiu,21.0,,,0.5274790986475737,False
PR-002963,2025-06-23,Mídia paga,Campinas,SP,Apartamento,559088.43,325585.02,60.0,632.0,53.0,14014.25,0.0,CONS-023,3.0,Sem retorno,28.0,,,0.5823497724680154,False
PR-002965,2025-05-13,Correspondente,Campinas,SP,Sala comercial,288657.14,101863.07,120.0,694.0,46.0,12929.38,0.0,CONS-002,4.0,Problema garantia,31.0,,,0.3528860224971397,False
PR-002966,2024-07-17,Parceria,Rio de Janeiro,RJ,Casa,1061540.72,517174.52,120.0,670.0,23.0,5719.08,0.0,CONS-003,4.0,Problema garantia,26.0,,,0.4871923518864166,False
PR-002967,2025-02-19,Correspondente,Florianópolis,SC,Sala comercial,931590.27,408672.77,84.0,602.0,46.0,5569.66,1.0,CONS-009,3.0,Reprovada crédito,20.0,,,0.43868295232409416,False
PR-002968,2025-05-06,Parceria,Santos,SP,Casa,684332.56,297486.26,120.0,667.0,42.0,5757.93,0.0,CONS-005,6.0,Contratada,52.0,2025-07-27,1.25,0.4347100772174277,True
PR-002969,2025-03-13,Mídia paga,Curitiba,PR,Casa,578818.97,309168.48,84.0,568.0,29.0,8559.13,0.0,CONS-028,2.0,Reprovada crédito,25.0,,,0.5341367439978686,False
PR-002970,2025-07-29,Organico,Salvador,BA,Casa,340901.94,130528.38,84.0,634.0,47.0,2128.52,0.0,CONS-003,3.0,Reprovada crédito,27.0,,,0.38289127952747937,False
PR-002971,2025-10-24,Correspondente,Curitiba,PR,Apartamento,806754.41,302093.02,60.0,693.0,48.0,3977.72,1.0,CONS-009,4.0,Problema garantia,27.0,,,0.3744547488745677,False
PR-002972,2025-10-07,Correspondente,São Paulo,SP,Apartamento,474882.24,256471.95,84.0,633.0,28.0,4822.99,1.0,CONS-029,2.0,Sem retorno,19.0,,,0.5400748404488659,False
PR-002973,2025-07-25,Organico,Florianópolis,SC,Casa,514991.85,258979.98,180.0,618.0,50.0,6585.24,0.0,CONS-029,3.0,Sem retorno,27.0,,,0.5028817057978685,False
PR-002974,2024-10-18,Correspondente,Porto Alegre,RS,Casa,500117.11,288304.36,240.0,637.0,42.0,3733.79,1.0,CONS-020,3.0,Sem retorno,19.0,,,0.5764736983303771,False
PR-002975,2024-03-09,Correspondente,Brasília,DF,Casa,325994.6,137174.51,120.0,624.0,36.0,3485.99,0.0,CONS-011,2.0,Reprovada crédito,27.0,,,0.4207876756240748,False
PR-002976,2025-03-28,Correspondente,Campinas,SP,Casa,513938.34,244488.12,120.0,679.0,24.0,3303.53,0.0,CONS-021,3.0,Sem retorno,21.0,,,0.4757148882879607,False
PR-002977,2025-01-24,Correspondente,Salvador,BA,Apartamento,583100.16,337228.56,84.0,741.0,30.0,1918.12,1.0,CONS-003,3.0,Reprovada crédito,21.0,,,0.5783372791391448,False
PR-002978,2025-05-20,Mídia paga,Salvador,BA,Casa,702736.83,366732.65,120.0,829.0,29.0,19472.34,1.0,CONS-022,2.0,Reprovada crédito,39.0,,,0.521863426455107,False
PR-002979,2025-05-02,Organico,Brasília,DF,Casa,1112801.85,689238.03,84.0,743.0,26.0,3730.73,1.0,CONS-019,4.0,Sem retorno,35.0,,,0.6193717506849938,False
PR-002980,2025-09-15,Parceria,Rio de Janeiro,RJ,Apartamento,881654.41,321368.69,180.0,605.0,49.0,5599.23,0.0,CONS-024,3.0,Sem retorno,49.0,,,0.36450641697578534,False
PR-002981,2025-06-21,Organico,Porto Alegre,RS,Apartamento,1130784.84,342208.22,240.0,730.0,53.0,3313.53,0.0,CONS-002,3.0,Reprovada crédito,18.0,,,0.3026289422132684,False
PR-002982,2025-07-27,Indicação,Curitiba,PR,Casa,1999018.9,1100502.91,60.0,645.0,36.0,8194.39,0.0,CONS-028,3.0,Reprovada crédito,23.0,,,0.5505215133283632,False
PR-002983,2024-10-25,Organico,São Paulo,SP,Sala comercial,485861.04,204845.55,60.0,661.0,35.0,13559.16,1.0,CONS-009,6.0,Contratada,18.0,2024-12-11,1.06,0.4216134514510569,True
PR-002984,2025-04-02,Organico,Brasília,DF,Apartamento,1199930.56,578207.02,120.0,737.0,46.0,3444.5,0.0,CONS-014,3.0,Sem retorno,31.0,,,0.48186706737429874,False
PR-002985,2024-09-12,Indicação,Salvador,BA,Apartamento,573685.03,262150.94,240.0,709.0,53.0,3469.99,0.0,CONS-016,5.0,Documentação pendente,40.0,,,0.4569597013887568,False
PR-002986,2025-08-25,Correspondente,Campinas,SP,Apartamento,380920.12,116842.95,180.0,493.0,38.0,5592.35,0.0,CONS-014,5.0,Documentação pendente,37.0,,,0.30673871991849627,False
PR-002987,2025-01-27,Organico,Curitiba,PR,Apartamento,747850.22,325611.64,120.0,623.0,33.0,5359.88,1.0,CONS-016,2.0,Sem retorno,13.0,,,0.43539686329168964,False
PR-002988,2024-12-31,Parceria,São Paulo,SP,Apartamento,981678.03,710897.63,120.0,744.0,25.0,7036.87,0.0,CONS-029,3.0,Reprovada crédito,29.0,,,0.7241657735785326,False
PR-002989,2024-12-16,Parceria,Goiânia,GO,Apartamento,694325.68,391738.92,84.0,704.0,41.0,2739.42,1.0,CONS-006,6.0,Contratada,33.0,2025-01-18,1.43,0.5642005348268264,True
PR-002991,2025-02-07,Correspondente,Salvador,BA,Casa,813768.52,588035.99,120.0,502.0,37.0,8497.48,0.0,CONS-001,4.0,Problema garantia,19.0,,,0.7226084267796449,False
PR-002992,2025-12-05,Correspondente,São Paulo,SP,Apartamento,779623.3,358893.24,60.0,627.0,38.0,6316.08,1.0,CONS-002,5.0,Desistiu,48.0,,,0.46034185997263033,False
PR-002993,2024-12-10,Correspondente,Brasília,DF,Casa,529202.43,281272.39,120.0,591.0,41.0,8316.96,0.0,CONS-001,3.0,Reprovada crédito,33.0,,,0.5315024536074031,False
PR-002995,2024-02-10,Indicação,Campinas,SP,Sala comercial,466029.08,281730.19,60.0,670.0,53.0,3505.99,0.0,CONS-022,3.0,Desistiu,42.0,,,0.6045334982100259,False
PR-002996,2025-03-09,Indicação,São Paulo,SP,Sala comercial,1385357.82,528254.66,120.0,656.0,49.0,6158.16,0.0,CONS-011,6.0,Contratada,33.0,2025-06-10,1.31,0.3813127932536592,True
PR-002997,2024-04-11,Parceria,Curitiba,PR,Apartamento,484341.46,288361.49,120.0,696.0,45.0,2105.62,1.0,CONS-020,2.0,Reprovada crédito,12.0,,,0.5953681726937025,False
PR-002998,2024-09-12,Parceria,Porto Alegre,RS,Casa,1214655.94,640900.96,60.0,641.0,52.0,7793.55,0.0,CONS-005,4.0,Sem retorno,39.0,,,0.5276399175226525,False
PR-002999,2024-03-31,Parceria,Campinas,SP,Apartamento,505447.04,146988.61,240.0,639.0,41.0,4149.52,0.0,CONS-023,3.0,Desistiu,22.0,,,0.29080912215847576,False
PR-003000,2025-06-17,Parceria,Florianópolis,SC,Apartamento,1197176.24,694287.15,240.0,495.0,34.0,6787.51,1.0,CONS-025,3.0,Sem retorno,14.0,,,0.579937294779589,False
PR-003001,2025-02-26,Indicação,Goiânia,GO,Apartamento,1110240.67,493979.4,120.0,625.0,41.0,10484.39,0.0,CONS-012,6.0,Contratada,51.0,2025-04-18,1.17,0.4449300168404028,True
PR-003002,2025-04-17,Indicação,São Paulo,SP,Apartamento,469555.77,213929.73,240.0,743.0,64.0,7424.58,0.0,CONS-027,2.0,Reprovada crédito,17.0,,,0.4556002580907482,False
PR-003003,2024-07-08,Parceria,Campinas,SP,Apartamento,517520.95,253846.43,120.0,764.0,39.0,4827.04,1.0,CONS-013,6.0,Contratada,50.0,2024-09-26,1.46,0.4905046452708822,True
PR-003004,2024-12-11,Correspondente,São Paulo,SP,Sala comercial,758092.32,192494.21,120.0,666.0,43.0,5132.29,0.0,CONS-001,3.0,Sem retorno,37.0,,,0.2539192192317685,False
PR-003005,2024-08-22,Correspondente,Recife,PE,Casa,929631.86,544001.55,84.0,669.0,52.0,6958.92,0.0,CONS-022,4.0,Sem retorno,61.0,,,0.5851795462345708,False
PR-003006,2024-11-23,Organico,Florianópolis,SC,Casa,687760.07,305849.67,240.0,623.0,60.0,6555.69,0.0,CONS-016,3.0,Desistiu,30.0,,,0.44470402301779455,False
PR-003007,2025-09-02,Indicação,Rio de Janeiro,RJ,Apartamento,1696278.57,892003.62,60.0,629.0,39.0,2349.53,0.0,CONS-024,5.0,Documentação pendente,45.0,,,0.5258591576736125,False
PR-003008,2024-12-17,Mídia paga,Brasília,DF,Apartamento,1156987.23,487260.64,240.0,655.0,45.0,7073.62,0.0,CONS-009,6.0,Contratada,26.0,2025-12-01,1.29,0.4211460830038721,True
PR-003009,2025-08-30,Organico,Salvador,BA,Sala comercial,416849.94,201816.99,120.0,568.0,40.0,9152.26,0.0,CONS-001,5.0,Desistiu,54.0,,,0.4841478206761886,False
PR-003010,2025-01-22,Parceria,Rio de Janeiro,RJ,Casa,601579.17,274960.41,120.0,557.0,42.0,4928.06,0.0,CONS-018,3.0,Sem retorno,30.0,,,0.45706437940662065,False
PR-003011,2025-09-30,Organico,Salvador,BA,Casa,421600.0,264439.82,120.0,622.0,27.0,17088.46,1.0,CONS-005,3.0,Sem retorno,15.0,,,0.627229174573055,False
PR-003012,2024-04-23,Indicação,Salvador,BA,Apartamento,378828.33,220530.09,60.0,583.0,39.0,8773.94,0.0,CONS-002,2.0,Sem retorno,21.0,,,0.5821372704623226,False
PR-003013,2024-10-17,Correspondente,Salvador,BA,Casa,1246394.36,686353.93,60.0,610.0,27.0,5700.99,1.0,CONS-024,4.0,Problema garantia,44.0,,,0.5506715627307556,False
PR-003014,2024-09-21,Parceria,São Paulo,SP,Sala comercial,876998.14,409432.95,180.0,794.0,42.0,2339.35,0.0,CONS-004,6.0,Contratada,53.0,2024-11-13,1.51,0.4668572615216721,True
PR-003015,2025-05-16,Indicação,São Paulo,SP,Casa,1749307.53,1001048.3,60.0,627.0,51.0,14427.93,0.0,CONS-027,4.0,Problema garantia,30.0,,,0.5722540392883348,False
PR-003017,2024-04-06,Indicação,Santos,SP,Apartamento,793263.99,436253.2,180.0,527.0,33.0,6386.04,0.0,CONS-010,6.0,Contratada,30.0,2024-04-07,1.38,0.5499470611290448,True
PR-003018,2025-12-06,Indicação,Rio de Janeiro,RJ,Casa,471327.06,220399.11,180.0,554.0,55.0,5068.09,0.0,CONS-023,3.0,Sem retorno,16.0,,,0.4676139536736974,False
PR-003019,2025-01-16,Parceria,Santos,SP,Apartamento,1145807.1,540482.23,120.0,802.0,23.0,7046.97,0.0,CONS-016,5.0,Documentação pendente,38.0,,,0.47170438200286935,False
PR-003020,2025-01-13,Organico,Florianópolis,SC,Apartamento,604344.35,289087.86,84.0,722.0,41.0,4394.82,0.0,CONS-019,6.0,Contratada,54.0,2025-08-03,1.38,0.47834957007540485,True
PR-003021,2024-11-17,Organico,Goiânia,GO,Apartamento,523236.43,248656.69,240.0,627.0,25.0,5670.48,0.0,CONS-015,3.0,Desistiu,22.0,,,0.4752281678857873,False
PR-003022,2025-10-08,Indicação,Belo Horizonte,MG,Apartamento,395663.01,146384.79,84.0,602.0,45.0,2071.92,0.0,CONS-024,4.0,Problema garantia,35.0,,,0.36997340236581633,False
PR-003023,2024-09-20,Correspondente,Campinas,SP,Sala comercial,1873027.54,713987.98,180.0,673.0,24.0,2860.04,1.0,CONS-003,3.0,Desistiu,40.0,,,0.3811945979181918,False
PR-003024,2025-08-07,Parceria,Recife,PE,Casa,722956.72,309936.79,120.0,668.0,37.0,4108.74,0.0,CONS-003,6.0,Contratada,52.0,2025-08-29,1.21,0.4287072537343591,True
PR-003025,2025-01-02,Correspondente,Campinas,SP,Apartamento,621519.63,298367.62,60.0,538.0,43.0,4314.78,0.0,CONS-024,2.0,Reprovada crédito,29.0,,,0.48006145839673636,False
PR-003026,2025-07-27,Parceria,São Paulo,SP,Casa,704215.11,323244.47,180.0,659.0,76.0,6291.1,0.0,CONS-026,3.0,Desistiu,14.0,,,0.4590138232052419,False
PR-003027,2024-10-13,Correspondente,Santos,SP,Apartamento,742770.35,493159.47,240.0,742.0,53.0,3193.82,1.0,CONS-024,5.0,Documentação pendente,32.0,,,0.6639460904706279,False
PR-003028,2025-04-13,Mídia paga,Curitiba,PR,Apartamento,428416.46,224291.82,240.0,672.0,49.0,4934.81,0.0,CONS-001,5.0,Desistiu,31.0,,,0.5235368874482553,False
PR-003029,2025-07-02,Mídia paga,Santos,SP,Casa,570619.03,284550.61,120.0,653.0,35.0,4589.33,1.0,CONS-009,5.0,Desistiu,41.0,,,0.49867003208778365,False
PR-003030,2024-12-14,Indicação,Campinas,SP,Sala comercial,379622.75,234932.46,84.0,743.0,43.0,4841.04,0.0,CONS-002,5.0,Desistiu,32.0,,,0.6188576949089589,False
PR-003032,2024-10-22,Mídia paga,Goiânia,GO,Casa,685307.05,386280.32,180.0,551.0,29.0,9040.79,0.0,CONS-021,4.0,Sem retorno,24.0,,,0.5636602162490522,False
PR-003033,2025-08-07,Correspondente,Santos,SP,Apartamento,996976.86,413803.62,84.0,721.0,47.0,15794.08,0.0,CONS-027,4.0,Problema garantia,11.0,,,0.4150583996503189,False
PR-003035,2025-05-02,Correspondente,Curitiba,PR,Apartamento,517624.13,256083.47,240.0,701.0,41.0,8377.63,1.0,CONS-027,3.0,Desistiu,30.0,,,0.4947286170758693,False
PR-003036,2025-10-18,Indicação,Goiânia,GO,Apartamento,586050.48,304612.34,84.0,665.0,60.0,7787.24,1.0,CONS-021,6.0,Contratada,30.0,2025-11-17,1.23,0.5197715050075551,True
PR-003037,2024-12-19,Indicação,São Paulo,SP,Casa,685023.03,199747.65,180.0,706.0,23.0,5233.6,1.0,CONS-001,6.0,Contratada,47.0,2025-04-02,1.3,0.2915926052880295,True
PR-003038,2025-05-01,Parceria,Santos,SP,Casa,261637.93,128868.0,180.0,646.0,49.0,5195.74,0.0,CONS-028,2.0,Reprovada crédito,27.0,,,0.4925432638914396,False
PR-003039,2024-03-21,Indicação,Campinas,SP,Apartamento,645953.64,294302.03,84.0,631.0,45.0,4536.96,0.0,CONS-029,4.0,Problema garantia,31.0,,,0.4556085944495955,False
PR-003040,2024-10-13,Parceria,Rio de Janeiro,RJ,Apartamento,662882.29,270793.5,180.0,604.0,54.0,6230.97,0.0,CONS-013,6.0,Contratada,53.0,2024-05-12,1.27,0.4085091789071631,True
PR-003041,2025-02-05,Indicação,Florianópolis,SC,Casa,617202.91,223845.62,84.0,747.0,43.0,4360.51,0.0,CONS-026,3.0,Reprovada crédito,20.0,,,0.3626775188081987,False
PR-003042,2025-01-15,Mídia paga,Brasília,DF,Sala comercial,1132402.0,569293.95,120.0,608.0,56.0,6492.09,0.0,CONS-006,6.0,Contratada,57.0,2025-03-13,1.23,0.5027313180301695,True
PR-003043,2025-07-11,Correspondente,Santos,SP,Casa,564360.17,263244.99,180.0,603.0,50.0,13367.98,0.0,CONS-013,5.0,Documentação pendente,33.0,,,0.4664485624490473,False
PR-003044,2025-06-19,Mídia paga,Florianópolis,SC,Apartamento,1001278.77,321908.16,180.0,636.0,45.0,2956.93,0.0,CONS-023,3.0,Reprovada crédito,42.0,,,0.32149703923114237,False
PR-003045,2025-10-07,Mídia paga,Recife,PE,Casa,625605.53,282849.91,240.0,711.0,44.0,7427.51,0.0,CONS-026,2.0,Desistiu,25.0,,,0.4521218186802152,False
PR-003046,2025-02-17,Organico,São Paulo,SP,Apartamento,884394.4,393192.89,240.0,815.0,23.0,17140.13,0.0,CONS-013,6.0,Contratada,59.0,2025-04-17,1.49,0.4445899815738318,True
PR-003047,2024-11-27,Mídia paga,Belo Horizonte,MG,Casa,1454314.6,999286.83,120.0,584.0,40.0,6167.79,0.0,CONS-023,5.0,Documentação pendente,26.0,,,0.6871187499596029,False
PR-003048,2025-03-15,Correspondente,Campinas,SP,Apartamento,645677.77,325814.4,84.0,620.0,38.0,4011.95,0.0,CONS-013,2.0,Desistiu,48.0,,,0.5046083590581104,False
PR-003049,2025-07-31,Organico,Salvador,BA,Casa,713210.95,445220.53,240.0,746.0,37.0,4666.46,0.0,CONS-016,3.0,Reprovada crédito,24.0,,,0.6242480292822201,False
PR-003050,2025-05-06,Parceria,Goiânia,GO,Apartamento,633376.9,160946.2,180.0,730.0,49.0,3963.03,0.0,CONS-014,6.0,Contratada,32.0,2025-07-07,1.12,0.2541080989849804,True
PR-003051,2025-04-22,Parceria,Brasília,DF,Sala comercial,393252.43,144160.17,240.0,526.0,46.0,7685.04,0.0,CONS-024,2.0,Desistiu,30.0,,,0.36658430820122334,False
PR-003052,2024-09-24,Correspondente,Curitiba,PR,Apartamento,657646.48,364521.06,180.0,572.0,49.0,2434.73,0.0,CONS-014,3.0,Desistiu,33.0,,,0.5542811694209935,False
PR-003053,2025-09-07,Correspondente,Porto Alegre,RS,Apartamento,1163317.28,514429.97,60.0,578.0,23.0,4645.27,1.0,CONS-018,5.0,Documentação pendente,29.0,,,0.4422095148453395,False
PR-003054,2024-04-06,Correspondente,Belo Horizonte,MG,Apartamento,579143.98,292808.83,84.0,772.0,34.0,4397.52,0.0,CONS-022,2.0,Sem retorno,7.0,,,0.5055890074174647,False
PR-003055,2025-03-30,Correspondente,Brasília,DF,Apartamento,488527.98,277219.96,84.0,606.0,27.0,2375.56,0.0,CONS-011,2.0,Reprovada crédito,25.0,,,0.5674597389488316,False
PR-003056,2024-08-10,Correspondente,São Paulo,SP,Casa,538468.23,244291.87,84.0,666.0,36.0,2166.21,0.0,CONS-026,4.0,Problema garantia,32.0,,,0.4536792634915527,False
PR-003057,2025-02-01,Parceria,São Paulo,SP,Casa,537794.77,205434.66,240.0,737.0,38.0,12969.88,0.0,CONS-024,3.0,Sem retorno,23.0,,,0.38199452925137223,False
PR-003058,2025-03-30,Correspondente,São Paulo,SP,Casa,777640.12,518485.3,60.0,598.0,43.0,7159.34,0.0,CONS-021,3.0,Sem retorno,23.0,,,0.6667419628503735,False
PR-003059,2025-06-18,Parceria,Recife,PE,Casa,600928.13,239785.58,180.0,677.0,50.0,3767.02,0.0,CONS-018,3.0,Desistiu,44.0,,,0.39902538761165995,False
PR-003060,2025-07-03,Mídia paga,São Paulo,SP,Apartamento,623022.95,299780.95,240.0,645.0,54.0,5156.64,1.0,CONS-015,1.0,Desistiu,21.0,,,0.48117160050043106,False
PR-003061,2024-12-08,Correspondente,Campinas,SP,Apartamento,489187.46,264513.63,84.0,591.0,37.0,8241.84,0.0,CONS-017,3.0,Sem retorno,13.0,,,0.5407203815077353,False
PR-003063,2025-01-15,Indicação,Brasília,DF,Apartamento,645604.97,291078.08,240.0,623.0,21.0,3726.53,0.0,CONS-023,6.0,Contratada,47.0,2025-03-03,1.37,0.450860965336125,True
PR-003064,2025-02-19,Indicação,Florianópolis,SC,Sala comercial,662708.11,369995.85,60.0,803.0,37.0,5536.36,0.0,CONS-018,6.0,Contratada,40.0,2025-03-31,1.25,0.5583089212534308,True
PR-003065,2024-03-30,Correspondente,Belo Horizonte,MG,Casa,467581.24,265139.52,60.0,644.0,35.0,15306.79,0.0,CONS-015,4.0,Sem retorno,52.0,,,0.5670448198477767,False
PR-003066,2024-08-16,Indicação,Belo Horizonte,MG,Sala comercial,684863.3,422030.97,60.0,613.0,46.0,6193.25,1.0,CONS-024,5.0,Documentação pendente,26.0,,,0.6162265812754165,False
PR-003067,2024-08-05,Correspondente,Campinas,SP,Casa,383255.01,227645.37,84.0,649.0,39.0,4627.35,0.0,CONS-015,3.0,Sem retorno,11.0,,,0.593978849748109,False
PR-003068,2025-05-15,Organico,São Paulo,SP,Sala comercial,569641.34,191623.37,180.0,460.0,49.0,3186.57,0.0,CONS-016,5.0,Desistiu,36.0,,,0.33639301880723754,False
PR-003070,2025-02-28,Parceria,São Paulo,SP,Apartamento,1061200.86,653620.75,240.0,747.0,39.0,5603.61,0.0,CONS-018,4.0,Sem retorno,11.0,,,0.6159255751074306,False
PR-003071,2024-02-04,Organico,Rio de Janeiro,RJ,Apartamento,678895.61,355569.69,60.0,669.0,46.0,10232.53,1.0,CONS-002,6.0,Contratada,24.0,2024-04-26,1.38,0.5237472223454207,True
PR-003072,2025-03-10,Organico,Curitiba,PR,Apartamento,1762939.86,588593.51,180.0,718.0,45.0,3351.54,0.0,CONS-007,4.0,Sem retorno,44.0,,,0.33387044184252546,False
PR-003074,2024-08-11,Mídia paga,Recife,PE,Apartamento,728153.92,423765.02,84.0,604.0,46.0,10088.57,0.0,CONS-029,3.0,Sem retorno,29.0,,,0.5819717622340068,False
PR-003075,2025-03-28,Parceria,Porto Alegre,RS,Apartamento,1898381.66,852118.68,60.0,714.0,27.0,9067.5,0.0,CONS-006,3.0,Sem retorno,27.0,,,0.44886584081306397,False
PR-003076,2025-02-28,Indicação,Belo Horizonte,MG,Casa,386027.9,214618.14,180.0,738.0,28.0,2886.1,0.0,CONS-004,3.0,Desistiu,28.0,,,0.5559653589805297,False
PR-003077,2024-05-12,Organico,Porto Alegre,RS,Apartamento,1230996.96,568658.75,120.0,616.0,41.0,10760.06,0.0,CONS-004,2.0,Reprovada crédito,30.0,,,0.4619497598109422,False
PR-003078,2024-08-21,Organico,Salvador,BA,Casa,1072653.46,571151.26,180.0,666.0,47.0,4929.24,0.0,CONS-020,6.0,Contratada,53.0,2024-10-13,1.18,0.5324657788359719,True
PR-003079,2025-06-16,Correspondente,Campinas,SP,Apartamento,1263354.46,636374.48,240.0,715.0,48.0,8132.28,0.0,CONS-008,3.0,Sem retorno,34.0,,,0.5037180776644427,False
PR-003080,2025-01-23,Mídia paga,Campinas,SP,Apartamento,320532.27,194768.61,120.0,687.0,36.0,4058.12,0.0,CONS-003,2.0,Sem retorno,14.0,,,0.6076411900742473,False
PR-003081,2024-07-17,Indicação,Brasília,DF,Apartamento,600070.82,222231.02,84.0,777.0,38.0,4223.36,1.0,CONS-002,3.0,Sem retorno,41.0,,,0.37034132071277853,False
PR-003082,2025-06-29,Parceria,Porto Alegre,RS,Casa,557071.31,368806.42,60.0,742.0,33.0,7190.85,0.0,CONS-007,4.0,Sem retorno,45.0,,,0.662045259519827,False
PR-003083,2025-05-08,Mídia paga,Campinas,SP,Casa,1319862.93,637055.0,120.0,696.0,28.0,2595.12,1.0,CONS-010,3.0,Desistiu,37.0,,,0.4826675448790732,False
PR-003084,2025-10-05,Organico,Belo Horizonte,MG,Apartamento,914148.22,564465.45,120.0,624.0,54.0,9892.1,0.0,CONS-005,2.0,Reprovada crédito,28.0,,,0.617476944821924,False
PR-003085,2025-02-18,Correspondente,Rio de Janeiro,RJ,Apartamento,445810.77,183672.7,120.0,709.0,34.0,12408.34,0.0,CONS-009,1.0,Desistiu,32.0,,,0.4119970004313714,False
PR-003086,2025-05-20,Correspondente,São Paulo,SP,Casa,1241960.34,616191.93,240.0,653.0,45.0,3367.43,1.0,CONS-018,4.0,Sem retorno,37.0,,,0.4961446111878259,False
PR-003087,2025-03-16,Organico,Florianópolis,SC,Casa,574622.86,301470.02,180.0,759.0,44.0,4550.28,0.0,CONS-025,6.0,Contratada,51.0,2025-06-05,1.31,0.5246397959176216,True
PR-003088,2025-02-13,Organico,Porto Alegre,RS,Apartamento,458376.19,232394.41,240.0,749.0,36.0,6187.05,0.0,CONS-028,5.0,Documentação pendente,47.0,,,0.5069949422983773,False
PR-003089,2024-12-24,Mídia paga,Belo Horizonte,MG,Apartamento,858053.37,507091.73,60.0,674.0,42.0,2783.4,0.0,CONS-004,4.0,Problema garantia,53.0,,,0.5909792417690755,False
PR-003090,2024-09-13,Parceria,Porto Alegre,RS,Casa,1102382.69,620098.02,180.0,690.0,28.0,4822.55,0.0,CONS-015,6.0,Contratada,29.0,2024-12-10,1.27,0.5625070364629909,True
PR-003091,2025-10-05,Organico,Campinas,SP,Casa,917850.32,497303.03,240.0,713.0,30.0,9092.63,0.0,CONS-020,2.0,Sem retorno,17.0,,,0.541812776183376,False
PR-003092,2024-09-17,Correspondente,Campinas,SP,Casa,1069933.38,511940.84,84.0,551.0,34.0,4551.31,0.0,CONS-030,5.0,Desistiu,39.0,,,0.4784791740958676,False
PR-003094,2025-10-09,Mídia paga,Porto Alegre,RS,Casa,1324773.43,315690.43,120.0,664.0,41.0,6045.91,0.0,CONS-024,3.0,Desistiu,41.0,,,0.2382976763052985,False
PR-003097,2024-08-29,Organico,Santos,SP,Apartamento,305117.46,147960.63,120.0,551.0,41.0,7418.51,0.0,CONS-009,6.0,Contratada,41.0,2024-09-10,1.41,0.48493006594902827,True
PR-003098,2025-06-21,Mídia paga,Belo Horizonte,MG,Apartamento,575634.46,340702.15,60.0,781.0,27.0,4868.64,0.0,CONS-014,3.0,Sem retorno,40.0,,,0.5918724011067719,False
PR-003099,2024-09-09,Correspondente,Campinas,SP,Casa,646295.2,279987.69,180.0,641.0,30.0,3969.74,1.0,CONS-002,6.0,Contratada,45.0,2024-10-24,1.42,0.43321951021762195,True
PR-003100,2024-08-08,Organico,São Paulo,SP,Apartamento,394653.85,244945.56,180.0,679.0,24.0,3599.49,0.0,CONS-014,4.0,Problema garantia,31.0,,,0.6206592435370896,False
PR-003101,2024-11-07,Correspondente,Salvador,BA,Apartamento,1334573.24,376401.68,60.0,556.0,29.0,4332.58,0.0,CONS-029,3.0,Reprovada crédito,27.0,,,0.2820389834880849,False
PR-003102,2024-09-30,Correspondente,Rio de Janeiro,RJ,Apartamento,542362.58,334808.26,84.0,670.0,45.0,5358.84,0.0,CONS-004,3.0,Sem retorno,51.0,,,0.6173144541055912,False
PR-003103,2025-03-01,Correspondente,Salvador,BA,Casa,812410.53,501434.73,84.0,630.0,33.0,5799.65,0.0,CONS-010,4.0,Sem retorno,40.0,,,0.6172184031144943,False
PR-003104,2025-02-28,Indicação,Salvador,BA,Casa,2152889.49,1159998.39,120.0,635.0,51.0,7944.39,0.0,CONS-030,5.0,Desistiu,34.0,,,0.5388100018083138,False
PR-003105,2025-03-07,Indicação,Florianópolis,SC,Apartamento,1209512.07,423749.87,120.0,839.0,32.0,4074.0,0.0,CONS-014,6.0,Contratada,36.0,2025-08-08,1.42,0.35034778115112153,True
PR-003106,2024-05-25,Organico,Curitiba,PR,Apartamento,500253.15,201805.69,240.0,706.0,30.0,9387.32,0.0,CONS-026,1.0,Sem retorno,29.0,,,0.4034071349675659,False
PR-003107,2025-05-03,Indicação,Florianópolis,SC,Apartamento,368915.82,146962.89,180.0,616.0,53.0,10077.37,0.0,CONS-022,3.0,Sem retorno,36.0,,,0.3983642935128128,False
PR-003108,2025-07-12,Correspondente,Brasília,DF,Casa,647467.78,255698.37,240.0,575.0,22.0,10033.83,0.0,CONS-004,5.0,Documentação pendente,41.0,,,0.39492060902242887,False
PR-003109,2024-12-24,Correspondente,Rio de Janeiro,RJ,Apartamento,761635.51,310264.55,120.0,628.0,52.0,6182.4,0.0,CONS-011,6.0,Contratada,48.0,2025-10-02,1.3,0.40736618228317634,True
PR-003110,2025-10-01,Mídia paga,Porto Alegre,RS,Apartamento,1135200.74,473364.32,60.0,758.0,59.0,6018.32,0.0,CONS-030,6.0,Contratada,34.0,2025-02-13,1.35,0.41698732507873454,True
PR-003111,2025-12-03,Correspondente,Goiânia,GO,Sala comercial,593451.77,200108.98,240.0,685.0,48.0,17819.91,0.0,CONS-027,6.0,Contratada,42.0,2025-04-23,1.25,0.33719501754961484,True
PR-003112,2025-05-15,Mídia paga,Recife,PE,Sala comercial,655094.48,438489.06,120.0,687.0,47.0,11368.63,0.0,CONS-006,4.0,Sem retorno,37.0,,,0.6693523963138874,False
PR-003113,2025-05-14,Correspondente,São Paulo,SP,Sala comercial,366898.13,139124.7,180.0,530.0,39.0,7807.09,0.0,CONS-021,4.0,Sem retorno,38.0,,,0.3791916301126964,False
PR-003114,2024-08-10,Organico,Goiânia,GO,Casa,531748.65,215930.4,180.0,657.0,39.0,6236.8,0.0,CONS-005,2.0,Desistiu,49.0,,,0.4060760662015785,False
PR-003115,2024-08-18,Mídia paga,Florianópolis,SC,Apartamento,781645.19,273389.21,84.0,666.0,34.0,12306.96,0.0,CONS-008,3.0,Desistiu,16.0,,,0.3497612644427583,False
PR-003116,2024-05-14,Correspondente,Recife,PE,Casa,1120625.18,678234.3,120.0,618.0,45.0,2793.44,0.0,CONS-030,4.0,Problema garantia,34.0,,,0.6052285028969276,False
PR-003117,2024-10-19,Parceria,Belo Horizonte,MG,Apartamento,1232575.04,575631.86,84.0,633.0,35.0,3754.33,0.0,CONS-004,3.0,Desistiu,33.0,,,0.46701567151643764,False
PR-003118,2025-07-23,Mídia paga,Florianópolis,SC,Apartamento,818443.74,425362.84,84.0,725.0,38.0,2833.92,0.0,CONS-029,3.0,Sem retorno,43.0,,,0.5197215388317346,False
PR-003119,2024-12-26,Mídia paga,Porto Alegre,RS,Casa,708562.24,371194.53,84.0,734.0,33.0,1974.93,1.0,CONS-015,4.0,Problema garantia,13.0,,,0.5238700413953755,False
PR-003120,2024-12-15,Correspondente,Brasília,DF,Casa,961023.2,497104.76,60.0,730.0,50.0,1800.0,0.0,CONS-019,2.0,Desistiu,10.0,,,0.5172661388403527,False
PR-003121,2025-10-24,Correspondente,Salvador,BA,Casa,813926.78,213163.06,84.0,593.0,27.0,3216.23,1.0,CONS-001,1.0,Desistiu,3.0,,,0.2618946387290513,False
PR-003122,2025-02-16,Organico,Santos,SP,Apartamento,1079334.87,497244.37,84.0,609.0,34.0,4446.4,0.0,CONS-028,2.0,Desistiu,36.0,,,0.4606951779478782,False
PR-003123,2025-11-09,Organico,Curitiba,PR,Apartamento,1273156.62,841193.32,180.0,604.0,36.0,5494.4,0.0,CONS-005,3.0,Reprovada crédito,27.0,,,0.6607147202360695,False
PR-003124,2024-11-17,Parceria,Belo Horizonte,MG,Casa,1348780.03,576400.08,120.0,699.0,47.0,9422.62,0.0,CONS-003,2.0,Reprovada crédito,24.0,,,0.42734920978923446,False
PR-003125,2025-06-21,Correspondente,Rio de Janeiro,RJ,Imóvel rural,855349.83,508066.45,60.0,633.0,41.0,35231.29,0.0,CONS-029,4.0,Problema garantia,20.0,,,0.5939867317212187,False
PR-003126,2024-11-15,Correspondente,Rio de Janeiro,RJ,Apartamento,876594.94,435575.42,120.0,695.0,39.0,3574.22,0.0,CONS-024,2.0,Sem retorno,25.0,,,0.49689474593590516,False
PR-003127,2024-01-07,Correspondente,São Paulo,SP,Casa,296691.35,166521.26,180.0,789.0,30.0,6134.79,0.0,CONS-014,5.0,Documentação pendente,22.0,,,0.5612609198077396,False
PR-003128,2025-07-04,Mídia paga,Campinas,SP,Casa,584773.66,267762.86,240.0,550.0,67.0,11377.22,0.0,CONS-020,6.0,Contratada,9.0,2025-04-16,1.59,0.45789145154041305,True
PR-003129,2024-05-28,Correspondente,Santos,SP,Casa,1049992.17,475892.98,180.0,748.0,38.0,6684.42,0.0,CONS-018,6.0,Contratada,23.0,2024-06-20,1.41,0.45323478936038164,True
PR-003130,2025-04-26,Correspondente,Florianópolis,SC,Casa,366648.35,187634.6,180.0,641.0,31.0,7783.11,0.0,CONS-017,2.0,Sem retorno,35.0,,,0.511756291825669,False
PR-003131,2025-06-15,Mídia paga,Rio de Janeiro,RJ,Apartamento,1496708.95,573697.42,84.0,672.0,54.0,5102.51,0.0,CONS-013,6.0,Contratada,41.0,2025-07-26,1.42,0.3833059326597867,True
PR-003132,2025-10-23,Parceria,Belo Horizonte,MG,Casa,173786.99,61459.12,84.0,752.0,43.0,6745.4,0.0,CONS-021,6.0,Contratada,28.0,2025-11-20,1.37,0.35364626546555644,True
PR-003133,2024-09-07,Organico,Rio de Janeiro,RJ,Casa,1591546.68,688713.1,60.0,744.0,25.0,2113.98,0.0,CONS-008,3.0,Sem retorno,34.0,,,0.43273195103520307,False
PR-003134,2024-02-09,Mídia paga,Recife,PE,Apartamento,744276.27,513743.33,180.0,611.0,35.0,6074.47,0.0,CONS-022,3.0,Desistiu,27.0,,,0.690258914206683,False
PR-003135,2025-08-30,Organico,Santos,SP,Apartamento,438811.48,295710.54,120.0,611.0,52.0,5924.83,0.0,CONS-013,4.0,Sem retorno,27.0,,,0.6738897077168537,False
PR-003136,2024-02-11,Mídia paga,Recife,PE,Sala comercial,1000638.36,485536.93,180.0,700.0,21.0,4877.83,1.0,CONS-030,2.0,Sem retorno,27.0,,,0.48522718037713447,False
PR-003137,2024-02-28,Correspondente,Belo Horizonte,MG,Apartamento,741282.42,290229.23,240.0,569.0,39.0,3737.88,0.0,CONS-017,5.0,Documentação pendente,48.0,,,0.39152315253881237,False
PR-003138,2025-03-03,Indicação,Goiânia,GO,Apartamento,426074.1,196031.88,60.0,672.0,52.0,3801.77,0.0,CONS-017,6.0,Contratada,17.0,2025-03-20,1.31,0.4600887028805553,True
PR-003140,2024-06-05,Parceria,Campinas,SP,Apartamento,1377838.33,721572.33,240.0,668.0,21.0,6418.83,0.0,CONS-022,6.0,Contratada,52.0,2024-06-27,1.24,0.5236988362778381,True
PR-003141,2024-10-16,Organico,Belo Horizonte,MG,Casa,782495.87,535807.08,84.0,669.0,48.0,4952.58,0.0,CONS-026,1.0,Sem retorno,3.0,,,0.6847410964609947,False
PR-003142,2024-08-13,Parceria,Rio de Janeiro,RJ,Casa,598179.72,320235.4,84.0,677.0,39.0,3025.24,1.0,CONS-018,6.0,Contratada,37.0,2024-09-19,1.37,0.535349810923045,True
PR-003143,2025-09-04,Organico,São Paulo,SP,Casa,556907.72,341242.82,240.0,621.0,48.0,6731.78,0.0,CONS-008,3.0,Sem retorno,45.0,,,0.6127457166512255,False
PR-003144,2025-05-27,Organico,Curitiba,PR,Apartamento,578274.52,354577.52,120.0,508.0,53.0,3453.17,1.0,CONS-022,2.0,Desistiu,5.0,,,0.6131646955497884,False
PR-003145,2025-07-03,Indicação,Curitiba,PR,Apartamento,1274524.03,853813.21,240.0,710.0,43.0,11976.59,0.0,CONS-015,3.0,Reprovada crédito,45.0,,,0.6699075026463016,False
PR-003146,2025-06-28,Organico,Salvador,BA,Apartamento,428884.58,223585.46,180.0,744.0,44.0,5553.2,0.0,CONS-022,6.0,Contratada,51.0,2025-08-18,1.63,0.5213184861997137,True
PR-003147,2024-09-26,Correspondente,Curitiba,PR,Casa,1108230.52,560481.52,120.0,729.0,22.0,11595.18,0.0,CONS-023,2.0,Reprovada crédito,40.0,,,0.5057445268697347,False
PR-003148,2024-06-27,Indicação,Curitiba,PR,Apartamento,270203.77,107310.63,84.0,635.0,34.0,7877.88,0.0,CONS-010,5.0,Documentação pendente,28.0,,,0.39714704942865897,False
PR-003149,2025-12-05,Correspondente,Salvador,BA,Apartamento,759856.13,395713.96,120.0,645.0,38.0,11310.05,0.0,CONS-023,4.0,Sem retorno,21.0,,,0.5207748472069311,False
PR-003150,2024-05-17,Indicação,São Paulo,SP,Apartamento,1064043.38,532251.91,180.0,639.0,65.0,2835.77,1.0,CONS-022,2.0,Reprovada crédito,16.0,,,0.5002163633591706,False
PR-003151,2024-02-11,Mídia paga,Goiânia,GO,Apartamento,1022175.55,355476.36,240.0,678.0,36.0,4294.14,0.0,CONS-006,4.0,Sem retorno,33.0,,,0.34776449113853286,False
PR-003152,2024-10-31,Correspondente,Rio de Janeiro,RJ,Casa,539521.78,296968.36,84.0,686.0,36.0,8995.72,1.0,CONS-014,2.0,Reprovada crédito,17.0,,,0.5504288631313456,False
PR-003153,2025-01-31,Indicação,Recife,PE,Sala comercial,723481.39,369303.57,60.0,712.0,38.0,11291.12,0.0,CONS-011,5.0,Desistiu,35.0,,,0.5104534478765238,False
PR-003154,2024-04-12,Indicação,Belo Horizonte,MG,Apartamento,477586.62,204058.66,60.0,600.0,61.0,9935.02,0.0,CONS-005,6.0,Contratada,29.0,2025-02-01,1.28,0.4272704708519682,True
PR-003156,2025-09-30,Correspondente,Campinas,SP,Apartamento,799139.93,382145.71,180.0,644.0,25.0,2833.14,0.0,CONS-005,3.0,Reprovada crédito,22.0,,,0.47819624030049407,False
PR-003157,2024-11-15,Correspondente,Salvador,BA,Apartamento,619578.74,263976.03,60.0,619.0,24.0,4917.0,0.0,CONS-021,3.0,Sem retorno,33.0,,,0.42605727562569373,False
PR-003158,2025-02-15,Mídia paga,Recife,PE,Imóvel rural,791435.02,312173.45,84.0,630.0,28.0,6205.71,0.0,CONS-030,3.0,Reprovada crédito,25.0,,,0.3944397734636509,False
PR-003159,2024-08-14,Parceria,Porto Alegre,RS,Sala comercial,357394.54,82200.74,84.0,731.0,58.0,7049.5,0.0,CONS-022,6.0,Contratada,45.0,2024-09-28,1.37,0.2299999882482816,True
PR-003160,2024-08-18,Mídia paga,São Paulo,SP,Casa,701195.38,388800.72,84.0,678.0,31.0,4759.25,0.0,CONS-010,2.0,Sem retorno,47.0,,,0.5544827177840219,False
PR-003162,2025-06-10,Correspondente,Santos,SP,Apartamento,818885.93,467845.2,180.0,692.0,35.0,4653.47,0.0,CONS-008,4.0,Problema garantia,41.0,,,0.5713191335452545,False
PR-003163,2024-12-24,Mídia paga,Salvador,BA,Apartamento,451236.71,236426.77,240.0,706.0,50.0,7069.56,0.0,CONS-013,4.0,Problema garantia,44.0,,,0.5239528716535496,False
PR-003164,2025-05-15,Mídia paga,São Paulo,SP,Apartamento,608475.17,283434.03,84.0,745.0,29.0,6822.05,0.0,CONS-007,6.0,Contratada,31.0,2025-06-15,1.14,0.465810346870851,True
PR-003165,2024-06-29,Parceria,Florianópolis,SC,Casa,477682.09,245171.31,180.0,697.0,35.0,4374.24,0.0,CONS-006,6.0,Contratada,38.0,2024-06-08,1.37,0.5132520459370792,True
PR-003166,2024-11-14,Correspondente,Brasília,DF,Casa,551313.6,296182.14,240.0,654.0,41.0,2132.52,0.0,CONS-008,3.0,Desistiu,38.0,,,0.5372298815048278,False
PR-003167,2025-07-29,Parceria,Brasília,DF,Apartamento,488701.16,272329.78,120.0,784.0,42.0,2542.64,1.0,CONS-010,6.0,Contratada,62.0,2025-09-29,1.49,0.5572521661295013,True
PR-003168,2025-01-14,Mídia paga,Salvador,BA,Apartamento,616841.84,214851.31,180.0,659.0,48.0,7838.73,1.0,CONS-018,6.0,Contratada,62.0,2025-03-17,1.19,0.3483085874978909,True
PR-003169,2024-09-16,Organico,Recife,PE,Imóvel rural,365571.3,114538.6,120.0,789.0,29.0,8652.92,1.0,CONS-006,6.0,Contratada,42.0,2024-10-28,1.21,0.31331398279897793,True
PR-003171,2024-09-11,Mídia paga,Brasília,DF,Apartamento,986557.78,597973.29,60.0,646.0,56.0,6222.25,0.0,CONS-009,4.0,Problema garantia,19.0,,,0.6061209004909981,False
PR-003172,2024-03-24,Mídia paga,Porto Alegre,RS,Apartamento,684952.47,360159.6,120.0,627.0,46.0,7244.0,1.0,CONS-026,4.0,Problema garantia,29.0,,,0.5258169227420991,False
PR-003173,2025-03-24,Indicação,Belo Horizonte,MG,Casa,696039.11,293895.19,180.0,684.0,52.0,21997.13,0.0,CONS-026,4.0,Sem retorno,38.0,,,0.42223947731902595,False
PR-003174,2024-09-30,Organico,Santos,SP,Casa,1642442.15,885853.63,60.0,697.0,24.0,7795.07,0.0,CONS-001,2.0,Sem retorno,28.0,,,0.5393514955762674,False
PR-003175,2025-01-24,Correspondente,Brasília,DF,Apartamento,292443.78,161152.19,240.0,721.0,23.0,3999.32,0.0,CONS-018,6.0,Contratada,33.0,2025-02-26,1.48,0.5510535734423895,True
PR-003176,2024-09-30,Indicação,Florianópolis,SC,Apartamento,1455946.76,799919.9,84.0,595.0,52.0,8623.83,0.0,CONS-026,4.0,Sem retorno,32.0,,,0.5494156256098266,False
PR-003177,2025-01-21,Organico,Goiânia,GO,Imóvel rural,620576.72,211294.99,120.0,742.0,47.0,5108.58,0.0,CONS-021,2.0,Desistiu,20.0,,,0.3404816571269383,False
PR-003178,2025-03-13,Organico,Santos,SP,Apartamento,1121666.7,775611.92,60.0,580.0,48.0,5649.02,0.0,CONS-011,2.0,Sem retorno,38.0,,,0.6914816317538892,False
PR-003179,2024-12-22,Mídia paga,Curitiba,PR,Casa,1028742.86,796296.87,120.0,661.0,26.0,23130.4,0.0,CONS-002,6.0,Contratada,42.0,2025-02-02,1.44,0.7740485022661543,True
PR-003180,2025-12-04,Organico,Campinas,SP,Apartamento,886398.8,595910.17,240.0,802.0,35.0,7843.51,0.0,CONS-019,3.0,Sem retorno,32.0,,,0.6722822391005042,False
PR-003181,2025-10-02,Correspondente,Goiânia,GO,Apartamento,1416894.81,698372.69,84.0,811.0,43.0,5077.86,0.0,CONS-014,6.0,Contratada,44.0,2025-03-26,1.47,0.4928895815491059,True
PR-003182,2024-02-11,Correspondente,São Paulo,SP,Apartamento,484297.86,211993.07,120.0,662.0,32.0,7796.39,0.0,CONS-025,3.0,Sem retorno,34.0,,,0.4377328241756014,False
PR-003183,2024-04-27,Parceria,Santos,SP,Sala comercial,618542.99,350109.3,240.0,645.0,51.0,6178.96,0.0,CONS-013,5.0,Desistiu,35.0,,,0.5660225815508797,False
PR-003184,2025-03-25,Indicação,Curitiba,PR,Apartamento,696208.65,387267.22,84.0,571.0,41.0,2667.28,0.0,CONS-028,4.0,Sem retorno,30.0,,,0.5562516639228771,False
PR-003185,2025-04-18,Mídia paga,Salvador,BA,Casa,485114.67,208601.93,180.0,558.0,44.0,7132.88,0.0,CONS-004,2.0,Reprovada crédito,16.0,,,0.4300054047015317,False
PR-003186,2024-10-23,Parceria,Porto Alegre,RS,Apartamento,284839.63,188432.99,60.0,726.0,36.0,6658.61,1.0,CONS-009,4.0,Problema garantia,28.0,,,0.6615406360414103,False
PR-003187,2024-09-11,Indicação,Santos,SP,Apartamento,482095.58,243548.29,180.0,590.0,51.0,8135.85,0.0,CONS-027,2.0,Sem retorno,33.0,,,0.5051867308138357,False
PR-003188,2025-01-04,Organico,Porto Alegre,RS,Sala comercial,493416.03,348820.61,84.0,616.0,21.0,6641.42,1.0,CONS-004,3.0,Desistiu,8.0,,,0.7069502991218181,False
PR-003189,2025-07-11,Indicação,Curitiba,PR,Imóvel rural,363350.82,182419.62,84.0,742.0,37.0,9370.08,0.0,CONS-024,2.0,Desistiu,12.0,,,0.5020481858276802,False
PR-003190,2025-01-15,Parceria,Santos,SP,Apartamento,500653.57,243917.6,180.0,640.0,38.0,5771.4,0.0,CONS-027,6.0,Contratada,9.0,2025-01-24,1.17,0.48719836353109397,True
PR-003191,2024-10-12,Indicação,São Paulo,SP,Apartamento,497736.38,227146.09,180.0,655.0,41.0,8694.71,0.0,CONS-008,4.0,Sem retorno,49.0,,,0.4563582232024109,False
PR-003192,2025-06-16,Indicação,Rio de Janeiro,RJ,Sala comercial,834231.6,463934.55,60.0,861.0,46.0,3068.09,0.0,CONS-002,3.0,Sem retorno,31.0,,,0.5561220049684045,False
PR-003193,2025-07-26,Organico,Florianópolis,SC,Casa,807777.9,434397.02,240.0,698.0,51.0,11598.67,1.0,CONS-011,3.0,Sem retorno,27.0,,,0.5377678938728083,False
PR-003194,2024-02-08,Mídia paga,Brasília,DF,Casa,348621.76,144220.97,84.0,694.0,37.0,3587.26,0.0,CONS-002,6.0,Contratada,34.0,2024-05-09,1.3,0.4136889504544983,True
PR-003195,2025-06-30,Correspondente,Porto Alegre,RS,Apartamento,608197.33,233845.46,84.0,746.0,43.0,4357.96,0.0,CONS-027,6.0,Contratada,13.0,2025-07-13,1.39,0.3844894550918203,True
PR-003196,2024-01-03,Mídia paga,Recife,PE,Casa,210683.67,160133.87,120.0,653.0,32.0,5403.59,0.0,CONS-022,5.0,Documentação pendente,44.0,,,0.7600677831366807,False
PR-003197,2025-08-02,Parceria,Curitiba,PR,Apartamento,1212587.51,525476.67,120.0,587.0,27.0,3645.42,1.0,CONS-025,5.0,Documentação pendente,43.0,,,0.4333515442526701,False
PR-003198,2025-07-03,Organico,Brasília,DF,Apartamento,1090423.47,499316.16,60.0,631.0,21.0,6577.19,0.0,CONS-004,3.0,Sem retorno,37.0,,,0.4579103199236898,False
PR-003199,2024-09-18,Parceria,Santos,SP,Apartamento,833770.26,403225.96,84.0,681.0,45.0,3453.28,0.0,CONS-023,6.0,Contratada,62.0,2024-11-19,1.24,0.4836175854965132,True
PR-003200,2024-05-27,Organico,Salvador,BA,Apartamento,877142.77,495035.34,84.0,637.0,45.0,2801.75,0.0,CONS-012,2.0,Desistiu,33.0,,,0.5643725935288734,False
PR-003201,2025-03-06,Organico,Florianópolis,SC,Casa,236315.79,128163.66,120.0,709.0,48.0,2657.6,0.0,CONS-023,3.0,Sem retorno,43.0,,,0.5423406535805331,False
PR-003202,2024-12-31,Correspondente,Rio de Janeiro,RJ,Apartamento,924718.47,504485.83,240.0,615.0,29.0,7925.15,0.0,CONS-022,5.0,Desistiu,40.0,,,0.5455561301808971,False
PR-003203,2024-11-20,Organico,São Paulo,SP,Casa,518424.27,358040.59,180.0,668.0,59.0,4879.54,1.0,CONS-027,3.0,Reprovada crédito,33.0,,,0.6906323849383055,False
PR-003204,2025-06-13,Correspondente,Santos,SP,Casa,377482.31,179416.01,180.0,528.0,26.0,4110.62,0.0,CONS-005,4.0,Sem retorno,65.0,,,0.47529647150882387,False
PR-003205,2025-04-16,Indicação,São Paulo,SP,Casa,1240113.35,503234.74,60.0,696.0,56.0,8537.49,0.0,CONS-013,3.0,Reprovada crédito,27.0,,,0.40579737328043436,False
PR-003206,2025-08-27,Mídia paga,Campinas,SP,Casa,805213.53,471986.37,60.0,545.0,21.0,10897.74,0.0,CONS-027,1.0,Sem retorno,29.0,,,0.5861629895861288,False
PR-003207,2025-02-16,Organico,Campinas,SP,Casa,710290.63,219619.0,240.0,568.0,41.0,10842.89,0.0,CONS-007,6.0,Contratada,58.0,2025-04-15,1.11,0.30919596954277717,True
PR-003208,2025-05-25,Correspondente,Campinas,SP,Casa,627394.79,339161.0,240.0,674.0,27.0,4457.85,0.0,CONS-002,5.0,Documentação pendente,53.0,,,0.5405862551074101,False
PR-003209,2025-04-30,Mídia paga,Campinas,SP,Casa,307114.88,170350.3,84.0,649.0,32.0,4371.04,0.0,CONS-006,4.0,Problema garantia,31.0,,,0.55467940856529,False
PR-003211,2025-01-29,Parceria,Belo Horizonte,MG,Casa,1018098.31,524341.42,180.0,641.0,54.0,6880.99,0.0,CONS-007,2.0,Reprovada crédito,37.0,,,0.5150204207685994,False
PR-003212,2025-05-03,Correspondente,Florianópolis,SC,Apartamento,814520.69,511593.02,240.0,592.0,47.0,2024.89,1.0,CONS-029,3.0,Desistiu,45.0,,,0.6280908837318793,False
PR-003213,2024-02-12,Indicação,São Paulo,SP,Casa,431733.34,180498.72,120.0,713.0,40.0,9760.89,0.0,CONS-030,3.0,Desistiu,23.0,,,0.41807917822607815,False
PR-003214,2025-05-15,Organico,Salvador,BA,Sala comercial,567466.31,295949.15,180.0,842.0,49.0,2416.21,0.0,CONS-022,3.0,Desistiu,25.0,,,0.5215272603584167,False
PR-003215,2025-09-10,Correspondente,Santos,SP,Casa,1077032.43,536890.26,84.0,609.0,54.0,2279.49,0.0,CONS-018,3.0,Reprovada crédito,27.0,,,0.498490337937178,False
PR-003216,2025-03-10,Correspondente,Florianópolis,SC,Apartamento,411286.8,195088.21,60.0,780.0,21.0,2127.1,0.0,CONS-013,4.0,Problema garantia,23.0,,,0.474336180981252,False
PR-003217,2025-08-27,Indicação,Porto Alegre,RS,Casa,539671.49,264626.77,120.0,638.0,36.0,8768.74,0.0,CONS-019,3.0,Reprovada crédito,27.0,,,0.4903478781137763,False
PR-003218,2025-10-06,Correspondente,Brasília,DF,Apartamento,1640518.2,923686.07,60.0,761.0,35.0,7093.14,0.0,CONS-007,2.0,Reprovada crédito,27.0,,,0.5630453048311198,False
PR-003219,2024-12-13,Organico,Rio de Janeiro,RJ,Apartamento,516989.36,292039.48,84.0,533.0,52.0,4185.39,0.0,CONS-028,3.0,Desistiu,24.0,,,0.5648848943428932,False
PR-003220,2024-12-12,Organico,Campinas,SP,Casa,616307.0,279233.92,240.0,735.0,34.0,8193.24,0.0,CONS-010,3.0,Reprovada crédito,31.0,,,0.45307601568698713,False
PR-003221,2025-03-20,Organico,Porto Alegre,RS,Sala comercial,403440.4,243398.04,84.0,599.0,22.0,5963.6,1.0,CONS-007,5.0,Desistiu,35.0,,,0.6033060645389009,False
PR-003222,2025-11-01,Mídia paga,Recife,PE,Apartamento,1063549.07,497832.15,240.0,783.0,30.0,15179.23,0.0,CONS-026,4.0,Problema garantia,40.0,,,0.46808573674931614,False
PR-003223,2025-07-28,Organico,Porto Alegre,RS,Casa,1565100.0,608549.46,180.0,650.0,21.0,3167.7,0.0,CONS-011,3.0,Sem retorno,41.0,,,0.38882465018209694,False
PR-003224,2024-10-18,Mídia paga,Goiânia,GO,Apartamento,1692384.76,887461.98,84.0,610.0,51.0,2735.23,0.0,CONS-016,5.0,Desistiu,19.0,,,0.5243854713038186,False
PR-003225,2024-04-02,Mídia paga,Brasília,DF,Casa,590943.78,273030.93,180.0,804.0,46.0,10263.52,0.0,CONS-027,5.0,Desistiu,39.0,,,0.4620252200640812,False
PR-003226,2025-04-29,Mídia paga,Rio de Janeiro,RJ,Apartamento,671166.8,376162.29,60.0,597.0,21.0,5845.85,0.0,CONS-030,3.0,Reprovada crédito,37.0,,,0.5604602164469398,False
PR-003227,2025-05-28,Correspondente,Belo Horizonte,MG,Apartamento,434560.61,280705.73,180.0,720.0,48.0,10009.42,0.0,CONS-028,2.0,Reprovada crédito,21.0,,,0.6459530006642802,False
PR-003228,2024-10-24,Organico,Recife,PE,Apartamento,555588.22,185955.51,84.0,541.0,40.0,3043.23,0.0,CONS-003,2.0,Sem retorno,23.0,,,0.3347002389647499,False
PR-003229,2024-08-14,Correspondente,Brasília,DF,Casa,603923.63,332491.8,84.0,685.0,34.0,3556.4,0.0,CONS-014,6.0,Contratada,9.0,2024-08-23,1.6,0.5505527246880537,True
PR-003230,2024-09-07,Mídia paga,Brasília,DF,Apartamento,422317.46,240371.4,120.0,661.0,61.0,3279.66,0.0,CONS-009,6.0,Contratada,37.0,2024-08-15,1.26,0.5691722999091725,True
PR-003231,2024-12-28,Organico,Rio de Janeiro,RJ,Apartamento,802939.35,312919.26,60.0,622.0,22.0,2601.94,0.0,CONS-027,5.0,Desistiu,20.0,,,0.3897171810050162,False
PR-003232,2025-04-20,Parceria,Belo Horizonte,MG,Apartamento,393724.32,185877.15,240.0,657.0,53.0,3634.65,0.0,CONS-001,1.0,Sem retorno,4.0,,,0.47209974227652485,False
PR-003233,2025-08-24,Correspondente,Goiânia,GO,Apartamento,689004.87,314631.68,60.0,640.0,56.0,4865.01,0.0,CONS-023,4.0,Problema garantia,37.0,,,0.4566465255898699,False
PR-003234,2025-01-23,Indicação,Salvador,BA,Casa,377719.52,177095.3,84.0,751.0,43.0,16058.09,1.0,CONS-030,5.0,Desistiu,49.0,,,0.4688539792701208,False
PR-003235,2025-09-07,Mídia paga,São Paulo,SP,Casa,595506.07,188625.09,120.0,768.0,35.0,8245.99,0.0,CONS-008,6.0,Contratada,23.0,2025-01-08,1.27,0.3167475522121882,True
PR-003236,2024-06-11,Parceria,Belo Horizonte,MG,Apartamento,639203.59,279255.52,84.0,662.0,55.0,5502.41,0.0,CONS-012,5.0,Desistiu,42.0,,,0.4368803998738493,False
PR-003237,2024-09-15,Parceria,Salvador,BA,Casa,661399.81,437883.92,180.0,787.0,21.0,9787.71,1.0,CONS-009,6.0,Contratada,48.0,2024-02-11,1.65,0.6620563135631986,True
PR-003239,2024-11-09,Indicação,São Paulo,SP,Apartamento,2440927.76,1261566.85,120.0,649.0,21.0,5158.05,0.0,CONS-025,4.0,Problema garantia,29.0,,,0.5168390767943088,False
PR-003240,2025-03-01,Correspondente,Porto Alegre,RS,Apartamento,1261919.42,565793.26,60.0,521.0,30.0,5213.62,0.0,CONS-028,2.0,Sem retorno,34.0,,,0.4483592621151674,False
PR-003241,2025-01-03,Organico,Belo Horizonte,MG,Imóvel rural,858748.35,450921.25,84.0,718.0,47.0,3819.02,0.0,CONS-013,2.0,Reprovada crédito,24.0,,,0.5250912563616571,False
PR-003242,2025-12-06,Organico,Recife,PE,Apartamento,372644.91,168048.61,240.0,740.0,25.0,8403.61,0.0,CONS-005,6.0,Contratada,18.0,2025-06-30,1.2,0.45096177484350985,True
PR-003243,2025-01-19,Indicação,Salvador,BA,Casa,531849.75,175132.26,120.0,844.0,47.0,7641.5,1.0,CONS-022,6.0,Contratada,31.0,2025-02-19,1.15,0.3292889768209913,True
PR-003244,2025-01-24,Correspondente,Curitiba,PR,Casa,611830.67,285913.09,120.0,687.0,45.0,5196.68,0.0,CONS-002,3.0,Sem retorno,60.0,,,0.4673075476912591,False
PR-003245,2024-09-08,Organico,Santos,SP,Apartamento,1050009.95,470111.23,120.0,694.0,30.0,4370.81,0.0,CONS-023,5.0,Desistiu,37.0,,,0.447720738265385,False
PR-003246,2024-12-20,Correspondente,Rio de Janeiro,RJ,Casa,661148.87,360502.61,84.0,793.0,22.0,5862.88,0.0,CONS-024,2.0,Desistiu,37.0,,,0.5452669230153868,False
PR-003247,2025-01-05,Mídia paga,São Paulo,SP,Apartamento,632581.98,293733.32,240.0,733.0,36.0,2686.3,0.0,CONS-017,5.0,Desistiu,30.0,,,0.46434032155010174,False
PR-003248,2024-03-11,Correspondente,Salvador,BA,Apartamento,488346.55,176749.38,60.0,727.0,44.0,4616.8,0.0,CONS-020,2.0,Desistiu,17.0,,,0.3619343271699165,False
PR-003249,2025-04-16,Organico,São Paulo,SP,Apartamento,479644.63,223300.6,60.0,657.0,40.0,1800.0,0.0,CONS-014,6.0,Contratada,41.0,2025-05-27,1.28,0.46555425836832576,True
PR-003250,2025-01-13,Correspondente,Santos,SP,Apartamento,1308236.68,618025.82,84.0,664.0,44.0,3661.41,0.0,CONS-026,4.0,Sem retorno,29.0,,,0.4724113223916027,False
PR-003251,2024-05-25,Indicação,São Paulo,SP,Sala comercial,682413.91,366384.77,120.0,612.0,30.0,9209.96,0.0,CONS-015,4.0,Problema garantia,26.0,,,0.5368952253625663,False
PR-003252,2025-07-22,Parceria,São Paulo,SP,Casa,1106908.89,254589.04,180.0,691.0,45.0,10164.14,1.0,CONS-016,6.0,Contratada,68.0,2025-09-28,1.12,0.22999999575394145,True
PR-003254,2025-08-01,Parceria,Santos,SP,Apartamento,1233749.77,504430.33,120.0,878.0,45.0,4213.23,0.0,CONS-015,6.0,Contratada,68.0,2025-03-17,1.18,0.4088595128978221,True
PR-003255,2025-04-30,Indicação,Campinas,SP,Apartamento,697819.22,314494.54,120.0,652.0,39.0,9258.32,0.0,CONS-020,3.0,Sem retorno,47.0,,,0.45068196889159917,False
PR-003256,2025-01-03,Correspondente,Campinas,SP,Casa,888913.93,461429.74,120.0,729.0,48.0,8067.15,0.0,CONS-029,6.0,Contratada,41.0,2025-11-04,1.24,0.5190938339778295,True
PR-003257,2025-01-02,Mídia paga,Recife,PE,Casa,814892.23,428362.73,240.0,475.0,49.0,5291.17,0.0,CONS-010,5.0,Desistiu,23.0,,,0.52566795243587,False
PR-003258,2025-10-01,Mídia paga,Goiânia,GO,Apartamento,641567.74,300674.35,84.0,675.0,30.0,2357.09,0.0,CONS-025,6.0,Contratada,47.0,2025-02-26,1.27,0.4686556559093822,True
PR-003259,2024-12-21,Correspondente,Salvador,BA,Casa,587686.88,275936.08,60.0,600.0,35.0,4132.36,0.0,CONS-030,2.0,Reprovada crédito,21.0,,,0.46952907983925046,False
PR-003260,2025-06-30,Correspondente,Porto Alegre,RS,Casa,751461.27,494701.05,60.0,585.0,48.0,13774.32,0.0,CONS-021,3.0,Sem retorno,36.0,,,0.6583187580645373,False
PR-003261,2025-05-01,Correspondente,Campinas,SP,Imóvel rural,839299.97,486113.76,240.0,685.0,49.0,8458.59,0.0,CONS-027,5.0,Documentação pendente,49.0,,,0.5791895357746767,False
PR-003262,2025-05-27,Correspondente,Recife,PE,Casa,1760860.91,1008431.92,180.0,704.0,26.0,5404.78,0.0,CONS-003,3.0,Desistiu,23.0,,,0.572692547306306,False
PR-003263,2024-03-23,Parceria,Rio de Janeiro,RJ,Apartamento,1324585.52,782678.4,120.0,581.0,30.0,3809.95,1.0,CONS-016,3.0,Reprovada crédito,19.0,,,0.5908855171540754,False
PR-003264,2024-12-16,Parceria,Goiânia,GO,Apartamento,806471.12,185488.36,84.0,770.0,35.0,3691.52,0.0,CONS-014,4.0,Sem retorno,52.0,,,0.230000002975928,False
PR-003265,2024-04-17,Parceria,Goiânia,GO,Casa,980528.32,360025.75,84.0,696.0,41.0,7152.43,0.0,CONS-029,3.0,Sem retorno,14.0,,,0.3671752693486712,False
PR-003266,2025-04-24,Mídia paga,Campinas,SP,Casa,650646.67,365477.33,120.0,666.0,47.0,2439.92,0.0,CONS-006,6.0,Contratada,45.0,2025-08-06,1.5,0.5617139791094297,True
PR-003267,2024-03-25,Organico,Curitiba,PR,Casa,349713.63,204148.32,60.0,704.0,41.0,3375.05,0.0,CONS-014,3.0,Desistiu,34.0,,,0.583758545527665,False
PR-003268,2024-10-11,Mídia paga,São Paulo,SP,Apartamento,675699.4,321805.35,240.0,510.0,53.0,8135.25,0.0,CONS-006,2.0,Sem retorno,17.0,,,0.4762551957275676,False
PR-003269,2024-04-15,Correspondente,Florianópolis,SC,Apartamento,290826.75,169999.88,120.0,674.0,44.0,3058.13,0.0,CONS-016,2.0,Desistiu,29.0,,,0.5845400397315584,False
PR-003270,2024-07-18,Correspondente,Florianópolis,SC,Sala comercial,623711.94,321677.07,120.0,562.0,36.0,4502.19,0.0,CONS-016,4.0,Problema garantia,35.0,,,0.5157462113038914,False
PR-003271,2024-07-17,Organico,Brasília,DF,Apartamento,378602.55,209049.98,60.0,644.0,35.0,2600.36,0.0,CONS-012,4.0,Sem retorno,29.0,,,0.5521621024475404,False
PR-003272,2024-11-27,Parceria,Santos,SP,Apartamento,894434.9,345449.96,60.0,648.0,22.0,5627.5,0.0,CONS-026,5.0,Documentação pendente,42.0,,,0.38622146787876904,False
PR-003273,2025-11-26,Correspondente,São Paulo,SP,Apartamento,683262.9,379064.84,180.0,552.0,47.0,11774.73,0.0,CONS-023,5.0,Desistiu,36.0,,,0.5547862177208802,False
PR-003274,2024-07-07,Correspondente,Salvador,BA,Apartamento,1029933.45,750660.29,60.0,677.0,40.0,9504.71,0.0,CONS-009,3.0,Desistiu,17.0,,,0.7288434898390765,False
PR-003275,2025-03-19,Correspondente,Brasília,DF,Apartamento,1303721.43,541109.01,60.0,634.0,50.0,5284.85,0.0,CONS-006,6.0,Contratada,10.0,2025-03-29,1.05,0.4150495631570619,True
PR-003276,2025-04-02,Mídia paga,Rio de Janeiro,RJ,Sala comercial,1870525.3,1035404.69,84.0,518.0,36.0,5309.29,0.0,CONS-008,2.0,Sem retorno,17.0,,,0.5535368540591245,False
PR-003277,2024-04-17,Mídia paga,Recife,PE,Apartamento,447303.72,315783.19,240.0,817.0,52.0,9891.6,0.0,CONS-006,1.0,Desistiu,38.0,,,0.7059704086520899,False
PR-003279,2024-08-06,Mídia paga,Salvador,BA,Imóvel rural,1272478.19,481393.8,84.0,598.0,34.0,7215.69,0.0,CONS-020,4.0,Sem retorno,35.0,,,0.37831202434990263,False
PR-003280,2025-11-06,Mídia paga,Recife,PE,Casa,1343341.05,504970.06,120.0,624.0,54.0,2230.92,0.0,CONS-017,3.0,Sem retorno,34.0,,,0.37590607388942665,False
PR-003282,2024-03-07,Correspondente,Curitiba,PR,Apartamento,945850.99,389893.34,240.0,699.0,47.0,3902.38,1.0,CONS-025,5.0,Documentação pendente,38.0,,,0.4122143383282815,False
PR-003283,2025-08-28,Indicação,Florianópolis,SC,Apartamento,579896.14,226868.76,84.0,658.0,45.0,9221.15,1.0,CONS-004,6.0,Contratada,29.0,2025-09-26,1.35,0.39122309039684244,True
PR-003284,2025-05-16,Correspondente,Brasília,DF,Apartamento,532608.4,225778.55,60.0,699.0,42.0,3654.66,0.0,CONS-017,6.0,Contratada,30.0,2025-06-15,1.15,0.42391098225262686,True
PR-003286,2024-12-29,Indicação,Recife,PE,Casa,712998.65,317215.39,60.0,637.0,62.0,9889.49,0.0,CONS-025,6.0,Contratada,32.0,2025-01-30,1.33,0.4449032126498416,True
PR-003287,2024-11-09,Organico,Porto Alegre,RS,Apartamento,841164.48,423553.49,180.0,658.0,38.0,9957.64,0.0,CONS-008,5.0,Documentação pendente,40.0,,,0.5035323055961659,False
PR-003288,2025-07-15,Parceria,São Paulo,SP,Apartamento,404711.54,222009.57,240.0,719.0,25.0,5724.72,1.0,CONS-029,6.0,Contratada,15.0,2025-07-30,1.47,0.5485624897179854,True
PR-003289,2024-10-20,Organico,Brasília,DF,Casa,562509.58,321599.38,60.0,729.0,65.0,2907.55,1.0,CONS-008,3.0,Reprovada crédito,39.0,,,0.5717224940417904,False
PR-003290,2025-04-25,Correspondente,Rio de Janeiro,RJ,Apartamento,488151.79,226059.18,60.0,525.0,35.0,5316.93,0.0,CONS-023,2.0,Sem retorno,30.0,,,0.4630919821066312,False
PR-003291,2024-09-10,Mídia paga,Rio de Janeiro,RJ,Casa,927384.58,328405.19,120.0,754.0,25.0,5805.23,0.0,CONS-024,6.0,Contratada,78.0,2024-12-26,1.18,0.35411974393622114,True
PR-003292,2024-11-23,Indicação,Porto Alegre,RS,Apartamento,625516.25,334248.24,120.0,836.0,52.0,3547.75,0.0,CONS-029,2.0,Sem retorno,26.0,,,0.534355806104158,False
PR-003294,2025-08-22,Correspondente,Belo Horizonte,MG,Apartamento,473110.43,219177.99,240.0,703.0,31.0,6840.94,1.0,CONS-024,6.0,Contratada,56.0,2025-10-17,1.36,0.463270255952717,True
PR-003295,2024-04-09,Mídia paga,São Paulo,SP,Casa,796826.39,288824.46,120.0,664.0,25.0,7859.88,0.0,CONS-020,4.0,Sem retorno,20.0,,,0.36246849203877396,False
PR-003296,2024-06-29,Mídia paga,Rio de Janeiro,RJ,Apartamento,882657.94,386631.61,60.0,668.0,21.0,3980.96,0.0,CONS-017,3.0,Sem retorno,32.0,,,0.4380310791743402,False
PR-003297,2025-02-19,Organico,Florianópolis,SC,Casa,648439.84,265403.19,84.0,630.0,42.0,7998.32,1.0,CONS-014,2.0,Reprovada crédito,12.0,,,0.40929500877059005,False
PR-003298,2025-03-30,Correspondente,Salvador,BA,Apartamento,905660.42,312364.27,240.0,720.0,50.0,6796.5,0.0,CONS-011,2.0,Desistiu,32.0,,,0.34490219855252147,False
PR-003299,2025-09-05,Indicação,Santos,SP,Casa,498198.53,274777.51,84.0,609.0,40.0,5275.97,0.0,CONS-023,2.0,Sem retorno,21.0,,,0.5515421934303981,False
PR-003300,2025-10-23,Parceria,São Paulo,SP,Casa,1170342.67,472584.31,180.0,796.0,34.0,5040.6,1.0,CONS-004,4.0,Problema garantia,20.0,,,0.40379994860821405,False
PR-003301,2024-11-29,Parceria,Campinas,SP,Imóvel rural,1181552.4,486527.48,180.0,775.0,39.0,4822.47,0.0,CONS-027,6.0,Contratada,16.0,2024-12-15,1.36,0.41176970230012655,True
PR-003302,2025-02-16,Organico,Belo Horizonte,MG,Casa,492263.21,179430.88,180.0,696.0,38.0,2455.35,0.0,CONS-027,5.0,Documentação pendente,22.0,,,0.36450190945612204,False
PR-003303,2025-02-03,Correspondente,Campinas,SP,Apartamento,1322877.84,612240.62,60.0,598.0,44.0,6843.4,0.0,CONS-009,3.0,Reprovada crédito,21.0,,,0.46280964234762595,False
PR-003304,2024-08-16,Parceria,Belo Horizonte,MG,Sala comercial,673712.71,321427.9,240.0,604.0,32.0,6866.76,0.0,CONS-016,6.0,Contratada,37.0,2024-09-22,1.42,0.47709935589607627,True
PR-003305,2025-01-23,Correspondente,Goiânia,GO,Apartamento,757389.64,383166.56,60.0,635.0,43.0,5482.6,0.0,CONS-012,2.0,Sem retorno,32.0,,,0.5059041473025694,False
PR-003306,2024-04-14,Correspondente,Porto Alegre,RS,Apartamento,900552.44,615806.69,60.0,612.0,47.0,3110.28,0.0,CONS-005,4.0,Sem retorno,53.0,,,0.6838099178322141,False
PR-003308,2025-02-08,Correspondente,Rio de Janeiro,RJ,Casa,626846.83,376402.97,120.0,679.0,38.0,5799.09,0.0,CONS-024,4.0,Problema garantia,39.0,,,0.6004704051865429,False
PR-003309,2024-11-27,Indicação,Belo Horizonte,MG,Apartamento,373503.0,215789.21,120.0,638.0,31.0,6287.07,0.0,CONS-014,5.0,Documentação pendente,47.0,,,0.5777442483728377,False
PR-003310,2025-05-14,Mídia paga,Rio de Janeiro,RJ,Sala comercial,330103.78,176630.31,240.0,615.0,40.0,14019.4,0.0,CONS-013,3.0,Sem retorno,29.0,,,0.5350750906275595,False
PR-003311,2024-01-07,Parceria,Salvador,BA,Casa,969675.42,542889.63,84.0,719.0,55.0,5011.39,1.0,CONS-030,4.0,Sem retorno,50.0,,,0.5598673729401122,False
PR-003312,2025-03-08,Correspondente,Brasília,DF,Casa,626467.49,293322.0,120.0,596.0,44.0,6195.5,0.0,CONS-024,3.0,Reprovada crédito,36.0,,,0.4682158367068657,False
PR-003313,2025-03-22,Mídia paga,Salvador,BA,Apartamento,1153313.68,497753.84,240.0,729.0,42.0,5461.63,1.0,CONS-005,6.0,Contratada,56.0,2025-05-17,1.27,0.4315858284105327,True
PR-003314,2025-11-04,Correspondente,Curitiba,PR,Apartamento,571569.89,305345.49,60.0,573.0,44.0,6711.7,0.0,CONS-021,3.0,Reprovada crédito,21.0,,,0.5342224902714872,False
PR-003316,2025-03-05,Indicação,Salvador,BA,Sala comercial,284662.66,65472.41,120.0,694.0,37.0,7163.93,1.0,CONS-023,6.0,Contratada,23.0,2025-05-26,1.17,0.22999999367672602,True
PR-003317,2025-03-16,Parceria,Campinas,SP,Apartamento,476162.5,167638.93,84.0,552.0,57.0,8261.46,0.0,CONS-029,5.0,Documentação pendente,47.0,,,0.35206243666815423,False
PR-003318,2024-12-22,Organico,Salvador,BA,Sala comercial,549479.54,189628.14,180.0,649.0,27.0,7210.35,1.0,CONS-013,3.0,Sem retorno,46.0,,,0.34510500609358447,False
PR-003319,2024-04-19,Organico,Recife,PE,Casa,437074.7,153116.24,120.0,693.0,37.0,7889.25,0.0,CONS-012,3.0,Reprovada crédito,23.0,,,0.35032052873341785,False
PR-003320,2024-07-18,Organico,Porto Alegre,RS,Casa,490410.74,249149.37,120.0,690.0,29.0,5151.32,0.0,CONS-006,4.0,Sem retorno,22.0,,,0.508042238226675,False
PR-003321,2025-08-26,Indicação,Goiânia,GO,Sala comercial,644177.45,335156.46,120.0,673.0,43.0,9098.44,0.0,CONS-006,3.0,Desistiu,13.0,,,0.5202859243210082,False
PR-003323,2024-06-18,Indicação,Campinas,SP,Imóvel rural,517058.66,291802.09,120.0,678.0,68.0,3917.39,0.0,CONS-019,3.0,Desistiu,34.0,,,0.5643500681334688,False
PR-003324,2025-12-18,Organico,Curitiba,PR,Apartamento,1583407.27,902503.73,84.0,678.0,37.0,4403.86,0.0,CONS-022,2.0,Sem retorno,42.0,,,0.569975739722352,False
PR-003325,2025-03-18,Correspondente,Salvador,BA,Sala comercial,464778.28,106899.0,60.0,662.0,50.0,5336.2,1.0,CONS-003,2.0,Sem retorno,24.0,,,0.22999999053312042,False
PR-003326,2024-06-24,Parceria,Goiânia,GO,Casa,1054423.2,428355.01,180.0,723.0,47.0,5285.11,0.0,CONS-014,5.0,Desistiu,31.0,,,0.40624581287665146,False
PR-003327,2024-12-30,Mídia paga,Salvador,BA,Apartamento,815053.44,339095.91,240.0,619.0,40.0,5936.94,1.0,CONS-009,2.0,Sem retorno,35.0,,,0.4160413211678488,False
PR-003328,2025-01-09,Correspondente,Salvador,BA,Apartamento,1387483.83,779392.58,84.0,718.0,56.0,6305.46,0.0,CONS-009,4.0,Problema garantia,45.0,,,0.5617309284245856,False
PR-003330,2024-07-20,Correspondente,Curitiba,PR,Casa,988848.3,411981.16,120.0,616.0,35.0,2275.64,0.0,CONS-008,5.0,Documentação pendente,47.0,,,0.41662726224032537,False
PR-003331,2025-04-03,Mídia paga,Recife,PE,Casa,1765327.29,904838.39,180.0,609.0,63.0,4470.59,0.0,CONS-029,4.0,Problema garantia,24.0,,,0.5125612656223085,False
PR-003332,2025-07-09,Correspondente,Recife,PE,Sala comercial,656188.91,267696.87,84.0,728.0,32.0,3884.55,0.0,CONS-028,4.0,Sem retorno,37.0,,,0.40795701652440297,False
PR-003333,2025-04-28,Parceria,Goiânia,GO,Casa,741332.56,363991.06,60.0,611.0,29.0,14455.66,0.0,CONS-020,5.0,Documentação pendente,41.0,,,0.49099564708179005,False
PR-003334,2025-06-18,Mídia paga,Goiânia,GO,Apartamento,1028132.23,573847.16,60.0,669.0,47.0,8732.85,0.0,CONS-020,3.0,Sem retorno,42.0,,,0.5581452883740451,False
PR-003335,2024-01-08,Organico,Recife,PE,Apartamento,1206217.03,845082.39,240.0,569.0,45.0,3732.77,0.0,CONS-016,4.0,Problema garantia,37.0,,,0.7006055867077254,False
PR-003336,2025-05-22,Organico,Belo Horizonte,MG,Apartamento,687250.82,333859.31,240.0,789.0,25.0,13996.78,1.0,CONS-019,6.0,Contratada,43.0,2025-04-07,1.32,0.48578961317208763,True
PR-003337,2024-10-26,Indicação,São Paulo,SP,Casa,1429108.52,681526.98,240.0,669.0,24.0,11911.44,1.0,CONS-010,6.0,Contratada,31.0,2024-11-26,1.24,0.4768895926811772,True
PR-003338,2025-07-08,Mídia paga,São Paulo,SP,Casa,903083.43,480551.59,60.0,675.0,37.0,9124.68,0.0,CONS-027,3.0,Desistiu,35.0,,,0.5321231394977538,False
PR-003339,2024-10-31,Correspondente,Porto Alegre,RS,Sala comercial,291407.59,166366.55,240.0,633.0,37.0,5319.63,0.0,CONS-004,4.0,Sem retorno,36.0,,,0.5709067152300322,False
PR-003340,2024-06-08,Parceria,Porto Alegre,RS,Apartamento,404165.31,251430.14,240.0,701.0,30.0,6366.13,0.0,CONS-005,4.0,Sem retorno,47.0,,,0.6220972799471582,False
PR-003341,2025-04-07,Indicação,Recife,PE,Casa,670966.02,241258.28,84.0,600.0,50.0,5915.69,0.0,CONS-003,5.0,Desistiu,26.0,,,0.35956855162352336,False
PR-003342,2025-10-13,Correspondente,Florianópolis,SC,Casa,552040.02,229553.49,84.0,686.0,47.0,12582.53,0.0,CONS-001,3.0,Desistiu,46.0,,,0.41582762423637326,False
PR-003343,2025-04-24,Organico,Salvador,BA,Apartamento,585877.01,309573.12,120.0,786.0,33.0,2661.48,1.0,CONS-017,3.0,Reprovada crédito,33.0,,,0.5283926740870067,False
PR-003344,2024-06-19,Parceria,Curitiba,PR,Casa,524523.35,251562.97,120.0,534.0,47.0,8886.51,1.0,CONS-027,5.0,Documentação pendente,37.0,,,0.4796029957484257,False
PR-003345,2025-03-31,Organico,São Paulo,SP,Apartamento,650606.05,340783.91,240.0,745.0,43.0,3097.53,0.0,CONS-008,1.0,Desistiu,33.0,,,0.5237945604717323,False
PR-003346,2024-10-29,Indicação,Santos,SP,Apartamento,363377.28,216778.84,84.0,784.0,25.0,8145.92,0.0,CONS-014,6.0,Contratada,63.0,2024-12-31,1.4,0.5965668519506777,True
PR-003347,2024-09-24,Parceria,Santos,SP,Apartamento,603805.29,318679.68,60.0,641.0,46.0,8521.7,1.0,CONS-001,3.0,Desistiu,28.0,,,0.5277855051584592,False
PR-003348,2025-06-11,Indicação,Campinas,SP,Sala comercial,1736214.82,804927.78,60.0,677.0,39.0,3890.28,0.0,CONS-020,4.0,Problema garantia,28.0,,,0.46361070688245826,False
PR-003349,2025-02-10,Organico,Florianópolis,SC,Apartamento,450358.02,249455.15,120.0,717.0,49.0,6478.33,0.0,CONS-009,2.0,Reprovada crédito,16.0,,,0.5539040916824352,False
PR-003350,2024-11-29,Organico,São Paulo,SP,Casa,1166956.4,468092.88,120.0,646.0,61.0,5808.11,1.0,CONS-027,6.0,Contratada,38.0,2025-06-01,1.21,0.40112285257615454,True
PR-003351,2025-08-13,Mídia paga,Recife,PE,Apartamento,853887.3,354818.89,84.0,687.0,54.0,4143.09,0.0,CONS-013,6.0,Contratada,17.0,2025-08-30,1.23,0.4155336307262094,True
PR-003352,2024-08-19,Organico,São Paulo,SP,Casa,1554231.12,879201.46,240.0,630.0,35.0,4676.04,1.0,CONS-016,4.0,Problema garantia,32.0,,,0.5656825736445168,False
PR-003354,2025-01-16,Indicação,Campinas,SP,Casa,488210.52,219086.24,240.0,671.0,29.0,1800.0,0.0,CONS-002,3.0,Reprovada crédito,28.0,,,0.44875362374411754,False
PR-003355,2025-03-24,Organico,Florianópolis,SC,Apartamento,661969.39,328395.69,84.0,612.0,52.0,4319.03,0.0,CONS-028,4.0,Sem retorno,33.0,,,0.49608893547177463,False
PR-003357,2025-01-29,Indicação,Belo Horizonte,MG,Apartamento,522639.72,283895.63,120.0,691.0,41.0,5812.02,0.0,CONS-020,4.0,Sem retorno,37.0,,,0.5431956645009683,False
PR-003358,2024-09-12,Correspondente,Belo Horizonte,MG,Apartamento,1111866.28,706275.42,240.0,712.0,29.0,5889.46,1.0,CONS-022,3.0,Sem retorno,20.0,,,0.6352161520718121,False
PR-003359,2025-05-17,Mídia paga,Goiânia,GO,Apartamento,1111158.29,476517.22,60.0,805.0,52.0,2573.39,0.0,CONS-029,6.0,Contratada,58.0,2025-07-14,1.44,0.42884728871527383,True
PR-003360,2024-06-29,Correspondente,Florianópolis,SC,Casa,1245957.52,592209.56,84.0,654.0,47.0,8169.69,0.0,CONS-001,4.0,Sem retorno,35.0,,,0.4753047760408397,False
PR-003361,2025-12-09,Correspondente,Rio de Janeiro,RJ,Sala comercial,541143.28,427503.19,84.0,724.0,53.0,1800.0,0.0,CONS-015,4.0,Problema garantia,26.0,,,0.7899999977824727,False
PR-003362,2025-03-24,Mídia paga,Porto Alegre,RS,Apartamento,812176.3,253957.49,84.0,619.0,29.0,4526.83,0.0,CONS-009,2.0,Sem retorno,16.0,,,0.31268763937090993,False
PR-003363,2024-03-23,Indicação,Goiânia,GO,Apartamento,1316604.42,669183.69,84.0,665.0,51.0,6414.49,0.0,CONS-016,1.0,Desistiu,36.0,,,0.5082648059164194,False
PR-003364,2025-08-02,Indicação,Porto Alegre,RS,Apartamento,486960.57,308525.71,84.0,686.0,42.0,5173.24,0.0,CONS-030,6.0,Contratada,32.0,2025-12-03,1.3,0.6335743158835222,True
PR-003365,2024-08-06,Correspondente,Florianópolis,SC,Casa,421284.34,245119.1,120.0,612.0,28.0,6381.72,0.0,CONS-010,1.0,Desistiu,16.0,,,0.5818376728648399,False
PR-003366,2025-01-29,Mídia paga,Florianópolis,SC,Sala comercial,1551696.57,882332.03,84.0,656.0,52.0,2996.86,0.0,CONS-016,3.0,Sem retorno,38.0,,,0.568624077064242,False
PR-003367,2024-10-10,Organico,Belo Horizonte,MG,Casa,2703174.2,1413196.98,60.0,722.0,44.0,4926.15,0.0,CONS-025,3.0,Sem retorno,23.0,,,0.5227916795003444,False
PR-003368,2025-11-02,Parceria,Brasília,DF,Casa,1103016.52,358771.76,120.0,700.0,35.0,13960.2,1.0,CONS-026,4.0,Sem retorno,50.0,,,0.3252641764603852,False
PR-003369,2025-02-19,Correspondente,Santos,SP,Apartamento,530470.18,214098.78,60.0,624.0,28.0,5393.21,0.0,CONS-027,2.0,Sem retorno,40.0,,,0.4036019140604661,False
PR-003370,2024-12-11,Indicação,São Paulo,SP,Apartamento,1173611.2,514412.29,84.0,633.0,21.0,4621.08,0.0,CONS-007,2.0,Desistiu,42.0,,,0.4383157641985693,False
PR-003371,2024-12-22,Correspondente,Santos,SP,Apartamento,447673.96,198429.83,120.0,642.0,57.0,3614.54,0.0,CONS-014,6.0,Contratada,18.0,2025-09-01,1.12,0.44324630809439974,True
PR-003372,2025-07-13,Organico,Santos,SP,Apartamento,482692.52,230278.72,60.0,615.0,50.0,4165.13,1.0,CONS-015,3.0,Reprovada crédito,41.0,,,0.4770712419575095,False
PR-003373,2025-01-21,Parceria,Florianópolis,SC,Casa,725480.51,352232.47,240.0,678.0,41.0,4442.88,0.0,CONS-017,6.0,Contratada,24.0,2025-02-14,1.35,0.4855161029756678,True
PR-003374,2024-04-27,Correspondente,Goiânia,GO,Imóvel rural,321006.79,159358.98,240.0,695.0,47.0,1800.0,0.0,CONS-027,6.0,Contratada,47.0,2024-06-13,1.36,0.4964349196476499,True
PR-003375,2025-04-05,Indicação,Goiânia,GO,Apartamento,479356.57,249044.14,60.0,678.0,41.0,3935.03,0.0,CONS-030,3.0,Sem retorno,25.0,,,0.5195383887196957,False
PR-003377,2024-05-29,Mídia paga,Porto Alegre,RS,Sala comercial,544464.11,318856.6,60.0,604.0,48.0,4853.68,1.0,CONS-028,6.0,Contratada,25.0,2024-06-23,1.21,0.5856338262589981,True
PR-003378,2025-01-22,Correspondente,Porto Alegre,RS,Apartamento,543243.98,202406.06,180.0,507.0,30.0,10057.08,0.0,CONS-015,3.0,Reprovada crédito,2.0,,,0.37258776434117136,False
PR-003379,2024-12-04,Organico,Santos,SP,Apartamento,824282.46,334785.74,60.0,740.0,47.0,4053.06,0.0,CONS-021,3.0,Reprovada crédito,33.0,,,0.40615414769349817,False
PR-003380,2025-10-24,Indicação,Porto Alegre,RS,Sala comercial,760578.4,223116.28,180.0,733.0,24.0,4235.69,0.0,CONS-014,2.0,Sem retorno,19.0,,,0.29335079723536717,False
PR-003381,2024-10-26,Mídia paga,Brasília,DF,Sala comercial,601874.66,357405.22,180.0,611.0,31.0,3734.92,0.0,CONS-021,4.0,Problema garantia,21.0,,,0.5938200156158758,False
PR-003382,2025-01-21,Parceria,Belo Horizonte,MG,Apartamento,731694.47,356438.67,60.0,702.0,56.0,7780.56,0.0,CONS-015,3.0,Desistiu,37.0,,,0.48714140206635703,False
PR-003383,2024-11-28,Organico,Florianópolis,SC,Casa,403885.32,214064.32,60.0,693.0,35.0,2178.74,1.0,CONS-004,3.0,Sem retorno,42.0,,,0.5300126283371726,False
PR-003384,2025-03-26,Correspondente,Brasília,DF,Imóvel rural,929108.62,520415.45,84.0,697.0,51.0,2679.27,0.0,CONS-021,6.0,Contratada,34.0,2025-04-29,1.21,0.5601233685680368,True
PR-003385,2024-06-10,Parceria,Santos,SP,Apartamento,873676.17,395182.84,120.0,627.0,31.0,4730.52,0.0,CONS-025,3.0,Sem retorno,21.0,,,0.4523218711573649,False
PR-003386,2025-06-04,Mídia paga,Campinas,SP,Casa,627037.04,333055.34,180.0,714.0,43.0,3793.2,1.0,CONS-016,5.0,Documentação pendente,36.0,,,0.5311573619319203,False
PR-003387,2025-06-05,Mídia paga,Florianópolis,SC,Apartamento,2048517.8,1244317.71,120.0,667.0,41.0,3908.34,0.0,CONS-014,4.0,Problema garantia,39.0,,,0.6074234307361156,False
PR-003388,2024-12-26,Mídia paga,Rio de Janeiro,RJ,Casa,422568.01,220871.95,240.0,682.0,60.0,6451.12,0.0,CONS-014,3.0,Reprovada crédito,38.0,,,0.5226897085749581,False
PR-003389,2025-06-04,Indicação,Recife,PE,Casa,168177.95,95808.8,180.0,747.0,37.0,5222.94,0.0,CONS-001,3.0,Sem retorno,24.0,,,0.5696870487480671,False
PR-003390,2025-05-18,Organico,Santos,SP,Sala comercial,512622.28,146052.22,120.0,659.0,53.0,2714.68,1.0,CONS-029,3.0,Sem retorno,23.0,,,0.2849119628588909,False
PR-003391,2024-06-07,Indicação,Recife,PE,Sala comercial,466707.54,170070.77,60.0,794.0,49.0,3251.74,0.0,CONS-001,6.0,Contratada,48.0,2024-08-23,1.36,0.3644054475742989,True
PR-003392,2025-02-08,Correspondente,Florianópolis,SC,Casa,1252087.01,444408.81,120.0,633.0,42.0,11324.03,0.0,CONS-004,3.0,Reprovada crédito,34.0,,,0.3549344466084669,False
PR-003393,2024-12-01,Correspondente,Porto Alegre,RS,Sala comercial,804084.76,444603.31,60.0,716.0,34.0,3060.67,0.0,CONS-006,3.0,Reprovada crédito,33.0,,,0.5529308999712915,False
PR-003394,2025-12-01,Parceria,Belo Horizonte,MG,Casa,529348.21,298880.41,180.0,680.0,40.0,4185.87,1.0,CONS-028,3.0,Sem retorno,17.0,,,0.5646196668918555,False
PR-003395,2025-12-05,Correspondente,Recife,PE,Casa,834942.23,449179.84,240.0,626.0,40.0,4226.48,1.0,CONS-002,1.0,Desistiu,18.0,,,0.5379771484309759,False
PR-003396,2024-12-10,Indicação,Rio de Janeiro,RJ,Apartamento,656206.72,210701.45,180.0,589.0,46.0,5678.23,0.0,CONS-007,2.0,Sem retorno,18.0,,,0.32109005223232095,False
PR-003397,2025-01-02,Indicação,Curitiba,PR,Casa,362636.98,148541.6,180.0,600.0,53.0,4923.88,1.0,CONS-023,5.0,Desistiu,13.0,,,0.40961514735755855,False
PR-003398,2025-08-04,Correspondente,Recife,PE,Apartamento,1242593.86,720176.63,60.0,738.0,47.0,3478.92,1.0,CONS-021,2.0,Sem retorno,20.0,,,0.5795752362722925,False
PR-003400,2025-06-19,Mídia paga,Recife,PE,Sala comercial,930447.65,477372.92,120.0,718.0,43.0,2483.97,0.0,CONS-026,1.0,Sem retorno,33.0,,,0.5130572579768459,False
PR-003401,2025-04-26,Mídia paga,Salvador,BA,Apartamento,242858.63,86128.36,120.0,794.0,23.0,10910.86,0.0,CONS-008,3.0,Sem retorno,24.0,,,0.354644016562228,False
PR-003403,2024-09-21,Parceria,Recife,PE,Sala comercial,834481.3,415939.78,120.0,711.0,26.0,7748.28,1.0,CONS-001,6.0,Contratada,23.0,2024-10-14,1.2,0.49844110347349907,True
PR-003404,2025-08-26,Parceria,Curitiba,PR,Apartamento,2669931.03,1184127.23,240.0,712.0,47.0,5678.54,0.0,CONS-010,2.0,Desistiu,31.0,,,0.44350480094611283,False
PR-003405,2025-08-20,Correspondente,Rio de Janeiro,RJ,Apartamento,945252.87,425401.83,84.0,639.0,35.0,7906.0,0.0,CONS-023,3.0,Reprovada crédito,19.0,,,0.4500402416128078,False
PR-003406,2024-06-30,Parceria,Belo Horizonte,MG,Casa,306324.08,119259.51,84.0,613.0,37.0,3103.51,0.0,CONS-003,3.0,Reprovada crédito,29.0,,,0.38932463291818253,False
PR-003407,2025-03-19,Parceria,Curitiba,PR,Apartamento,684697.2,357403.68,84.0,559.0,52.0,3234.3,1.0,CONS-025,2.0,Sem retorno,19.0,,,0.5219879386099432,False
PR-003408,2025-12-04,Mídia paga,Belo Horizonte,MG,Apartamento,715373.06,178971.57,120.0,755.0,35.0,3452.11,0.0,CONS-026,6.0,Contratada,33.0,2025-05-15,1.17,0.2501793539723176,True
PR-003409,2024-04-12,Correspondente,Porto Alegre,RS,Apartamento,994988.17,676268.07,180.0,633.0,21.0,4851.74,1.0,CONS-018,5.0,Desistiu,37.0,,,0.6796744829639532,False
PR-003410,2024-06-13,Organico,Porto Alegre,RS,Casa,929957.63,490990.65,60.0,552.0,53.0,6466.76,0.0,CONS-025,6.0,Contratada,16.0,2024-06-29,1.41,0.5279709893879789,True
PR-003411,2025-06-09,Correspondente,Rio de Janeiro,RJ,Casa,754427.47,401843.18,60.0,673.0,40.0,7600.16,1.0,CONS-017,5.0,Desistiu,36.0,,,0.5326465379103972,False
PR-003412,2024-12-31,Mídia paga,Florianópolis,SC,Apartamento,389178.31,137246.82,60.0,549.0,32.0,4179.82,1.0,CONS-017,3.0,Reprovada crédito,26.0,,,0.35265793718051763,False
PR-003414,2024-11-14,Indicação,São Paulo,SP,Apartamento,550519.31,300847.17,240.0,624.0,59.0,5008.85,1.0,CONS-030,2.0,Desistiu,41.0,,,0.5464788691971585,False
PR-003415,2025-02-21,Mídia paga,Porto Alegre,RS,Apartamento,255617.65,170594.94,180.0,718.0,50.0,7338.42,0.0,CONS-019,4.0,Problema garantia,31.0,,,0.6673832577679985,False
PR-003416,2024-04-22,Organico,Brasília,DF,Apartamento,261998.47,154311.14,60.0,640.0,38.0,3568.86,0.0,CONS-002,4.0,Problema garantia,40.0,,,0.5889772562412292,False
PR-003417,2025-07-23,Correspondente,Belo Horizonte,MG,Casa,1017203.42,452134.53,180.0,758.0,50.0,6726.0,0.0,CONS-012,4.0,Problema garantia,24.0,,,0.44448781935868836,False
PR-003418,2024-01-05,Indicação,Campinas,SP,Casa,1787811.22,962191.81,240.0,680.0,40.0,21142.82,0.0,CONS-003,2.0,Desistiu,27.0,,,0.5381954197602586,False
PR-003419,2025-02-16,Mídia paga,Campinas,SP,Apartamento,593985.67,327918.64,240.0,742.0,26.0,1964.8,0.0,CONS-021,2.0,Sem retorno,35.0,,,0.5520649008249643,False
PR-003420,2024-10-12,Mídia paga,Curitiba,PR,Apartamento,990677.67,464687.53,120.0,663.0,33.0,5356.14,1.0,CONS-004,3.0,Desistiu,47.0,,,0.46906026457626726,False
PR-003421,2025-02-02,Correspondente,Recife,PE,Apartamento,717737.65,340583.36,180.0,653.0,43.0,5216.27,0.0,CONS-023,3.0,Sem retorno,50.0,,,0.47452346968282905,False
PR-003422,2025-12-06,Organico,Recife,PE,Casa,462507.73,306690.95,84.0,719.0,38.0,4524.57,0.0,CONS-006,4.0,Sem retorno,37.0,,,0.6631044847618007,False
PR-003423,2024-03-07,Correspondente,Santos,SP,Sala comercial,762247.2,352363.79,180.0,641.0,34.0,5077.58,1.0,CONS-017,6.0,Contratada,43.0,2024-08-15,1.27,0.4622697072550742,True
PR-003424,2024-09-23,Mídia paga,Recife,PE,Apartamento,561687.78,302521.98,60.0,750.0,43.0,6305.97,1.0,CONS-015,2.0,Sem retorno,36.0,,,0.538594555145921,False
PR-003425,2025-06-03,Indicação,Rio de Janeiro,RJ,Apartamento,667644.41,316717.78,120.0,674.0,33.0,7987.33,0.0,CONS-003,4.0,Sem retorno,26.0,,,0.47438093580383606,False
PR-003426,2024-10-07,Mídia paga,Santos,SP,Casa,605310.04,216675.9,240.0,724.0,49.0,6330.13,1.0,CONS-003,4.0,Problema garantia,29.0,,,0.35795854303027913,False
PR-003427,2024-11-30,Organico,Recife,PE,Sala comercial,397877.04,166584.27,60.0,719.0,46.0,2783.48,0.0,CONS-021,3.0,Reprovada crédito,34.0,,,0.418682792050529,False
PR-003428,2024-10-29,Parceria,Rio de Janeiro,RJ,Apartamento,327494.04,104711.75,180.0,705.0,21.0,5696.1,0.0,CONS-018,3.0,Reprovada crédito,42.0,,,0.3197363530646237,False
PR-003429,2025-12-04,Indicação,Curitiba,PR,Apartamento,1154523.63,501932.28,120.0,674.0,39.0,4932.51,0.0,CONS-018,2.0,Desistiu,31.0,,,0.43475271268375865,False
PR-003430,2025-02-22,Organico,Goiânia,GO,Apartamento,413592.14,220809.9,120.0,541.0,50.0,4366.91,0.0,CONS-004,5.0,Desistiu,36.0,,,0.533883211610356,False
PR-003431,2025-05-05,Correspondente,Curitiba,PR,Sala comercial,780816.84,424435.59,240.0,628.0,53.0,8940.8,0.0,CONS-030,3.0,Sem retorno,32.0,,,0.5435789397165154,False
PR-003432,2025-08-31,Indicação,Santos,SP,Imóvel rural,992680.79,579998.6,120.0,702.0,42.0,3579.54,0.0,CONS-001,2.0,Reprovada crédito,22.0,,,0.5842750316544354,False
PR-003433,2024-05-31,Mídia paga,Campinas,SP,Sala comercial,511137.93,203687.47,84.0,558.0,39.0,3742.82,0.0,CONS-022,3.0,Reprovada crédito,29.0,,,0.398498053157589,False
PR-003434,2024-10-21,Indicação,Salvador,BA,Apartamento,935317.22,366597.77,180.0,630.0,47.0,11382.04,0.0,CONS-024,4.0,Sem retorno,40.0,,,0.3919501984578024,False
PR-003435,2025-02-14,Parceria,Recife,PE,Casa,443072.11,159615.96,120.0,722.0,37.0,4885.35,0.0,CONS-011,4.0,Sem retorno,36.0,,,0.3602482674885585,False
PR-003436,2025-04-16,Mídia paga,Santos,SP,Casa,1158094.38,562339.66,84.0,517.0,25.0,2364.27,0.0,CONS-013,4.0,Problema garantia,35.0,,,0.48557325699136894,False
PR-003437,2025-06-15,Mídia paga,Campinas,SP,Casa,1236817.73,662249.36,240.0,639.0,38.0,8672.39,0.0,CONS-010,2.0,Sem retorno,30.0,,,0.5354462051574891,False
PR-003438,2025-04-17,Mídia paga,Florianópolis,SC,Casa,320714.38,149215.56,180.0,726.0,36.0,2625.45,0.0,CONS-027,2.0,Reprovada crédito,22.0,,,0.4652599612153343,False
PR-003439,2025-01-04,Correspondente,Curitiba,PR,Apartamento,946009.15,421710.57,84.0,738.0,49.0,8043.49,1.0,CONS-022,6.0,Contratada,46.0,2025-05-17,1.23,0.4457785318461243,True
PR-003440,2024-12-13,Correspondente,Salvador,BA,Apartamento,538357.07,167386.22,120.0,623.0,42.0,2493.93,0.0,CONS-017,2.0,Desistiu,36.0,,,0.31092044542110314,False
PR-003441,2024-05-28,Mídia paga,Porto Alegre,RS,Sala comercial,318181.78,185698.58,84.0,581.0,37.0,3266.9,0.0,CONS-030,3.0,Reprovada crédito,32.0,,,0.5836241786063299,False
PR-003442,2024-08-13,Organico,Porto Alegre,RS,Sala comercial,995669.58,651123.96,60.0,629.0,48.0,24362.75,0.0,CONS-002,4.0,Problema garantia,40.0,,,0.653955863550637,False
PR-003443,2024-03-04,Mídia paga,Porto Alegre,RS,Casa,709723.09,351169.2,60.0,723.0,43.0,7289.95,0.0,CONS-006,5.0,Desistiu,46.0,,,0.49479748503039406,False
PR-003444,2025-08-31,Indicação,Salvador,BA,Apartamento,339300.42,188472.56,84.0,542.0,31.0,3691.61,0.0,CONS-023,6.0,Contratada,22.0,2025-09-22,1.61,0.5554739955818505,True
PR-003445,2024-11-27,Organico,São Paulo,SP,Casa,556425.4,261217.49,120.0,692.0,59.0,1900.41,0.0,CONS-021,4.0,Sem retorno,24.0,,,0.469456444655474,False
PR-003446,2025-01-30,Parceria,Porto Alegre,RS,Apartamento,986752.43,594707.61,180.0,695.0,43.0,8522.96,0.0,CONS-021,4.0,Problema garantia,30.0,,,0.6026918119674658,False
PR-003447,2024-06-15,Indicação,Goiânia,GO,Apartamento,283681.42,159246.11,84.0,473.0,25.0,6141.02,0.0,CONS-026,5.0,Desistiu,66.0,,,0.5613554458377993,False
PR-003448,2025-05-25,Indicação,Campinas,SP,Casa,394239.16,193902.07,180.0,606.0,41.0,5046.96,0.0,CONS-003,4.0,Sem retorno,37.0,,,0.4918386849241461,False
PR-003449,2025-04-02,Organico,Goiânia,GO,Imóvel rural,369690.24,185988.38,84.0,735.0,28.0,4612.72,0.0,CONS-004,3.0,Sem retorno,41.0,,,0.5030924808834554,False
PR-003450,2024-02-17,Organico,Campinas,SP,Casa,879888.84,396287.67,180.0,663.0,54.0,7562.76,0.0,CONS-008,6.0,Contratada,36.0,2024-03-24,1.22,0.4503837893886687,True
PR-003451,2025-10-28,Mídia paga,Florianópolis,SC,Apartamento,855412.63,417208.43,240.0,676.0,39.0,5229.87,0.0,CONS-025,3.0,Sem retorno,22.0,,,0.48772769464486393,False
PR-003452,2024-11-16,Correspondente,Belo Horizonte,MG,Apartamento,746582.59,416423.92,120.0,664.0,46.0,7741.32,0.0,CONS-017,6.0,Contratada,31.0,2024-12-17,1.36,0.5577734139233008,True
PR-003453,2025-07-29,Correspondente,Goiânia,GO,Sala comercial,315694.37,166146.45,84.0,650.0,43.0,4991.87,1.0,CONS-015,3.0,Desistiu,33.0,,,0.5262889230492137,False
PR-003454,2024-05-29,Correspondente,Santos,SP,Apartamento,481141.3,156975.24,60.0,891.0,32.0,2955.27,0.0,CONS-016,2.0,Sem retorno,32.0,,,0.3262560083700983,False
PR-003455,2024-08-12,Parceria,Santos,SP,Apartamento,1537516.33,868305.15,180.0,531.0,37.0,5706.78,0.0,CONS-024,6.0,Contratada,51.0,2025-01-28,1.27,0.5647453188350852,True
PR-003456,2025-09-01,Mídia paga,Rio de Janeiro,RJ,Casa,525259.12,120809.6,60.0,478.0,28.0,6789.84,1.0,CONS-003,3.0,Reprovada crédito,20.0,,,0.2300000045691734,False
PR-003457,2025-05-30,Organico,Porto Alegre,RS,Sala comercial,886207.11,439148.5,84.0,690.0,49.0,5946.49,0.0,CONS-019,5.0,Documentação pendente,60.0,,,0.49553709854573386,False
PR-003458,2025-04-30,Indicação,Campinas,SP,Apartamento,811763.64,492944.55,240.0,652.0,39.0,8434.44,0.0,CONS-016,2.0,Desistiu,23.0,,,0.6072513299560941,False
PR-003459,2025-01-20,Parceria,Salvador,BA,Apartamento,1501638.87,844695.85,120.0,746.0,37.0,2938.87,0.0,CONS-018,6.0,Contratada,13.0,2025-02-02,1.35,0.5625159729649246,True
PR-003460,2024-09-22,Correspondente,Belo Horizonte,MG,Apartamento,342907.45,153914.19,60.0,546.0,38.0,9124.19,0.0,CONS-011,5.0,Documentação pendente,30.0,,,0.44885052803606335,False
PR-003461,2024-07-24,Mídia paga,Salvador,BA,Apartamento,634273.71,246105.04,240.0,650.0,43.0,7897.29,0.0,CONS-022,4.0,Sem retorno,26.0,,,0.3880107848077134,False
PR-003462,2025-06-05,Correspondente,Porto Alegre,RS,Sala comercial,447878.64,192626.59,60.0,687.0,47.0,3066.54,0.0,CONS-010,3.0,Sem retorno,35.0,,,0.43008657434522884,False
PR-003463,2024-03-11,Correspondente,Recife,PE,Casa,432791.52,184324.99,84.0,667.0,28.0,6600.3,0.0,CONS-006,3.0,Sem retorno,32.0,,,0.4258978780360576,False
PR-003464,2024-11-24,Mídia paga,Belo Horizonte,MG,Apartamento,1121469.67,396203.4,240.0,702.0,45.0,2708.83,0.0,CONS-028,3.0,Reprovada crédito,36.0,,,0.35328944740877394,False
PR-003465,2024-06-09,Correspondente,Campinas,SP,Casa,465316.79,222099.78,120.0,766.0,35.0,4187.61,1.0,CONS-013,3.0,Sem retorno,30.0,,,0.47730875990956617,False
PR-003466,2024-10-27,Organico,Belo Horizonte,MG,Apartamento,456879.53,277747.16,240.0,718.0,60.0,2679.07,0.0,CONS-002,1.0,Desistiu,12.0,,,0.6079220927232173,False
PR-003467,2025-05-08,Correspondente,Recife,PE,Apartamento,427152.1,217168.16,60.0,690.0,52.0,3489.58,0.0,CONS-030,3.0,Reprovada crédito,17.0,,,0.5084094401034198,False
PR-003468,2024-11-20,Organico,Brasília,DF,Sala comercial,1147726.2,600340.75,240.0,733.0,34.0,2718.34,0.0,CONS-001,4.0,Sem retorno,10.0,,,0.5230696572056994,False
PR-003469,2025-02-21,Organico,São Paulo,SP,Apartamento,538688.99,255599.47,240.0,747.0,35.0,11013.52,0.0,CONS-015,3.0,Sem retorno,10.0,,,0.47448430308553363,False
PR-003470,2025-12-07,Parceria,Salvador,BA,Apartamento,526932.0,266349.84,60.0,691.0,41.0,11333.61,0.0,CONS-010,3.0,Reprovada crédito,37.0,,,0.5054728883423288,False
PR-003471,2025-05-20,Correspondente,Porto Alegre,RS,Casa,319995.69,134550.01,120.0,751.0,49.0,9063.91,0.0,CONS-003,1.0,Desistiu,22.0,,,0.4204744445151746,False
PR-003472,2025-03-14,Correspondente,Florianópolis,SC,Imóvel rural,929738.59,364360.42,84.0,527.0,44.0,5862.24,0.0,CONS-005,3.0,Reprovada crédito,30.0,,,0.39189555421164135,False
PR-003473,2025-03-01,Organico,Santos,SP,Casa,1111967.57,582175.95,60.0,675.0,49.0,5112.04,0.0,CONS-017,6.0,Contratada,31.0,2025-03-02,1.44,0.5235547921599907,True
PR-003474,2024-06-30,Parceria,Florianópolis,SC,Sala comercial,264050.64,140272.24,240.0,598.0,35.0,10878.43,0.0,CONS-029,3.0,Reprovada crédito,34.0,,,0.5312323424021997,False
PR-003475,2024-02-15,Indicação,Recife,PE,Casa,1164354.87,465917.25,240.0,595.0,27.0,3526.85,0.0,CONS-006,3.0,Reprovada crédito,18.0,,,0.4001505571922415,False
PR-003477,2024-08-27,Organico,Curitiba,PR,Apartamento,1153733.17,588977.33,240.0,659.0,41.0,3196.04,0.0,CONS-022,4.0,Problema garantia,33.0,,,0.5104970068599137,False
PR-003478,2025-11-07,Correspondente,Rio de Janeiro,RJ,Apartamento,599179.51,297295.3,84.0,599.0,44.0,8572.31,0.0,CONS-006,3.0,Sem retorno,19.0,,,0.4961706717908294,False
PR-003479,2024-08-14,Mídia paga,Santos,SP,Casa,376446.51,151885.83,120.0,550.0,48.0,6411.53,0.0,CONS-002,2.0,Sem retorno,21.0,,,0.4034725411586363,False
PR-003480,2025-02-01,Correspondente,Brasília,DF,Apartamento,552958.29,264806.27,84.0,647.0,30.0,3172.27,0.0,CONS-010,3.0,Desistiu,30.0,,,0.4788901347333087,False
PR-003481,2024-07-29,Correspondente,Recife,PE,Casa,649591.61,392079.16,120.0,740.0,35.0,2906.6,1.0,CONS-006,6.0,Contratada,18.0,2024-08-16,1.47,0.6035779310634877,True
PR-003482,2024-12-16,Organico,Rio de Janeiro,RJ,Apartamento,578659.67,199069.77,120.0,638.0,42.0,2927.77,0.0,CONS-005,6.0,Contratada,33.0,2025-01-18,1.29,0.3440187390284171,True
PR-003484,2024-06-26,Mídia paga,Porto Alegre,RS,Apartamento,942537.06,444087.51,84.0,780.0,50.0,2975.53,0.0,CONS-022,2.0,Reprovada crédito,12.0,,,0.4711618554287934,False
PR-003485,2024-06-11,Indicação,Belo Horizonte,MG,Casa,688964.74,297087.26,60.0,747.0,36.0,6407.38,0.0,CONS-016,3.0,Reprovada crédito,18.0,,,0.4312082211928582,False
PR-003486,2025-08-18,Organico,Salvador,BA,Apartamento,232877.67,102253.89,240.0,843.0,50.0,7753.14,0.0,CONS-014,2.0,Sem retorno,23.0,,,0.43908842784282404,False
PR-003487,2025-01-19,Correspondente,Curitiba,PR,Apartamento,533618.57,366097.76,84.0,611.0,29.0,3658.26,0.0,CONS-013,4.0,Sem retorno,35.0,,,0.6860663788368535,False
PR-003488,2025-04-15,Correspondente,Salvador,BA,Casa,1264132.09,769128.02,84.0,527.0,45.0,5304.94,0.0,CONS-027,5.0,Documentação pendente,48.0,,,0.6084237763476125,False
PR-003489,2024-12-15,Indicação,Rio de Janeiro,RJ,Casa,412658.81,190680.01,240.0,640.0,24.0,3139.88,0.0,CONS-020,3.0,Reprovada crédito,25.0,,,0.46207667297833777,False
PR-003490,2024-05-09,Mídia paga,Porto Alegre,RS,Sala comercial,499932.74,269040.29,120.0,607.0,35.0,10565.12,1.0,CONS-014,5.0,Desistiu,33.0,,,0.5381529723378389,False
PR-003491,2025-02-27,Correspondente,Rio de Janeiro,RJ,Sala comercial,1404390.37,602879.09,60.0,712.0,41.0,3730.05,0.0,CONS-028,4.0,Problema garantia,38.0,,,0.42928170320621034,False
PR-003492,2025-10-01,Mídia paga,São Paulo,SP,Casa,561759.23,283903.86,180.0,875.0,25.0,1800.0,0.0,CONS-026,5.0,Desistiu,37.0,,,0.5053835252515566,False
PR-003493,2025-03-25,Correspondente,Florianópolis,SC,Casa,650893.28,425341.52,180.0,579.0,40.0,5631.87,0.0,CONS-006,1.0,Sem retorno,10.0,,,0.653473515658358,False
PR-003494,2025-05-23,Mídia paga,Goiânia,GO,Apartamento,705375.61,411369.08,120.0,760.0,30.0,6971.77,0.0,CONS-013,6.0,Contratada,16.0,2025-08-06,1.35,0.5831915282695981,True
PR-003495,2025-05-11,Parceria,Campinas,SP,Sala comercial,417763.81,260261.25,120.0,759.0,38.0,8559.14,0.0,CONS-016,2.0,Sem retorno,27.0,,,0.6229865866073943,False
PR-003496,2024-05-06,Parceria,Rio de Janeiro,RJ,Casa,747242.47,384691.42,60.0,607.0,40.0,5027.78,0.0,CONS-014,5.0,Desistiu,48.0,,,0.5148147160318658,False
PR-003498,2025-11-15,Correspondente,Campinas,SP,Apartamento,862400.02,447290.66,120.0,701.0,50.0,3490.6,0.0,CONS-008,3.0,Desistiu,25.0,,,0.5186579888993973,False
PR-003499,2024-03-31,Correspondente,Goiânia,GO,Apartamento,652441.26,264055.58,180.0,611.0,35.0,7769.68,0.0,CONS-026,4.0,Sem retorno,24.0,,,0.4047193152683201,False
PR-003500,2024-11-16,Mídia paga,Florianópolis,SC,Sala comercial,981886.96,429540.27,60.0,607.0,37.0,3981.92,0.0,CONS-006,5.0,Desistiu,38.0,,,0.4374640742759228,False
PR-003501,2025-05-19,Parceria,São Paulo,SP,Apartamento,312038.67,190546.86,180.0,581.0,52.0,4116.3,0.0,CONS-012,5.0,Desistiu,32.0,,,0.6106514298372058,False
PR-003502,2024-11-11,Parceria,Salvador,BA,Casa,429533.22,227394.89,84.0,813.0,55.0,1800.0,0.0,CONS-010,3.0,Reprovada crédito,26.0,,,0.529400007757258,False
PR-003503,2025-01-10,Mídia paga,Recife,PE,Apartamento,567641.87,266525.25,180.0,756.0,35.0,4039.26,0.0,CONS-015,4.0,Problema garantia,35.0,,,0.46953063909820464,False
PR-003504,2025-10-06,Indicação,Recife,PE,Apartamento,901895.64,346813.97,84.0,558.0,54.0,4236.98,0.0,CONS-017,3.0,Desistiu,45.0,,,0.38453891405883717,False
PR-003505,2025-01-23,Parceria,São Paulo,SP,Sala comercial,1250746.92,714401.54,60.0,808.0,37.0,1800.0,0.0,CONS-023,4.0,Sem retorno,36.0,,,0.571179931428494,False
PR-003506,2025-11-14,Mídia paga,Porto Alegre,RS,Apartamento,871894.46,484891.94,120.0,698.0,39.0,9072.15,0.0,CONS-026,3.0,Desistiu,23.0,,,0.5561360488516007,False
PR-003507,2025-03-29,Organico,Goiânia,GO,Apartamento,367621.76,189591.46,240.0,485.0,42.0,2016.07,0.0,CONS-001,2.0,Sem retorno,36.0,,,0.5157242596303331,False
PR-003508,2025-03-02,Organico,Brasília,DF,Apartamento,1089204.26,503924.06,180.0,675.0,36.0,9862.64,0.0,CONS-008,6.0,Contratada,41.0,2025-03-16,1.49,0.4626534053401517,True
PR-003510,2025-10-22,Organico,São Paulo,SP,Casa,938751.03,628443.83,240.0,720.0,31.0,3408.08,0.0,CONS-012,2.0,Sem retorno,48.0,,,0.6694467541622829,False
PR-003511,2025-05-25,Organico,Porto Alegre,RS,Casa,1574643.43,464428.15,180.0,720.0,45.0,12121.85,1.0,CONS-017,3.0,Sem retorno,51.0,,,0.2949417888213588,False
PR-003512,2024-12-14,Parceria,Belo Horizonte,MG,Apartamento,347278.65,154332.18,240.0,549.0,57.0,9978.14,0.0,CONS-028,3.0,Reprovada crédito,38.0,,,0.44440445734282824,False
PR-003513,2025-06-19,Parceria,Porto Alegre,RS,Casa,810231.96,276627.1,240.0,705.0,56.0,9339.04,0.0,CONS-018,5.0,Desistiu,53.0,,,0.3414171665111803,False
PR-003514,2024-09-07,Correspondente,Recife,PE,Casa,678462.86,396294.13,180.0,647.0,55.0,6538.45,0.0,CONS-007,3.0,Desistiu,33.0,,,0.5841058565829234,False
PR-003515,2025-02-22,Mídia paga,Belo Horizonte,MG,Casa,1158359.91,459854.96,120.0,625.0,44.0,13675.34,0.0,CONS-008,5.0,Documentação pendente,56.0,,,0.39698797932328306,False
PR-003516,2024-02-25,Correspondente,Campinas,SP,Casa,399613.44,143880.03,240.0,558.0,48.0,5376.29,0.0,CONS-002,5.0,Desistiu,38.0,,,0.3600480254117579,False
PR-003517,2025-12-02,Organico,Brasília,DF,Apartamento,757521.43,219321.64,240.0,807.0,42.0,6492.43,1.0,CONS-017,3.0,Reprovada crédito,41.0,,,0.2895253273560855,False
PR-003518,2025-01-19,Correspondente,Rio de Janeiro,RJ,Apartamento,796737.79,389967.77,240.0,620.0,53.0,2141.95,0.0,CONS-025,3.0,Desistiu,22.0,,,0.4894555961754996,False
PR-003519,2024-09-16,Indicação,Campinas,SP,Apartamento,892756.86,314177.92,60.0,641.0,53.0,14969.59,1.0,CONS-016,6.0,Contratada,50.0,2024-05-11,1.2,0.35191879679311566,True
PR-003520,2025-08-13,Indicação,São Paulo,SP,Casa,1073714.21,757736.81,84.0,763.0,52.0,4550.54,0.0,CONS-013,3.0,Desistiu,24.0,,,0.7057155460390154,False
PR-003521,2025-04-16,Correspondente,Curitiba,PR,Casa,680599.12,382162.41,240.0,619.0,32.0,7353.31,0.0,CONS-010,4.0,Problema garantia,37.0,,,0.5615088218156967,False
PR-003522,2024-09-28,Indicação,Florianópolis,SC,Apartamento,519179.04,248283.93,180.0,648.0,30.0,3207.31,0.0,CONS-012,4.0,Problema garantia,39.0,,,0.4782241016509449,False
PR-003524,2024-09-12,Correspondente,Salvador,BA,Sala comercial,794714.62,306645.16,120.0,592.0,32.0,9420.93,0.0,CONS-020,4.0,Problema garantia,21.0,,,0.3858556924496997,False
PR-003526,2025-04-19,Correspondente,Goiânia,GO,Casa,714387.43,285913.97,60.0,585.0,32.0,7951.38,0.0,CONS-012,5.0,Desistiu,37.0,,,0.4002225655062267,False
PR-003527,2025-03-26,Mídia paga,Recife,PE,Casa,848958.36,394010.62,120.0,676.0,50.0,3505.3,0.0,CONS-029,2.0,Desistiu,15.0,,,0.4641106543788555,False
PR-003528,2024-06-13,Organico,Rio de Janeiro,RJ,Casa,510887.25,237774.07,60.0,569.0,48.0,3935.33,0.0,CONS-014,5.0,Desistiu,20.0,,,0.46541398322232547,False
PR-003529,2024-09-08,Mídia paga,Rio de Janeiro,RJ,Apartamento,574115.24,322851.76,120.0,690.0,28.0,3789.25,0.0,CONS-030,2.0,Sem retorno,10.0,,,0.5623466118056717,False
PR-003530,2024-02-10,Correspondente,São Paulo,SP,Casa,762001.88,357147.84,120.0,677.0,55.0,9590.21,0.0,CONS-024,2.0,Sem retorno,20.0,,,0.46869679639110606,False
PR-003532,2025-05-06,Parceria,Santos,SP,Sala comercial,1293132.16,534939.75,120.0,669.0,45.0,9646.81,0.0,CONS-001,6.0,Contratada,26.0,2025-01-07,1.37,0.41367755481388696,True
PR-003533,2024-03-25,Organico,Santos,SP,Apartamento,469554.94,260805.75,84.0,738.0,36.0,10537.53,0.0,CONS-013,4.0,Sem retorno,31.0,,,0.5554318095343646,False
PR-003534,2024-07-31,Parceria,Brasília,DF,Apartamento,495121.35,317861.97,240.0,550.0,28.0,3258.87,0.0,CONS-017,2.0,Desistiu,27.0,,,0.6419880096061299,False
PR-003535,2025-07-01,Correspondente,Curitiba,PR,Apartamento,1072881.62,529749.05,84.0,633.0,26.0,3956.39,1.0,CONS-009,3.0,Sem retorno,22.0,,,0.4937628160691205,False
PR-003536,2024-11-21,Mídia paga,Belo Horizonte,MG,Casa,644346.03,331096.47,120.0,751.0,52.0,5079.8,0.0,CONS-002,6.0,Contratada,28.0,2024-12-19,1.41,0.5138488554046029,True
PR-003537,2025-07-16,Parceria,São Paulo,SP,Sala comercial,796635.61,414844.21,84.0,639.0,46.0,5139.92,0.0,CONS-029,2.0,Sem retorno,19.0,,,0.5207452501401488,False
PR-003539,2024-08-22,Parceria,Belo Horizonte,MG,Casa,519093.55,333476.84,180.0,736.0,55.0,4886.79,0.0,CONS-008,6.0,Contratada,44.0,2024-05-10,1.61,0.6424214671902589,True
PR-003540,2025-06-17,Organico,Brasília,DF,Casa,971608.7,553288.55,120.0,710.0,59.0,4430.6,0.0,CONS-024,5.0,Desistiu,30.0,,,0.569456150402935,False
PR-003541,2025-07-24,Parceria,Porto Alegre,RS,Casa,456240.36,272185.77,84.0,732.0,37.0,5771.47,0.0,CONS-004,3.0,Sem retorno,25.0,,,0.5965841557726284,False
PR-003542,2025-06-05,Correspondente,Curitiba,PR,Casa,869391.95,483958.17,120.0,769.0,42.0,12162.16,0.0,CONS-011,5.0,Desistiu,45.0,,,0.5566628147408083,False
PR-003543,2024-07-25,Correspondente,Curitiba,PR,Apartamento,385693.42,120569.55,240.0,598.0,39.0,5694.01,0.0,CONS-006,3.0,Reprovada crédito,2.0,,,0.31260463297507124,False
PR-003544,2025-10-28,Organico,Curitiba,PR,Casa,1687150.38,1017197.86,60.0,732.0,41.0,4322.57,0.0,CONS-012,4.0,Problema garantia,40.0,,,0.6029088290280324,False
PR-003545,2024-11-17,Mídia paga,Porto Alegre,RS,Apartamento,2123287.07,1058667.69,60.0,596.0,49.0,3042.32,0.0,CONS-004,4.0,Problema garantia,35.0,,,0.4985984726031417,False
PR-003546,2024-11-09,Correspondente,Curitiba,PR,Casa,503651.94,207796.13,180.0,680.0,42.0,12475.08,0.0,CONS-008,6.0,Contratada,31.0,2024-12-10,1.4,0.4125788337080564,True
PR-003547,2025-02-02,Organico,Porto Alegre,RS,Casa,384639.77,172450.43,240.0,771.0,36.0,10062.97,0.0,CONS-003,3.0,Sem retorno,37.0,,,0.4483426921766306,False
PR-003548,2024-03-27,Organico,Campinas,SP,Apartamento,275050.84,104568.43,84.0,767.0,42.0,8347.52,0.0,CONS-030,3.0,Reprovada crédito,32.0,,,0.38017855171792964,False
PR-003549,2024-11-12,Mídia paga,Rio de Janeiro,RJ,Casa,857755.68,292221.89,180.0,704.0,47.0,5383.05,0.0,CONS-009,3.0,Desistiu,32.0,,,0.34068196435609727,False
PR-003550,2025-07-04,Indicação,Belo Horizonte,MG,Casa,475415.39,219350.64,60.0,669.0,36.0,5781.49,1.0,CONS-006,6.0,Contratada,35.0,2025-12-05,1.21,0.46138733539947036,True
PR-003551,2024-07-19,Mídia paga,Belo Horizonte,MG,Casa,1112146.28,435618.34,120.0,553.0,30.0,5981.14,0.0,CONS-003,5.0,Desistiu,39.0,,,0.39169158575075214,False
PR-003552,2025-06-04,Parceria,Salvador,BA,Casa,1424475.29,563900.44,240.0,589.0,49.0,3675.94,0.0,CONS-026,5.0,Desistiu,48.0,,,0.3958653715923706,False
PR-003553,2025-06-14,Correspondente,Goiânia,GO,Sala comercial,627009.25,326796.61,180.0,694.0,51.0,2734.87,0.0,CONS-028,3.0,Desistiu,33.0,,,0.5211990253732302,False
PR-003554,2024-05-17,Indicação,Santos,SP,Apartamento,791878.53,402271.92,84.0,735.0,41.0,2371.51,0.0,CONS-018,6.0,Contratada,33.0,2024-06-19,1.53,0.5079970030251988,True
PR-003555,2025-01-18,Mídia paga,Salvador,BA,Casa,1463745.47,528632.44,120.0,658.0,35.0,3278.5,0.0,CONS-005,4.0,Problema garantia,47.0,,,0.36115052161356986,False
PR-003556,2025-05-20,Correspondente,Goiânia,GO,Casa,771043.87,383659.05,60.0,637.0,42.0,5651.49,1.0,CONS-010,3.0,Reprovada crédito,33.0,,,0.497583944218375,False
PR-003557,2025-12-07,Parceria,Belo Horizonte,MG,Casa,961572.39,465984.27,240.0,544.0,38.0,5128.62,0.0,CONS-001,2.0,Reprovada crédito,30.0,,,0.484606541167431,False
PR-003558,2025-03-30,Organico,Goiânia,GO,Casa,802791.17,369932.66,180.0,615.0,46.0,14644.22,0.0,CONS-030,3.0,Desistiu,34.0,,,0.4608080828791377,False
PR-003559,2024-08-29,Correspondente,Santos,SP,Imóvel rural,616494.21,339118.36,180.0,729.0,46.0,2810.68,0.0,CONS-019,6.0,Contratada,29.0,2024-09-27,1.28,0.5500754986814881,True
PR-003560,2024-12-18,Correspondente,Belo Horizonte,MG,Apartamento,846197.19,248037.19,84.0,707.0,49.0,4168.95,0.0,CONS-013,3.0,Reprovada crédito,26.0,,,0.293119845978217,False
PR-003561,2025-04-10,Organico,São Paulo,SP,Apartamento,1331100.68,587339.0,120.0,632.0,42.0,1800.0,0.0,CONS-021,5.0,Desistiu,67.0,,,0.441243107170526,False
PR-003562,2024-07-19,Mídia paga,Campinas,SP,Apartamento,814695.28,435887.1,84.0,774.0,58.0,3171.67,1.0,CONS-027,6.0,Contratada,30.0,2024-08-18,1.12,0.5350308399970108,True
PR-003564,2025-06-14,Parceria,Florianópolis,SC,Apartamento,407831.67,185629.59,120.0,668.0,26.0,5322.3,0.0,CONS-024,1.0,Desistiu,23.0,,,0.4551622731996267,False
PR-003565,2024-06-08,Mídia paga,Goiânia,GO,Apartamento,624736.15,242763.2,84.0,571.0,31.0,10347.04,0.0,CONS-015,5.0,Documentação pendente,49.0,,,0.3885851651133042,False
PR-003566,2025-08-18,Correspondente,Goiânia,GO,Casa,1184359.06,349622.23,60.0,703.0,51.0,5798.88,0.0,CONS-012,3.0,Desistiu,16.0,,,0.2951995233607619,False
PR-003567,2025-07-03,Correspondente,Brasília,DF,Apartamento,259882.41,146869.97,84.0,526.0,30.0,3917.29,0.0,CONS-009,4.0,Sem retorno,21.0,,,0.5651400954762579,False
PR-003568,2024-10-14,Correspondente,Florianópolis,SC,Sala comercial,1111791.48,609503.97,180.0,604.0,45.0,3479.62,0.0,CONS-029,4.0,Sem retorno,26.0,,,0.5482178816480946,False
PR-003569,2024-12-22,Parceria,Porto Alegre,RS,Casa,414424.27,258930.02,180.0,632.0,44.0,9906.08,0.0,CONS-023,3.0,Desistiu,28.0,,,0.6247945372504365,False
PR-003570,2024-07-17,Correspondente,Salvador,BA,Casa,904318.36,247248.61,180.0,577.0,52.0,9015.48,0.0,CONS-019,2.0,Sem retorno,31.0,,,0.273408813683712,False
PR-003571,2025-06-30,Indicação,Santos,SP,Casa,409854.14,162631.24,180.0,718.0,41.0,4011.87,0.0,CONS-024,2.0,Desistiu,25.0,,,0.39680272596490057,False
PR-003573,2025-01-06,Indicação,Brasília,DF,Apartamento,564142.72,309826.06,180.0,670.0,49.0,2360.99,0.0,CONS-010,1.0,Sem retorno,13.0,,,0.5491980114535556,False
PR-003574,2025-02-18,Parceria,Campinas,SP,Casa,1180214.3,654435.29,60.0,731.0,43.0,7083.18,0.0,CONS-004,3.0,Sem retorno,22.0,,,0.5545054741329605,False
PR-003575,2024-12-28,Correspondente,Recife,PE,Imóvel rural,565867.54,255511.28,180.0,682.0,40.0,5353.12,0.0,CONS-030,4.0,Problema garantia,44.0,,,0.4515390297877839,False
PR-003576,2024-09-17,Mídia paga,Salvador,BA,Apartamento,1028077.66,571683.37,60.0,629.0,39.0,11751.37,0.0,CONS-022,6.0,Contratada,22.0,2024-09-10,1.34,0.5560702194423717,True
PR-003577,2025-01-04,Correspondente,Santos,SP,Apartamento,620754.32,159022.21,240.0,468.0,40.0,20923.42,0.0,CONS-002,5.0,Documentação pendente,61.0,,,0.25617576048443774,False
PR-003578,2025-03-14,Parceria,Belo Horizonte,MG,Apartamento,580183.37,361493.96,180.0,593.0,46.0,1800.0,0.0,CONS-008,3.0,Desistiu,20.0,,,0.6230684619588459,False
PR-003579,2024-07-14,Indicação,Porto Alegre,RS,Apartamento,497899.77,247330.01,60.0,527.0,35.0,6569.24,0.0,CONS-016,2.0,Desistiu,27.0,,,0.49674658415688766,False
PR-003580,2024-03-23,Mídia paga,Santos,SP,Apartamento,220683.09,174193.89,84.0,696.0,34.0,6560.67,0.0,CONS-014,2.0,Sem retorno,19.0,,,0.789339545680641,False
PR-003581,2025-10-04,Correspondente,Goiânia,GO,Casa,642585.87,413277.54,84.0,575.0,41.0,2880.04,0.0,CONS-010,2.0,Desistiu,36.0,,,0.643147568744392,False
PR-003582,2024-08-29,Correspondente,Campinas,SP,Apartamento,1810676.59,741694.47,84.0,626.0,26.0,5560.18,0.0,CONS-023,4.0,Sem retorno,39.0,,,0.4096228305464533,False
PR-003583,2025-09-23,Mídia paga,Brasília,DF,Apartamento,995050.1,445720.22,180.0,804.0,42.0,5470.47,0.0,CONS-019,5.0,Desistiu,40.0,,,0.44793746566127673,False
PR-003584,2024-10-04,Organico,Santos,SP,Sala comercial,1100363.51,463341.1,180.0,642.0,46.0,4280.5,0.0,CONS-027,4.0,Problema garantia,33.0,,,0.42108003018020834,False
PR-003585,2024-02-06,Mídia paga,Belo Horizonte,MG,Apartamento,849673.9,561252.48,240.0,555.0,39.0,5260.62,0.0,CONS-007,3.0,Desistiu,22.0,,,0.66055045353282,False
PR-003586,2025-04-18,Parceria,Florianópolis,SC,Casa,1291220.22,735062.55,84.0,659.0,40.0,4472.63,0.0,CONS-024,2.0,Reprovada crédito,27.0,,,0.5692774467239988,False
PR-003587,2025-07-26,Organico,Rio de Janeiro,RJ,Apartamento,339296.22,175520.38,240.0,687.0,37.0,4773.6,0.0,CONS-023,3.0,Sem retorno,35.0,,,0.5173072072538858,False
PR-003589,2024-10-19,Parceria,Rio de Janeiro,RJ,Casa,367073.97,185201.58,84.0,706.0,47.0,3557.52,0.0,CONS-027,5.0,Documentação pendente,37.0,,,0.5045347672023707,False
PR-003590,2025-10-01,Correspondente,Curitiba,PR,Casa,1171596.55,475720.07,240.0,620.0,32.0,5885.48,0.0,CONS-011,4.0,Problema garantia,46.0,,,0.40604427351719324,False
PR-003591,2024-06-09,Indicação,Campinas,SP,Imóvel rural,1382473.83,703998.21,240.0,660.0,27.0,5866.91,0.0,CONS-010,4.0,Problema garantia,32.0,,,0.5092307678619854,False
PR-003592,2025-08-11,Correspondente,Florianópolis,SC,Apartamento,1006297.44,399110.47,84.0,581.0,46.0,5763.46,1.0,CONS-024,2.0,Reprovada crédito,15.0,,,0.39661282453426494,False
PR-003594,2025-08-02,Indicação,Recife,PE,Casa,1589197.88,1047869.85,84.0,531.0,50.0,2483.77,0.0,CONS-021,5.0,Documentação pendente,28.0,,,0.6593702793009012,False
PR-003595,2024-10-17,Organico,Belo Horizonte,MG,Casa,901452.02,364955.44,60.0,788.0,36.0,5726.78,0.0,CONS-022,3.0,Desistiu,34.0,,,0.4048528728129091,False
PR-003597,2024-07-22,Correspondente,Santos,SP,Sala comercial,1504525.51,852517.67,180.0,691.0,49.0,3901.41,0.0,CONS-022,4.0,Problema garantia,23.0,,,0.5666355700409493,False
PR-003598,2025-11-11,Parceria,Brasília,DF,Casa,762738.32,353824.91,60.0,696.0,45.0,11640.94,0.0,CONS-005,3.0,Reprovada crédito,22.0,,,0.46388768037772116,False
PR-003599,2025-08-03,Correspondente,Porto Alegre,RS,Casa,1023092.61,422131.91,180.0,496.0,41.0,4894.38,1.0,CONS-007,4.0,Sem retorno,52.0,,,0.4126038111056241,False
PR-003600,2024-10-10,Correspondente,Santos,SP,Apartamento,1264278.72,502845.64,120.0,669.0,46.0,13343.42,0.0,CONS-004,3.0,Reprovada crédito,34.0,,,0.397733215030306,False
PR-003601,2025-03-24,Indicação,São Paulo,SP,Apartamento,2281951.25,1321390.33,60.0,800.0,47.0,4024.35,0.0,CONS-004,6.0,Contratada,26.0,2025-04-19,1.28,0.5790615947645683,True
PR-003602,2024-05-10,Indicação,Florianópolis,SC,Casa,407787.37,244498.88,60.0,609.0,41.0,11223.44,0.0,CONS-010,5.0,Documentação pendente,47.0,,,0.5995744301742352,False
PR-003603,2025-03-22,Organico,Salvador,BA,Sala comercial,653780.79,427018.87,84.0,605.0,47.0,2811.89,0.0,CONS-014,3.0,Reprovada crédito,48.0,,,0.6531529780800075,False
PR-003604,2025-02-14,Mídia paga,São Paulo,SP,Apartamento,822620.58,353348.46,120.0,597.0,26.0,6054.55,0.0,CONS-001,3.0,Reprovada crédito,11.0,,,0.4295400195312401,False
PR-003605,2025-09-30,Correspondente,Santos,SP,Casa,250779.32,99006.01,60.0,771.0,31.0,4503.99,0.0,CONS-009,4.0,Problema garantia,42.0,,,0.3947933585592304,False
PR-003606,2024-10-17,Correspondente,Porto Alegre,RS,Apartamento,941840.46,371107.59,180.0,634.0,61.0,4312.05,0.0,CONS-007,2.0,Reprovada crédito,15.0,,,0.3940238349921812,False
PR-003607,2024-01-12,Correspondente,Goiânia,GO,Casa,422157.62,247485.02,240.0,712.0,24.0,2215.79,1.0,CONS-012,6.0,Contratada,37.0,2025-07-01,1.37,0.5862384291440718,True
PR-003608,2024-12-22,Organico,Florianópolis,SC,Apartamento,1287510.44,775688.92,84.0,745.0,45.0,5598.84,1.0,CONS-018,6.0,Contratada,51.0,2025-11-02,1.58,0.6024719457808825,True
PR-003609,2025-02-22,Correspondente,Brasília,DF,Casa,372689.79,147425.7,120.0,460.0,31.0,10638.12,0.0,CONS-012,5.0,Desistiu,25.0,,,0.3955721459393884,False
PR-003611,2025-05-01,Correspondente,Brasília,DF,Apartamento,218399.19,127468.14,60.0,568.0,36.0,8255.88,1.0,CONS-025,4.0,Problema garantia,29.0,,,0.5836474942970256,False
PR-003612,2024-09-16,Mídia paga,Curitiba,PR,Apartamento,318717.05,190730.37,240.0,665.0,23.0,12407.74,1.0,CONS-014,6.0,Contratada,37.0,2024-10-23,1.4,0.5984316496403315,True
PR-003613,2025-04-26,Mídia paga,Campinas,SP,Apartamento,490971.23,207732.96,60.0,730.0,22.0,7292.54,1.0,CONS-019,4.0,Problema garantia,31.0,,,0.42310617671019135,False
PR-003614,2024-12-12,Correspondente,Brasília,DF,Apartamento,820399.44,399177.25,120.0,691.0,39.0,4151.83,0.0,CONS-011,4.0,Sem retorno,32.0,,,0.4865645081376458,False
PR-003615,2024-11-27,Parceria,Florianópolis,SC,Apartamento,1261411.66,500771.18,240.0,599.0,36.0,5658.44,0.0,CONS-024,6.0,Contratada,48.0,2025-01-14,1.21,0.39699266772276387,True
PR-003616,2024-12-27,Organico,São Paulo,SP,Sala comercial,907032.72,549824.07,120.0,641.0,36.0,5792.35,0.0,CONS-022,2.0,Reprovada crédito,25.0,,,0.6061788708129514,False
PR-003617,2025-06-08,Mídia paga,Belo Horizonte,MG,Casa,475796.79,178876.83,84.0,784.0,41.0,4618.51,0.0,CONS-007,4.0,Sem retorno,30.0,,,0.3759521580631092,False
PR-003618,2025-04-30,Correspondente,Rio de Janeiro,RJ,Casa,1153336.94,651167.83,180.0,660.0,44.0,6843.71,1.0,CONS-019,4.0,Problema garantia,32.0,,,0.5645946188110476,False
PR-003619,2024-12-09,Parceria,Brasília,DF,Apartamento,705650.52,428414.55,60.0,660.0,21.0,6878.11,1.0,CONS-013,6.0,Contratada,35.0,2024-10-17,1.51,0.607120008924531,True
PR-003620,2025-01-29,Mídia paga,Belo Horizonte,MG,Casa,1127715.78,625936.83,180.0,605.0,41.0,3340.38,1.0,CONS-024,1.0,Desistiu,31.0,,,0.5550483917144442,False
PR-003621,2025-08-13,Organico,Brasília,DF,Casa,346482.25,150281.42,84.0,690.0,34.0,17491.85,1.0,CONS-022,6.0,Contratada,21.0,2025-03-09,1.26,0.4337348305721289,True
PR-003622,2025-11-01,Mídia paga,Florianópolis,SC,Casa,481454.42,249533.43,120.0,628.0,25.0,2270.77,0.0,CONS-013,4.0,Sem retorno,28.0,,,0.5182908695697508,False
PR-003623,2025-02-02,Indicação,Florianópolis,SC,Apartamento,601931.82,375822.25,180.0,619.0,52.0,3653.87,0.0,CONS-027,3.0,Desistiu,32.0,,,0.6243601642458444,False
PR-003624,2025-04-01,Parceria,Belo Horizonte,MG,Sala comercial,271601.49,152303.99,60.0,720.0,21.0,3643.78,0.0,CONS-013,5.0,Desistiu,44.0,,,0.5607627189379557,False
PR-003625,2024-07-24,Parceria,Belo Horizonte,MG,Casa,1431710.92,532632.21,120.0,625.0,48.0,2416.52,1.0,CONS-019,3.0,Reprovada crédito,27.0,,,0.37202496855999395,False
PR-003626,2025-08-26,Mídia paga,Campinas,SP,Casa,387414.55,216487.03,180.0,596.0,34.0,2968.8,1.0,CONS-020,4.0,Problema garantia,20.0,,,0.5587994307389849,False
PR-003627,2024-09-26,Correspondente,Santos,SP,Sala comercial,265606.93,146212.97,180.0,684.0,45.0,8112.86,1.0,CONS-025,2.0,Reprovada crédito,35.0,,,0.5504862768452615,False
PR-003628,2025-07-24,Parceria,São Paulo,SP,Casa,452123.33,174162.09,240.0,750.0,44.0,5400.46,0.0,CONS-022,1.0,Desistiu,9.0,,,0.3852092525285081,False
PR-003629,2025-08-10,Mídia paga,Curitiba,PR,Casa,488620.4,257501.97,180.0,725.0,36.0,9922.62,1.0,CONS-003,2.0,Sem retorno,12.0,,,0.5269979927158178,False
PR-003630,2024-09-05,Correspondente,São Paulo,SP,Casa,1230882.53,834149.54,120.0,698.0,37.0,3702.85,1.0,CONS-030,2.0,Reprovada crédito,32.0,,,0.6776841166150924,False
PR-003631,2025-03-21,Correspondente,Salvador,BA,Apartamento,560358.76,187546.3,180.0,626.0,33.0,3283.74,1.0,CONS-003,3.0,Desistiu,21.0,,,0.3346896905832256,False
PR-003632,2024-05-15,Organico,Campinas,SP,Apartamento,631002.46,320295.29,180.0,794.0,52.0,1800.0,0.0,CONS-024,2.0,Reprovada crédito,27.0,,,0.5075975298099472,False
PR-003633,2025-07-02,Correspondente,Porto Alegre,RS,Apartamento,839147.9,545357.58,84.0,757.0,39.0,12685.85,0.0,CONS-004,2.0,Sem retorno,27.0,,,0.6498944703311537,False
PR-003634,2025-03-05,Parceria,Curitiba,PR,Casa,1070344.29,601425.6,120.0,715.0,57.0,5109.04,0.0,CONS-025,3.0,Sem retorno,29.0,,,0.5618991997425427,False
PR-003636,2025-12-10,Parceria,Brasília,DF,Apartamento,1137457.7,452275.2,180.0,655.0,34.0,3004.78,0.0,CONS-019,2.0,Reprovada crédito,8.0,,,0.39761935762534295,False
PR-003637,2024-02-08,Indicação,Salvador,BA,Casa,252463.57,148151.91,120.0,648.0,33.0,8954.06,0.0,CONS-021,3.0,Reprovada crédito,42.0,,,0.5868249030939394,False
PR-003638,2024-06-08,Organico,Curitiba,PR,Apartamento,884136.73,416165.46,180.0,660.0,33.0,4957.51,0.0,CONS-011,3.0,Desistiu,40.0,,,0.4707026027524046,False
PR-003639,2024-12-21,Mídia paga,Campinas,SP,Apartamento,881490.58,473044.6,84.0,739.0,48.0,4935.37,0.0,CONS-024,6.0,Contratada,13.0,2025-03-01,1.28,0.5366416961597026,True
PR-003640,2024-08-26,Correspondente,Porto Alegre,RS,Apartamento,486947.92,270187.16,120.0,680.0,36.0,6565.08,0.0,CONS-018,1.0,Sem retorno,39.0,,,0.5548584333207542,False
PR-003641,2024-12-29,Parceria,Florianópolis,SC,Apartamento,305480.6,152381.29,60.0,665.0,44.0,4179.5,0.0,CONS-030,3.0,Reprovada crédito,30.0,,,0.49882476988718766,False
PR-003643,2025-01-08,Parceria,Belo Horizonte,MG,Sala comercial,537811.31,241552.97,240.0,588.0,32.0,3506.95,0.0,CONS-011,4.0,Problema garantia,33.0,,,0.44914074045783825,False
PR-003645,2024-11-17,Correspondente,Brasília,DF,Casa,1815232.57,1321094.1,240.0,663.0,43.0,4405.26,1.0,CONS-015,3.0,Desistiu,26.0,,,0.7277822808126454,False
PR-003646,2025-09-10,Organico,Porto Alegre,RS,Imóvel rural,984537.18,509331.0,84.0,745.0,48.0,6655.08,0.0,CONS-023,3.0,Reprovada crédito,17.0,,,0.5173303866492883,False
PR-003647,2025-04-19,Parceria,Santos,SP,Sala comercial,431896.72,166571.23,240.0,662.0,38.0,5202.34,0.0,CONS-002,6.0,Contratada,12.0,2025-01-05,1.27,0.38567375552192207,True
PR-003648,2025-06-05,Parceria,Curitiba,PR,Apartamento,1235227.55,642820.12,84.0,637.0,37.0,4725.4,0.0,CONS-007,3.0,Sem retorno,20.0,,,0.5204062360817648,False
PR-003649,2024-11-15,Mídia paga,Campinas,SP,Sala comercial,522519.61,244218.25,240.0,695.0,49.0,6681.12,0.0,CONS-005,3.0,Reprovada crédito,23.0,,,0.46738580777858274,False
PR-003650,2024-11-14,Mídia paga,Salvador,BA,Apartamento,358179.16,139193.36,120.0,741.0,22.0,2346.51,0.0,CONS-007,4.0,Sem retorno,36.0,,,0.38861378758049464,False
PR-003651,2025-03-03,Organico,Rio de Janeiro,RJ,Apartamento,499615.13,212206.09,60.0,727.0,58.0,5073.25,0.0,CONS-027,4.0,Sem retorno,26.0,,,0.4247391186892198,False
PR-003652,2024-07-06,Mídia paga,Campinas,SP,Apartamento,336242.24,165932.88,120.0,580.0,45.0,6170.34,0.0,CONS-026,3.0,Desistiu,44.0,,,0.4934920728579491,False
PR-003653,2025-04-11,Organico,Santos,SP,Sala comercial,667531.56,414160.47,84.0,605.0,37.0,4310.3,0.0,CONS-026,3.0,Sem retorno,22.0,,,0.6204357888337144,False
PR-003654,2025-06-02,Mídia paga,Salvador,BA,Apartamento,390057.75,184368.46,84.0,654.0,42.0,2181.5,1.0,CONS-011,2.0,Sem retorno,18.0,,,0.47266964955830254,False
PR-003656,2024-10-13,Organico,Florianópolis,SC,Casa,469657.76,138215.84,120.0,667.0,37.0,3298.95,0.0,CONS-017,3.0,Reprovada crédito,24.0,,,0.2942905489307789,False
PR-003657,2025-05-26,Indicação,Belo Horizonte,MG,Apartamento,490919.17,260022.39,180.0,677.0,54.0,2952.22,0.0,CONS-014,6.0,Contratada,44.0,2025-09-07,1.44,0.5296643640948061,True
PR-003658,2024-10-27,Mídia paga,Recife,PE,Imóvel rural,361163.98,234496.19,120.0,731.0,61.0,8957.21,0.0,CONS-005,1.0,Desistiu,2.0,,,0.6492790061733178,False
PR-003659,2024-11-05,Organico,Recife,PE,Apartamento,542652.5,312297.98,84.0,736.0,52.0,7031.24,1.0,CONS-029,3.0,Reprovada crédito,26.0,,,0.575502702005427,False
PR-003660,2025-05-18,Indicação,Curitiba,PR,Casa,573161.85,344259.41,60.0,558.0,34.0,4723.98,1.0,CONS-012,3.0,Desistiu,36.0,,,0.6006321076673194,False
PR-003661,2024-11-11,Mídia paga,Recife,PE,Casa,1135199.5,372279.86,60.0,713.0,49.0,4294.9,0.0,CONS-027,4.0,Problema garantia,21.0,,,0.32794223394213967,False
PR-003662,2024-05-20,Mídia paga,Florianópolis,SC,Apartamento,1012513.89,458345.95,120.0,731.0,32.0,5898.13,0.0,CONS-021,6.0,Contratada,15.0,2024-04-06,1.26,0.45268114790998076,True
PR-003663,2025-07-25,Correspondente,Campinas,SP,Apartamento,1380513.25,763883.82,180.0,746.0,53.0,9814.04,1.0,CONS-012,5.0,Documentação pendente,43.0,,,0.5533332041543244,False
PR-003664,2025-07-05,Parceria,Goiânia,GO,Sala comercial,780069.61,301092.71,60.0,737.0,35.0,11190.55,0.0,CONS-008,5.0,Desistiu,51.0,,,0.3859818484660619,False
PR-003666,2024-11-29,Indicação,Belo Horizonte,MG,Sala comercial,532863.1,282522.31,240.0,607.0,33.0,6287.93,1.0,CONS-019,5.0,Documentação pendente,38.0,,,0.5301967991403421,False
PR-003667,2025-09-17,Indicação,Campinas,SP,Apartamento,556381.37,361187.58,120.0,665.0,42.0,19078.21,1.0,CONS-024,5.0,Documentação pendente,34.0,,,0.649172670896583,False
PR-003669,2025-04-06,Correspondente,Salvador,BA,Apartamento,1454471.43,776941.97,180.0,920.0,47.0,13104.8,0.0,CONS-021,2.0,Reprovada crédito,37.0,,,0.534174789531617,False
PR-003670,2025-01-19,Correspondente,Porto Alegre,RS,Imóvel rural,1552192.83,418891.08,84.0,579.0,34.0,3989.94,0.0,CONS-003,5.0,Documentação pendente,39.0,,,0.2698705160234505,False
PR-003671,2024-07-09,Organico,Goiânia,GO,Apartamento,528696.9,256413.08,120.0,539.0,54.0,2327.48,0.0,CONS-001,2.0,Desistiu,42.0,,,0.48499070072096123,False
PR-003672,2025-10-05,Parceria,São Paulo,SP,Sala comercial,1021715.22,478749.54,180.0,744.0,37.0,9270.4,0.0,CONS-015,6.0,Contratada,57.0,2025-06-07,1.13,0.4685743450117147,True
PR-003673,2025-05-29,Organico,Porto Alegre,RS,Casa,770925.13,489265.0,60.0,688.0,47.0,8286.78,0.0,CONS-014,4.0,Sem retorno,35.0,,,0.6346465836442509,False
PR-003674,2024-07-31,Correspondente,Brasília,DF,Sala comercial,692563.27,319335.22,60.0,784.0,42.0,5438.91,1.0,CONS-012,5.0,Documentação pendente,39.0,,,0.46109176422249476,False
PR-003675,2025-11-09,Mídia paga,São Paulo,SP,Apartamento,560284.68,336462.15,240.0,561.0,24.0,3981.96,0.0,CONS-009,4.0,Problema garantia,14.0,,,0.6005199892311887,False
PR-003676,2025-04-26,Mídia paga,Curitiba,PR,Sala comercial,862433.0,198359.59,84.0,611.0,39.0,3948.33,1.0,CONS-012,3.0,Reprovada crédito,27.0,,,0.22999999999999998,False
PR-003677,2025-04-21,Organico,Santos,SP,Sala comercial,405348.79,140058.67,120.0,737.0,52.0,2879.38,1.0,CONS-027,5.0,Desistiu,45.0,,,0.34552630587598404,False
PR-003678,2025-08-01,Correspondente,Brasília,DF,Imóvel rural,317139.32,164478.76,60.0,730.0,29.0,7203.77,0.0,CONS-016,5.0,Desistiu,24.0,,,0.5186325051084805,False
PR-003679,2025-06-20,Correspondente,Rio de Janeiro,RJ,Apartamento,1000369.74,543971.51,180.0,569.0,43.0,6014.16,0.0,CONS-012,2.0,Reprovada crédito,18.0,,,0.5437704563114834,False
PR-003680,2025-02-02,Correspondente,Brasília,DF,Sala comercial,1659369.88,868529.12,120.0,611.0,29.0,5992.81,0.0,CONS-011,3.0,Sem retorno,28.0,,,0.5234089942623281,False
PR-003681,2025-09-01,Correspondente,Curitiba,PR,Casa,541922.63,370189.78,60.0,703.0,44.0,4719.83,0.0,CONS-012,2.0,Reprovada crédito,25.0,,,0.6831044867050488,False
PR-003682,2025-08-16,Organico,Recife,PE,Casa,328541.11,135031.09,60.0,693.0,39.0,3595.51,1.0,CONS-019,3.0,Desistiu,37.0,,,0.4110021117296402,False
PR-003683,2025-02-13,Correspondente,Rio de Janeiro,RJ,Casa,1143584.33,473653.87,240.0,701.0,44.0,4578.34,0.0,CONS-015,1.0,Desistiu,35.0,,,0.4141835958875022,False
PR-003684,2024-02-05,Correspondente,Brasília,DF,Apartamento,1926572.39,476183.27,60.0,580.0,44.0,4323.75,1.0,CONS-015,4.0,Problema garantia,37.0,,,0.24716604082548907,False
PR-003686,2024-01-27,Correspondente,Rio de Janeiro,RJ,Sala comercial,1244121.18,583407.36,180.0,548.0,49.0,5678.78,1.0,CONS-003,4.0,Problema garantia,45.0,,,0.46893129815537743,False
PR-003687,2024-10-30,Organico,São Paulo,SP,Apartamento,394258.57,243537.11,180.0,667.0,33.0,5427.24,0.0,CONS-023,3.0,Reprovada crédito,26.0,,,0.6177091090245672,False
PR-003688,2025-05-29,Indicação,Goiânia,GO,Apartamento,735677.17,327279.59,240.0,737.0,21.0,6060.61,0.0,CONS-015,1.0,Desistiu,22.0,,,0.4448684876275283,False
PR-003689,2025-06-22,Correspondente,Florianópolis,SC,Casa,513592.9,156743.72,120.0,611.0,44.0,7999.09,1.0,CONS-013,6.0,Contratada,44.0,2025-05-08,1.28,0.30519058966741947,True
PR-003690,2025-01-31,Organico,Campinas,SP,Casa,1469953.6,854564.09,60.0,733.0,22.0,7618.03,1.0,CONS-028,5.0,Documentação pendente,48.0,,,0.5813544658824604,False
PR-003692,2025-01-05,Parceria,Belo Horizonte,MG,Sala comercial,709809.54,389167.52,240.0,684.0,21.0,2543.54,0.0,CONS-028,4.0,Sem retorno,10.0,,,0.5482703430556879,False
PR-003693,2024-08-31,Mídia paga,Brasília,DF,Casa,590692.56,225806.25,240.0,537.0,39.0,3290.27,0.0,CONS-007,3.0,Sem retorno,39.0,,,0.38227373305666823,False
PR-003694,2025-05-31,Indicação,Belo Horizonte,MG,Apartamento,594509.79,322847.35,240.0,776.0,52.0,6228.45,0.0,CONS-005,6.0,Contratada,45.0,2025-07-15,1.44,0.5430479958959128,True
PR-003695,2024-07-31,Mídia paga,Goiânia,GO,Casa,757305.19,395769.92,60.0,742.0,31.0,7744.11,0.0,CONS-013,6.0,Contratada,55.0,2024-09-24,1.14,0.5226029416225182,True
PR-003696,2025-05-30,Correspondente,São Paulo,SP,Casa,708791.82,343845.6,60.0,659.0,45.0,3665.81,0.0,CONS-010,4.0,Sem retorno,44.0,,,0.48511507934727577,False
PR-003697,2024-11-28,Indicação,Porto Alegre,RS,Apartamento,625403.0,346177.36,180.0,609.0,38.0,4473.65,0.0,CONS-020,6.0,Contratada,32.0,2024-12-30,1.57,0.5535268618794601,True
PR-003698,2025-05-26,Indicação,Salvador,BA,Apartamento,329999.48,127997.97,180.0,672.0,24.0,4039.63,0.0,CONS-001,3.0,Reprovada crédito,48.0,,,0.38787324755784464,False
PR-003699,2025-06-25,Correspondente,Salvador,BA,Sala comercial,1036747.0,498493.44,60.0,588.0,34.0,3116.99,0.0,CONS-021,3.0,Reprovada crédito,32.0,,,0.48082457918855803,False
PR-003700,2025-05-16,Mídia paga,Florianópolis,SC,Apartamento,1117027.12,582394.88,84.0,688.0,48.0,7180.16,1.0,CONS-028,3.0,Desistiu,28.0,,,0.521379355588072,False
PR-003701,2025-09-10,Correspondente,Brasília,DF,Apartamento,615849.56,259115.69,240.0,696.0,42.0,5824.99,1.0,CONS-002,6.0,Contratada,42.0,2025-11-20,1.19,0.42074510859437814,True
PR-003702,2025-01-18,Correspondente,Recife,PE,Sala comercial,597499.8,258654.98,180.0,501.0,31.0,4583.89,0.0,CONS-003,5.0,Documentação pendente,38.0,,,0.4328955089189988,False
PR-003704,2024-10-20,Correspondente,Campinas,SP,Casa,779112.9,425219.96,180.0,591.0,49.0,8725.95,1.0,CONS-010,3.0,Sem retorno,31.0,,,0.5457745084184846,False
PR-003705,2024-10-31,Correspondente,Salvador,BA,Apartamento,767947.07,209608.7,180.0,713.0,28.0,8652.33,0.0,CONS-028,3.0,Desistiu,17.0,,,0.27294680608651845,False
PR-003706,2025-03-30,Parceria,Recife,PE,Casa,680832.57,431692.03,120.0,724.0,40.0,5578.71,0.0,CONS-019,1.0,Desistiu,26.0,,,0.6340648920482757,False
PR-003707,2024-07-22,Indicação,Porto Alegre,RS,Apartamento,520966.86,211635.01,180.0,590.0,46.0,13544.17,0.0,CONS-003,6.0,Contratada,19.0,2024-10-08,1.32,0.4062350722270511,True
PR-003708,2024-10-04,Correspondente,Brasília,DF,Imóvel rural,1408413.41,752743.08,240.0,607.0,43.0,1800.0,0.0,CONS-017,4.0,Problema garantia,29.0,,,0.5344617387589344,False
PR-003709,2025-08-23,Organico,Rio de Janeiro,RJ,Casa,1421909.33,722592.93,240.0,771.0,36.0,4976.3,0.0,CONS-028,5.0,Desistiu,48.0,,,0.5081849557875817,False
PR-003710,2025-03-25,Mídia paga,São Paulo,SP,Apartamento,640839.13,330468.66,180.0,582.0,45.0,8890.96,0.0,CONS-017,4.0,Problema garantia,31.0,,,0.5156811507437131,False
PR-003712,2025-06-20,Parceria,Goiânia,GO,Casa,318340.09,151636.15,60.0,653.0,51.0,2567.87,0.0,CONS-013,6.0,Contratada,56.0,2025-08-15,1.36,0.47633381645396905,True
PR-003713,2025-01-18,Parceria,Curitiba,PR,Apartamento,300664.43,93978.8,240.0,701.0,42.0,15257.22,0.0,CONS-015,5.0,Documentação pendente,54.0,,,0.31257039617223764,False
PR-003714,2025-06-16,Mídia paga,São Paulo,SP,Sala comercial,637822.9,233004.32,120.0,668.0,49.0,3685.69,0.0,CONS-008,5.0,Desistiu,45.0,,,0.3653119384706946,False
PR-003715,2024-05-12,Correspondente,Porto Alegre,RS,Casa,837023.76,353621.9,120.0,639.0,31.0,13928.08,0.0,CONS-007,5.0,Desistiu,47.0,,,0.4224753428743767,False
PR-003716,2024-02-25,Correspondente,São Paulo,SP,Casa,509654.21,227266.32,240.0,743.0,24.0,8609.3,0.0,CONS-012,6.0,Contratada,43.0,2024-08-04,1.35,0.4459225795466302,True
PR-003717,2024-05-19,Parceria,Rio de Janeiro,RJ,Apartamento,906184.98,435131.43,120.0,699.0,53.0,5814.65,0.0,CONS-001,4.0,Problema garantia,35.0,,,0.48017947726301974,False
PR-003718,2025-08-03,Correspondente,Goiânia,GO,Casa,302705.7,92483.61,60.0,522.0,35.0,1909.17,0.0,CONS-018,2.0,Desistiu,40.0,,,0.30552318638202053,False
PR-003720,2025-06-05,Organico,Florianópolis,SC,Apartamento,732285.08,410721.99,120.0,655.0,46.0,2452.1,0.0,CONS-025,3.0,Sem retorno,46.0,,,0.5608771791444939,False
PR-003721,2024-07-25,Mídia paga,São Paulo,SP,Apartamento,557920.22,295990.56,180.0,757.0,39.0,5678.08,1.0,CONS-007,6.0,Contratada,46.0,2024-09-09,1.28,0.5305248840058172,True
PR-003722,2025-03-27,Indicação,Rio de Janeiro,RJ,Apartamento,769509.44,338380.67,60.0,722.0,41.0,3958.2,0.0,CONS-002,4.0,Sem retorno,21.0,,,0.43973556711662953,False
PR-003723,2024-03-08,Parceria,Florianópolis,SC,Apartamento,540612.99,226608.97,120.0,697.0,49.0,4471.46,0.0,CONS-012,6.0,Contratada,43.0,2024-09-15,1.67,0.4191704124608623,True
PR-003724,2025-02-27,Organico,Belo Horizonte,MG,Apartamento,833286.93,396082.85,240.0,630.0,41.0,4827.58,0.0,CONS-004,2.0,Sem retorno,21.0,,,0.4753258880467499,False
PR-003725,2024-05-09,Parceria,Santos,SP,Apartamento,521298.02,281723.78,120.0,683.0,24.0,2411.98,0.0,CONS-026,6.0,Contratada,52.0,2024-10-27,1.16,0.5404274890589457,True
PR-003726,2024-07-22,Organico,Goiânia,GO,Casa,345210.19,184534.87,240.0,762.0,57.0,7748.88,0.0,CONS-027,4.0,Sem retorno,37.0,,,0.5345580036325115,False
PR-003727,2025-03-20,Organico,Florianópolis,SC,Casa,955678.41,446617.25,240.0,690.0,53.0,5591.61,0.0,CONS-026,5.0,Desistiu,33.0,,,0.46733006137493466,False
PR-003728,2025-12-06,Organico,Florianópolis,SC,Apartamento,346671.86,178628.99,84.0,619.0,38.0,6678.11,1.0,CONS-018,3.0,Sem retorno,33.0,,,0.5152682135781081,False
PR-003729,2025-10-14,Parceria,São Paulo,SP,Apartamento,635556.51,261344.01,60.0,614.0,53.0,3994.78,0.0,CONS-021,1.0,Sem retorno,19.0,,,0.41120499261348137,False
PR-003730,2024-08-08,Organico,Campinas,SP,Sala comercial,569106.17,229170.81,240.0,811.0,61.0,1800.0,0.0,CONS-010,5.0,Desistiu,48.0,,,0.4026855129685204,False
PR-003731,2024-11-13,Indicação,Florianópolis,SC,Apartamento,1127717.86,361256.95,60.0,917.0,53.0,4386.97,0.0,CONS-004,2.0,Sem retorno,27.0,,,0.32034337914981675,False
PR-003732,2025-07-25,Indicação,Curitiba,PR,Sala comercial,723597.74,309364.02,240.0,570.0,31.0,3088.57,0.0,CONS-009,6.0,Contratada,22.0,2025-08-16,1.31,0.4275359124255972,True
PR-003733,2024-06-26,Parceria,Belo Horizonte,MG,Imóvel rural,596364.66,363713.15,84.0,691.0,32.0,4174.73,0.0,CONS-008,3.0,Sem retorno,44.0,,,0.6098838083396826,False
PR-003736,2024-09-06,Organico,Brasília,DF,Apartamento,404657.42,144074.1,240.0,611.0,33.0,3927.57,0.0,CONS-024,2.0,Desistiu,28.0,,,0.35603968413578085,False
PR-003737,2025-11-02,Organico,São Paulo,SP,Casa,604698.43,309716.19,240.0,733.0,49.0,4805.16,1.0,CONS-011,5.0,Documentação pendente,48.0,,,0.512182890899849,False
PR-003738,2025-03-21,Indicação,Santos,SP,Apartamento,1019990.95,448653.89,120.0,614.0,39.0,3964.17,0.0,CONS-005,3.0,Desistiu,38.0,,,0.43986065758720705,False
PR-003739,2024-08-28,Mídia paga,Belo Horizonte,MG,Apartamento,244427.55,90804.75,84.0,804.0,40.0,3116.66,0.0,CONS-027,6.0,Contratada,44.0,2024-11-10,1.37,0.3714996529646515,True
PR-003740,2024-07-12,Correspondente,Santos,SP,Sala comercial,649782.6,224415.77,84.0,710.0,36.0,5168.72,0.0,CONS-019,4.0,Sem retorno,30.0,,,0.3453705439326938,False
PR-003741,2024-12-17,Correspondente,Recife,PE,Apartamento,561557.88,240137.79,240.0,686.0,32.0,3520.19,0.0,CONS-014,2.0,Desistiu,17.0,,,0.4276278520034302,False
PR-003743,2024-09-18,Organico,Brasília,DF,Apartamento,1097793.34,456744.16,240.0,675.0,54.0,3973.09,0.0,CONS-021,3.0,Reprovada crédito,34.0,,,0.4160565958616582,False
PR-003744,2025-03-06,Mídia paga,Porto Alegre,RS,Apartamento,1318849.12,598589.57,240.0,676.0,29.0,8342.43,0.0,CONS-029,5.0,Desistiu,31.0,,,0.453872668922128,False
PR-003745,2024-02-28,Correspondente,Belo Horizonte,MG,Sala comercial,364263.92,198360.18,60.0,617.0,48.0,4327.66,0.0,CONS-007,2.0,Sem retorno,2.0,,,0.5445507202579931,False
PR-003747,2024-06-28,Mídia paga,Recife,PE,Sala comercial,1041281.91,386781.52,60.0,634.0,50.0,3207.39,1.0,CONS-028,4.0,Sem retorno,50.0,,,0.37144745941087176,False
PR-003748,2025-07-15,Correspondente,Curitiba,PR,Casa,738986.33,279755.36,84.0,545.0,49.0,1800.0,0.0,CONS-009,4.0,Problema garantia,36.0,,,0.3785663531827443,False
PR-003749,2024-11-15,Organico,Curitiba,PR,Casa,661639.86,288478.37,84.0,682.0,41.0,7600.91,0.0,CONS-014,4.0,Problema garantia,39.0,,,0.4360051252051229,False
PR-003750,2024-12-21,Indicação,Campinas,SP,Apartamento,430752.81,266233.39,84.0,602.0,54.0,2402.05,0.0,CONS-026,5.0,Documentação pendente,26.0,,,0.6180653586450197,False
PR-003752,2025-11-04,Parceria,Belo Horizonte,MG,Apartamento,319353.11,167259.15,120.0,622.0,27.0,11407.85,1.0,CONS-011,6.0,Contratada,54.0,2025-04-06,1.47,0.5237436078201962,True
PR-003753,2025-07-13,Parceria,Rio de Janeiro,RJ,Casa,1042355.45,552722.59,120.0,642.0,39.0,2175.31,0.0,CONS-010,5.0,Documentação pendente,53.0,,,0.5302630594966429,False
PR-003755,2025-09-19,Mídia paga,Curitiba,PR,Casa,866713.3,300191.73,60.0,843.0,57.0,2454.84,1.0,CONS-006,5.0,Desistiu,49.0,,,0.3463564364363625,False
PR-003756,2025-03-06,Parceria,Campinas,SP,Apartamento,515506.08,271957.05,240.0,755.0,54.0,9325.24,0.0,CONS-018,5.0,Documentação pendente,23.0,,,0.5275535256538584,False
PR-003757,2025-01-17,Organico,Goiânia,GO,Apartamento,994082.77,542448.96,240.0,674.0,26.0,5328.48,0.0,CONS-029,5.0,Documentação pendente,30.0,,,0.5456778614118822,False
PR-003758,2024-08-08,Correspondente,Belo Horizonte,MG,Sala comercial,1046414.79,721355.17,60.0,575.0,30.0,5410.78,0.0,CONS-003,1.0,Sem retorno,20.0,,,0.6893587293428832,False
PR-003759,2024-05-04,Organico,Brasília,DF,Casa,509704.37,216936.14,240.0,681.0,41.0,5125.9,0.0,CONS-030,2.0,Sem retorno,30.0,,,0.4256116933037086,False
PR-003760,2024-02-11,Correspondente,Rio de Janeiro,RJ,Apartamento,500708.78,356116.07,180.0,650.0,40.0,2671.31,0.0,CONS-006,3.0,Sem retorno,32.0,,,0.7112239373953059,False
PR-003761,2024-10-23,Organico,São Paulo,SP,Casa,433228.28,253638.71,84.0,539.0,37.0,6039.19,0.0,CONS-025,5.0,Desistiu,28.0,,,0.5854620340112607,False
PR-003762,2024-08-20,Parceria,Campinas,SP,Apartamento,504085.47,273709.44,240.0,695.0,48.0,6595.9,0.0,CONS-020,2.0,Desistiu,44.0,,,0.5429822049820242,False
PR-003763,2025-03-24,Mídia paga,São Paulo,SP,Casa,408136.35,251375.41,120.0,723.0,43.0,4785.27,0.0,CONS-018,5.0,Documentação pendente,42.0,,,0.615910369169519,False
PR-003764,2025-02-04,Correspondente,Goiânia,GO,Apartamento,724288.25,378333.37,180.0,721.0,52.0,4648.47,1.0,CONS-012,3.0,Reprovada crédito,30.0,,,0.5223519365390782,False
PR-003765,2024-04-10,Correspondente,Brasília,DF,Sala comercial,676310.92,308184.45,120.0,709.0,45.0,4493.12,0.0,CONS-015,3.0,Reprovada crédito,36.0,,,0.455684568866639,False
PR-003766,2025-02-16,Mídia paga,Florianópolis,SC,Apartamento,786219.32,621113.26,84.0,594.0,29.0,13007.45,0.0,CONS-006,5.0,Desistiu,36.0,,,0.7899999964386528,False
PR-003767,2025-11-04,Correspondente,Goiânia,GO,Sala comercial,263445.05,148227.35,60.0,581.0,37.0,3673.34,0.0,CONS-013,6.0,Contratada,40.0,2025-05-21,1.33,0.5626499719770783,True
PR-003768,2025-02-14,Organico,Rio de Janeiro,RJ,Casa,531619.3,276518.98,120.0,551.0,55.0,14255.26,0.0,CONS-005,4.0,Problema garantia,33.0,,,0.5201447351516394,False
PR-003769,2024-06-11,Organico,Curitiba,PR,Casa,224530.12,153771.04,240.0,822.0,51.0,3790.82,0.0,CONS-028,3.0,Reprovada crédito,31.0,,,0.6848570695103179,False
PR-003771,2025-01-14,Indicação,Brasília,DF,Apartamento,1005060.78,381051.85,84.0,693.0,61.0,10022.53,0.0,CONS-019,3.0,Sem retorno,22.0,,,0.37913314058479125,False
PR-003772,2024-07-15,Mídia paga,Rio de Janeiro,RJ,Apartamento,849701.82,340589.37,240.0,756.0,41.0,3569.55,0.0,CONS-024,6.0,Contratada,21.0,2024-05-08,1.05,0.40083398903394135,True
PR-003773,2024-08-31,Mídia paga,Rio de Janeiro,RJ,Imóvel rural,812882.13,439914.99,240.0,658.0,25.0,5438.67,0.0,CONS-010,1.0,Sem retorno,17.0,,,0.5411793097235389,False
PR-003774,2025-04-17,Mídia paga,São Paulo,SP,Apartamento,670680.92,348983.09,84.0,718.0,44.0,1978.58,0.0,CONS-011,4.0,Problema garantia,34.0,,,0.5203414613315673,False
PR-003775,2025-05-30,Mídia paga,Salvador,BA,Casa,451765.87,261267.31,120.0,722.0,35.0,6915.41,0.0,CONS-024,3.0,Desistiu,35.0,,,0.5783245865828687,False
PR-003776,2025-11-06,Parceria,Belo Horizonte,MG,Apartamento,514126.2,217698.4,180.0,573.0,47.0,8845.41,0.0,CONS-021,4.0,Problema garantia,19.0,,,0.4234337794883824,False
PR-003777,2025-03-16,Correspondente,Campinas,SP,Casa,510245.73,243549.36,84.0,618.0,52.0,3019.54,0.0,CONS-017,6.0,Contratada,53.0,2025-08-05,1.35,0.4773177817676201,True
PR-003778,2025-05-29,Organico,Curitiba,PR,Casa,1073569.55,491400.88,60.0,646.0,51.0,8815.84,1.0,CONS-022,3.0,Reprovada crédito,20.0,,,0.4577261715368138,False
PR-003779,2024-10-19,Correspondente,São Paulo,SP,Casa,491190.4,213109.56,84.0,786.0,40.0,2418.02,0.0,CONS-005,3.0,Desistiu,9.0,,,0.4338634468426093,False
PR-003780,2025-03-25,Organico,Goiânia,GO,Casa,885824.91,431888.42,84.0,621.0,36.0,4668.57,0.0,CONS-019,5.0,Documentação pendente,34.0,,,0.4875550632234986,False
PR-003781,2024-02-27,Organico,Santos,SP,Sala comercial,558767.75,296370.88,240.0,579.0,28.0,9528.55,0.0,CONS-021,3.0,Sem retorno,29.0,,,0.5304008329041896,False
PR-003782,2024-04-20,Indicação,Brasília,DF,Sala comercial,786350.42,340990.38,240.0,668.0,33.0,2558.69,0.0,CONS-017,4.0,Sem retorno,19.0,,,0.43363667307509035,False
PR-003783,2025-07-02,Organico,Brasília,DF,Sala comercial,382322.21,170908.13,60.0,750.0,21.0,4519.24,0.0,CONS-009,6.0,Contratada,37.0,2025-03-16,1.07,0.4470264230791091,True
PR-003784,2024-12-14,Organico,Salvador,BA,Casa,688683.31,411863.37,84.0,783.0,33.0,4316.89,0.0,CONS-015,3.0,Desistiu,18.0,,,0.5980446513216647,False
PR-003785,2024-05-11,Parceria,Campinas,SP,Apartamento,1148604.62,404947.59,240.0,719.0,28.0,7444.4,1.0,CONS-012,4.0,Sem retorno,36.0,,,0.3525561215311845,False
PR-003786,2025-03-28,Organico,Goiânia,GO,Imóvel rural,743480.33,354164.3,180.0,770.0,24.0,9627.8,0.0,CONS-019,6.0,Contratada,59.0,2025-05-26,1.29,0.476360013451869,True
PR-003787,2025-10-17,Correspondente,Belo Horizonte,MG,Apartamento,491437.79,230523.8,180.0,650.0,37.0,5369.55,0.0,CONS-015,2.0,Sem retorno,25.0,,,0.4690803285599994,False
PR-003788,2024-07-07,Indicação,Salvador,BA,Apartamento,1082217.18,427761.65,60.0,613.0,41.0,4178.91,0.0,CONS-008,3.0,Sem retorno,45.0,,,0.3952641465181693,False
PR-003790,2025-06-25,Correspondente,Goiânia,GO,Casa,459255.38,203799.74,180.0,677.0,36.0,1951.78,1.0,CONS-024,4.0,Sem retorno,34.0,,,0.44376124673814377,False
PR-003791,2025-01-05,Mídia paga,Brasília,DF,Apartamento,1004188.39,621710.69,60.0,722.0,43.0,5629.04,0.0,CONS-016,6.0,Contratada,52.0,2025-06-22,1.47,0.6191175841019233,True
PR-003792,2024-12-14,Mídia paga,Porto Alegre,RS,Imóvel rural,844831.6,371785.48,240.0,671.0,37.0,6806.03,0.0,CONS-020,2.0,Sem retorno,29.0,,,0.44007051819557885,False
PR-003794,2024-10-19,Mídia paga,Salvador,BA,Apartamento,991790.48,437059.31,180.0,782.0,45.0,4114.12,0.0,CONS-014,2.0,Sem retorno,35.0,,,0.44067705711391786,False
PR-003795,2024-01-11,Mídia paga,Curitiba,PR,Apartamento,1257263.03,861721.89,84.0,738.0,45.0,9000.97,0.0,CONS-003,4.0,Problema garantia,34.0,,,0.6853950760009224,False
PR-003796,2025-04-13,Indicação,Curitiba,PR,Apartamento,479011.34,287907.03,84.0,550.0,35.0,4828.8,0.0,CONS-005,2.0,Reprovada crédito,24.0,,,0.6010442884295808,False
PR-003797,2025-09-14,Indicação,Brasília,DF,Imóvel rural,322311.89,147753.77,240.0,602.0,40.0,4114.02,0.0,CONS-028,5.0,Documentação pendente,33.0,,,0.4584186143427721,False
PR-003798,2025-07-25,Mídia paga,Curitiba,PR,Sala comercial,849299.47,276037.31,60.0,699.0,23.0,5026.98,0.0,CONS-008,3.0,Sem retorno,32.0,,,0.32501764071511785,False
PR-003799,2024-03-23,Indicação,Brasília,DF,Apartamento,527988.59,132355.06,180.0,565.0,51.0,2043.41,0.0,CONS-022,3.0,Reprovada crédito,43.0,,,0.25067787923220086,False
PR-003800,2025-05-10,Correspondente,Rio de Janeiro,RJ,Casa,461024.49,268007.56,60.0,655.0,22.0,4932.46,1.0,CONS-029,3.0,Desistiu,36.0,,,0.5813304191280598,False
PR-003801,2024-11-11,Correspondente,Campinas,SP,Casa,443541.06,153398.01,180.0,682.0,45.0,7817.96,0.0,CONS-004,3.0,Sem retorno,21.0,,,0.3458484993475012,False
PR-003802,2024-01-10,Indicação,Recife,PE,Casa,546520.69,273414.08,84.0,612.0,29.0,3650.55,0.0,CONS-003,2.0,Desistiu,14.0,,,0.5002812976760314,False
PR-003803,2025-04-14,Organico,Campinas,SP,Apartamento,1018300.55,488547.37,84.0,650.0,48.0,3343.99,0.0,CONS-011,6.0,Contratada,43.0,2025-05-27,1.47,0.4797673633781303,True
PR-003804,2024-07-31,Organico,Goiânia,GO,Apartamento,941792.28,585452.46,240.0,655.0,56.0,2993.08,1.0,CONS-002,2.0,Reprovada crédito,25.0,,,0.6216365035398251,False
PR-003805,2024-10-14,Organico,Curitiba,PR,Sala comercial,351856.33,120567.91,180.0,615.0,44.0,7584.36,0.0,CONS-009,4.0,Sem retorno,39.0,,,0.3426623303892245,False
PR-003806,2025-04-01,Parceria,Curitiba,PR,Apartamento,313727.42,148981.22,60.0,552.0,47.0,2987.82,0.0,CONS-026,3.0,Sem retorno,34.0,,,0.47487471767689293,False
PR-003807,2024-03-18,Parceria,Goiânia,GO,Casa,1379163.77,664451.96,180.0,652.0,26.0,4590.54,0.0,CONS-014,2.0,Desistiu,22.0,,,0.4817788680745289,False
PR-003808,2024-12-24,Mídia paga,Goiânia,GO,Imóvel rural,1052872.98,645654.71,180.0,672.0,62.0,2777.5,0.0,CONS-024,3.0,Reprovada crédito,40.0,,,0.6132313415432126,False
PR-003809,2024-08-23,Indicação,Recife,PE,Apartamento,716662.11,203530.05,180.0,655.0,38.0,3293.5,1.0,CONS-022,3.0,Desistiu,24.0,,,0.2839972242986308,False
PR-003810,2024-09-10,Mídia paga,Porto Alegre,RS,Imóvel rural,1653294.51,772219.62,60.0,673.0,48.0,7864.33,0.0,CONS-003,6.0,Contratada,35.0,2024-11-13,1.16,0.46707928643638935,True
PR-003811,2025-02-28,Indicação,Campinas,SP,Apartamento,874069.11,498757.0,180.0,780.0,36.0,3088.37,0.0,CONS-030,2.0,Sem retorno,47.0,,,0.5706150626922395,False
PR-003812,2024-06-20,Mídia paga,São Paulo,SP,Casa,672982.08,192754.61,120.0,668.0,28.0,4836.1,0.0,CONS-013,3.0,Desistiu,12.0,,,0.28641863688257496,False
PR-003813,2024-12-20,Organico,Brasília,DF,Casa,242890.27,64440.52,60.0,766.0,36.0,5651.82,0.0,CONS-017,3.0,Reprovada crédito,42.0,,,0.265307128194143,False
PR-003814,2024-07-30,Organico,Santos,SP,Apartamento,637717.59,378363.43,180.0,803.0,33.0,10606.54,0.0,CONS-011,4.0,Problema garantia,35.0,,,0.5933087559965219,False
PR-003816,2025-04-01,Indicação,Goiânia,GO,Sala comercial,681442.67,338420.45,240.0,706.0,41.0,7764.67,0.0,CONS-015,4.0,Sem retorno,34.0,,,0.49662350906203157,False
PR-003817,2025-05-25,Correspondente,Brasília,DF,Imóvel rural,903378.15,537187.93,84.0,788.0,37.0,6041.02,0.0,CONS-025,3.0,Desistiu,33.0,,,0.594643483462601,False
PR-003818,2025-08-01,Correspondente,Rio de Janeiro,RJ,Sala comercial,646724.51,193070.23,180.0,817.0,41.0,4485.24,1.0,CONS-011,1.0,Desistiu,8.0,,,0.2985355078006863,False
PR-003819,2025-04-30,Parceria,Santos,SP,Casa,747757.02,353836.98,60.0,783.0,38.0,7818.46,1.0,CONS-027,2.0,Desistiu,18.0,,,0.4731978042813961,False
PR-003820,2024-08-14,Correspondente,Brasília,DF,Apartamento,567229.89,223401.48,60.0,683.0,33.0,3929.45,0.0,CONS-025,1.0,Sem retorno,30.0,,,0.3938464526261125,False
PR-003821,2025-04-25,Organico,Recife,PE,Casa,472302.32,214313.4,120.0,556.0,27.0,2696.85,0.0,CONS-018,4.0,Sem retorno,25.0,,,0.45376317440066777,False
PR-003822,2025-04-14,Parceria,Recife,PE,Casa,292622.15,155006.32,84.0,784.0,35.0,4755.8,0.0,CONS-006,6.0,Contratada,35.0,2025-05-19,1.38,0.5297149241778177,True
PR-003823,2024-12-30,Organico,Goiânia,GO,Apartamento,656033.78,415826.77,180.0,713.0,43.0,2939.51,0.0,CONS-016,3.0,Desistiu,44.0,,,0.6338496319503547,False
PR-003824,2025-03-25,Organico,Porto Alegre,RS,Sala comercial,489219.13,270624.5,240.0,569.0,43.0,6305.52,0.0,CONS-014,2.0,Desistiu,50.0,,,0.553176446718263,False
PR-003825,2025-08-27,Correspondente,Campinas,SP,Casa,342769.05,206411.65,84.0,713.0,46.0,13675.61,0.0,CONS-012,6.0,Contratada,47.0,2025-10-13,1.5,0.6021887040268076,True
PR-003826,2025-05-05,Organico,Goiânia,GO,Apartamento,938854.67,525019.75,120.0,637.0,34.0,5528.05,0.0,CONS-014,6.0,Contratada,45.0,2025-06-19,1.59,0.5592130142996465,True
PR-003827,2025-11-01,Parceria,Salvador,BA,Casa,526225.83,318201.8,120.0,621.0,24.0,3079.57,0.0,CONS-026,2.0,Reprovada crédito,18.0,,,0.6046867748776225,False
PR-003828,2025-06-28,Organico,Florianópolis,SC,Casa,1145790.88,526870.82,180.0,661.0,46.0,5767.33,0.0,CONS-026,1.0,Desistiu,4.0,,,0.45983157066148056,False
PR-003829,2025-07-27,Correspondente,Curitiba,PR,Casa,295007.51,179343.38,84.0,544.0,44.0,4533.82,0.0,CONS-030,2.0,Desistiu,31.0,,,0.6079281846079105,False
PR-003831,2025-07-31,Parceria,Rio de Janeiro,RJ,Sala comercial,780626.89,419614.82,120.0,470.0,25.0,9720.39,0.0,CONS-013,3.0,Reprovada crédito,10.0,,,0.5375356977518415,False
PR-003832,2025-07-26,Correspondente,Campinas,SP,Apartamento,347245.6,213269.17,60.0,654.0,36.0,3670.43,0.0,CONS-027,3.0,Desistiu,9.0,,,0.6141738585024549,False
PR-003834,2025-06-24,Parceria,Porto Alegre,RS,Apartamento,460694.76,258095.88,84.0,594.0,49.0,2830.9,0.0,CONS-012,2.0,Desistiu,18.0,,,0.5602318550356422,False
PR-003835,2025-07-31,Correspondente,Curitiba,PR,Casa,242229.45,154143.39,84.0,587.0,59.0,5337.68,0.0,CONS-019,4.0,Problema garantia,44.0,,,0.6363528051605616,False
PR-003837,2024-11-05,Organico,Brasília,DF,Apartamento,1378774.5,758491.43,180.0,669.0,54.0,6653.39,0.0,CONS-007,4.0,Sem retorno,42.0,,,0.5501200014940805,False
PR-003838,2024-11-29,Organico,Florianópolis,SC,Apartamento,2072320.07,1308034.96,120.0,630.0,31.0,3874.29,0.0,CONS-030,5.0,Documentação pendente,36.0,,,0.6311935009151362,False
PR-003839,2025-06-13,Correspondente,Porto Alegre,RS,Apartamento,1302349.35,741194.98,60.0,530.0,43.0,4808.28,1.0,CONS-001,2.0,Reprovada crédito,16.0,,,0.5691214726678367,False
PR-003840,2024-12-30,Mídia paga,Florianópolis,SC,Sala comercial,1561584.03,686385.44,84.0,750.0,43.0,7909.87,0.0,CONS-015,4.0,Problema garantia,42.0,,,0.43954435164145467,False
PR-003841,2025-09-09,Organico,Santos,SP,Apartamento,1158907.15,737738.34,120.0,794.0,34.0,3516.84,0.0,CONS-011,1.0,Desistiu,29.0,,,0.6365810582840912,False
PR-003842,2025-04-04,Organico,Goiânia,GO,Apartamento,397849.12,244429.74,180.0,714.0,45.0,4606.19,0.0,CONS-022,2.0,Desistiu,24.0,,,0.6143779832917564,False
PR-003843,2024-04-14,Indicação,Santos,SP,Apartamento,2434422.04,701598.81,240.0,718.0,25.0,6983.97,0.0,CONS-018,5.0,Documentação pendente,25.0,,,0.2881993337523349,False
PR-003844,2025-09-29,Correspondente,Goiânia,GO,Apartamento,359592.7,225699.13,240.0,737.0,33.0,3071.65,1.0,CONS-008,2.0,Sem retorno,14.0,,,0.6276521464423499,False
PR-003846,2024-11-11,Correspondente,Porto Alegre,RS,Casa,271811.8,158151.54,60.0,647.0,44.0,3712.6,1.0,CONS-021,6.0,Contratada,23.0,2024-04-12,1.36,0.5818420686666289,True
PR-003847,2024-01-31,Organico,Recife,PE,Casa,1113729.94,564485.56,180.0,715.0,52.0,4315.38,0.0,CONS-024,2.0,Sem retorno,32.0,,,0.5068424038236775,False
PR-003848,2024-08-24,Organico,Rio de Janeiro,RJ,Casa,1208318.71,793575.1,240.0,636.0,40.0,6523.28,0.0,CONS-030,5.0,Desistiu,59.0,,,0.6567597550484011,False
PR-003849,2024-01-06,Organico,Curitiba,PR,Casa,634469.57,276165.4,120.0,681.0,46.0,3547.29,1.0,CONS-024,4.0,Problema garantia,30.0,,,0.43526973247905343,False
PR-003850,2025-09-15,Organico,São Paulo,SP,Imóvel rural,881413.83,216684.92,120.0,731.0,27.0,2913.23,0.0,CONS-016,4.0,Problema garantia,32.0,,,0.2458378943293867,False
PR-003851,2024-12-07,Parceria,Rio de Janeiro,RJ,Casa,604009.23,230494.58,180.0,552.0,57.0,7294.39,0.0,CONS-008,6.0,Contratada,35.0,2024-08-16,1.29,0.38160771152454076,True
PR-003852,2025-02-07,Indicação,Salvador,BA,Casa,228976.44,138501.0,180.0,742.0,46.0,5671.41,0.0,CONS-026,2.0,Reprovada crédito,28.0,,,0.604870090564776,False
PR-003853,2025-07-03,Indicação,Curitiba,PR,Apartamento,696594.95,363982.35,180.0,776.0,33.0,4863.17,0.0,CONS-021,3.0,Desistiu,20.0,,,0.5225164925470677,False
PR-003854,2025-02-16,Correspondente,Curitiba,PR,Apartamento,338840.78,180519.94,240.0,614.0,40.0,5171.13,1.0,CONS-006,4.0,Problema garantia,33.0,,,0.5327574207567342,False
PR-003855,2024-09-22,Mídia paga,Belo Horizonte,MG,Apartamento,309647.71,216686.56,60.0,744.0,62.0,4500.59,0.0,CONS-002,3.0,Desistiu,15.0,,,0.6997841514797574,False
PR-003856,2024-01-08,Organico,Curitiba,PR,Casa,937229.63,411529.72,120.0,672.0,26.0,3834.9,0.0,CONS-026,3.0,Desistiu,34.0,,,0.43909166636142305,False
PR-003857,2025-07-15,Mídia paga,Rio de Janeiro,RJ,Casa,736339.72,350278.2,84.0,682.0,25.0,2938.36,0.0,CONS-008,2.0,Sem retorno,12.0,,,0.47570189477215763,False
PR-003859,2025-02-27,Correspondente,Recife,PE,Apartamento,979599.77,538638.93,60.0,659.0,23.0,4110.52,1.0,CONS-003,6.0,Contratada,50.0,2025-04-18,1.34,0.5498561213422907,True
PR-003860,2025-08-14,Indicação,Rio de Janeiro,RJ,Apartamento,728130.31,292889.21,180.0,680.0,49.0,7246.62,0.0,CONS-006,4.0,Sem retorno,43.0,,,0.4022483420584428,False
PR-003861,2024-10-18,Parceria,Recife,PE,Casa,425702.11,186687.39,84.0,754.0,45.0,6989.0,1.0,CONS-011,6.0,Contratada,44.0,2024-01-12,1.37,0.43853996871192397,True
PR-003862,2024-10-29,Mídia paga,Porto Alegre,RS,Apartamento,657285.58,448823.71,240.0,743.0,29.0,7883.12,0.0,CONS-030,6.0,Contratada,68.0,2025-05-01,1.24,0.6828442972992045,True
PR-003863,2025-08-15,Indicação,Belo Horizonte,MG,Apartamento,2029659.91,841002.17,240.0,587.0,41.0,2906.86,0.0,CONS-011,4.0,Problema garantia,14.0,,,0.4143562011824927,False
PR-003864,2024-11-01,Indicação,Curitiba,PR,Apartamento,971032.01,741730.29,84.0,585.0,36.0,1800.0,0.0,CONS-006,4.0,Problema garantia,33.0,,,0.7638577125794237,False
PR-003865,2025-01-04,Correspondente,Recife,PE,Casa,499883.43,339363.53,240.0,693.0,39.0,2538.82,1.0,CONS-008,2.0,Reprovada crédito,8.0,,,0.6788853353270782,False
PR-003866,2024-10-27,Parceria,Brasília,DF,Apartamento,424972.02,188948.85,84.0,698.0,37.0,4202.04,0.0,CONS-027,1.0,Desistiu,14.0,,,0.44461480075794163,False
PR-003867,2025-05-08,Parceria,Florianópolis,SC,Apartamento,670624.41,453716.82,240.0,658.0,22.0,5580.44,1.0,CONS-006,5.0,Documentação pendente,52.0,,,0.6765587611104105,False
PR-003868,2025-07-23,Organico,Brasília,DF,Apartamento,422633.92,265815.95,84.0,764.0,44.0,16424.84,0.0,CONS-014,4.0,Problema garantia,40.0,,,0.6289508187132732,False
PR-003869,2024-11-09,Correspondente,Rio de Janeiro,RJ,Casa,352642.78,172476.8,84.0,726.0,45.0,5102.48,0.0,CONS-016,5.0,Documentação pendente,30.0,,,0.4890977776434271,False
PR-003870,2025-01-12,Indicação,São Paulo,SP,Casa,842616.57,336024.21,240.0,587.0,32.0,4612.87,1.0,CONS-024,6.0,Contratada,45.0,2026-01-15,1.21,0.39878661536409143,True
PR-003871,2024-12-15,Organico,Porto Alegre,RS,Casa,592010.59,382635.03,240.0,670.0,41.0,2278.28,1.0,CONS-026,6.0,Contratada,36.0,2025-01-20,1.4,0.6463313941732023,True
PR-003872,2025-03-15,Mídia paga,Curitiba,PR,Apartamento,1464809.31,1047968.44,180.0,716.0,42.0,2839.88,1.0,CONS-011,3.0,Desistiu,17.0,,,0.7154299422086551,False
PR-003873,2024-03-09,Mídia paga,São Paulo,SP,Apartamento,506391.41,254057.4,180.0,663.0,36.0,3333.55,1.0,CONS-019,3.0,Sem retorno,19.0,,,0.5017016382643615,False
PR-003874,2025-01-16,Parceria,Porto Alegre,RS,Casa,662169.13,358798.66,240.0,756.0,43.0,1845.42,0.0,CONS-006,5.0,Documentação pendente,38.0,,,0.5418534989693645,False
PR-003876,2025-03-25,Indicação,Brasília,DF,Casa,684947.25,308228.98,120.0,636.0,31.0,11310.25,0.0,CONS-022,2.0,Reprovada crédito,26.0,,,0.45000396745880794,False
PR-003877,2025-04-28,Correspondente,Curitiba,PR,Sala comercial,834123.42,354822.37,84.0,729.0,42.0,5281.3,0.0,CONS-001,5.0,Documentação pendente,16.0,,,0.4253835361678251,False
PR-003878,2024-07-15,Organico,Goiânia,GO,Apartamento,478160.15,340333.11,60.0,625.0,51.0,5097.2,0.0,CONS-016,3.0,Reprovada crédito,44.0,,,0.7117554861064854,False
PR-003879,2025-05-14,Mídia paga,Goiânia,GO,Apartamento,2215980.66,1123454.13,180.0,717.0,33.0,5496.89,0.0,CONS-018,5.0,Documentação pendente,33.0,,,0.5069783100002325,False
PR-003880,2025-03-17,Parceria,Rio de Janeiro,RJ,Apartamento,360722.7,82966.22,60.0,805.0,55.0,3002.84,0.0,CONS-029,6.0,Contratada,31.0,2025-04-17,0.94,0.22999999722778744,True
PR-003881,2025-05-23,Indicação,Belo Horizonte,MG,Apartamento,560905.47,262915.92,60.0,782.0,21.0,4885.15,0.0,CONS-004,6.0,Contratada,43.0,2025-05-07,1.01,0.4687348119461199,True
PR-003882,2025-06-30,Mídia paga,Campinas,SP,Casa,690567.88,221007.35,84.0,674.0,22.0,8269.82,0.0,CONS-007,6.0,Contratada,40.0,2025-09-08,1.18,0.32003711206492835,True
PR-003883,2025-07-05,Parceria,São Paulo,SP,Apartamento,768208.37,290908.87,120.0,688.0,45.0,10910.24,0.0,CONS-019,1.0,Sem retorno,20.0,,,0.3786848482267903,False
PR-003884,2025-02-24,Parceria,Salvador,BA,Apartamento,582454.0,335674.25,240.0,538.0,38.0,1800.0,0.0,CONS-014,3.0,Sem retorno,17.0,,,0.5763103180680362,False
PR-003885,2025-01-05,Correspondente,Porto Alegre,RS,Apartamento,949024.58,665923.09,120.0,732.0,38.0,2005.84,0.0,CONS-009,6.0,Contratada,36.0,2025-06-06,1.62,0.7016921416303042,True
PR-003886,2024-07-31,Organico,Brasília,DF,Apartamento,580712.33,290677.73,84.0,697.0,44.0,10972.69,0.0,CONS-028,4.0,Problema garantia,30.0,,,0.5005537423322836,False
PR-003887,2025-03-19,Correspondente,Recife,PE,Casa,460351.67,234871.97,84.0,663.0,25.0,4805.44,0.0,CONS-015,3.0,Desistiu,39.0,,,0.5102011903204349,False
PR-003888,2024-09-26,Mídia paga,Goiânia,GO,Apartamento,566001.21,347321.18,120.0,806.0,41.0,8226.66,0.0,CONS-014,6.0,Contratada,33.0,2024-10-29,1.46,0.6136403489314095,True
PR-003889,2025-05-21,Organico,Campinas,SP,Casa,1034640.66,547585.83,120.0,642.0,40.0,4482.39,0.0,CONS-024,2.0,Reprovada crédito,25.0,,,0.5292521850049852,False
PR-003890,2025-08-06,Organico,Rio de Janeiro,RJ,Apartamento,957705.97,482738.76,180.0,670.0,39.0,4595.98,0.0,CONS-002,4.0,Problema garantia,36.0,,,0.5040573778609734,False
PR-003892,2024-02-21,Parceria,Florianópolis,SC,Apartamento,844238.29,352001.76,120.0,611.0,56.0,3611.33,0.0,CONS-019,3.0,Desistiu,31.0,,,0.4169459786051637,False
PR-003893,2025-08-25,Correspondente,Santos,SP,Casa,719608.9,299245.6,240.0,571.0,46.0,2562.75,0.0,CONS-003,5.0,Documentação pendente,16.0,,,0.41584477345958337,False
PR-003894,2024-11-24,Correspondente,Santos,SP,Apartamento,466883.32,179181.48,120.0,729.0,21.0,3673.63,0.0,CONS-005,3.0,Reprovada crédito,36.0,,,0.3837821406856,False
PR-003895,2024-04-26,Mídia paga,Rio de Janeiro,RJ,Apartamento,304280.14,154195.46,180.0,713.0,27.0,6669.55,0.0,CONS-007,5.0,Desistiu,62.0,,,0.5067549265620819,False
PR-003896,2024-05-27,Correspondente,Brasília,DF,Casa,676263.16,303379.06,180.0,565.0,34.0,2485.39,0.0,CONS-010,3.0,Desistiu,31.0,,,0.4486109519850231,False
PR-003897,2025-04-15,Mídia paga,Rio de Janeiro,RJ,Casa,867580.57,370919.02,60.0,731.0,29.0,9751.46,0.0,CONS-027,1.0,Desistiu,17.0,,,0.4275326497918228,False
PR-003898,2025-09-20,Correspondente,Belo Horizonte,MG,Casa,832397.86,314004.23,60.0,709.0,32.0,4223.69,0.0,CONS-026,3.0,Sem retorno,32.0,,,0.37722854068846357,False
PR-003899,2025-03-13,Correspondente,Goiânia,GO,Apartamento,712800.36,240252.29,180.0,727.0,51.0,7391.03,1.0,CONS-002,3.0,Sem retorno,41.0,,,0.33705410867076446,False
PR-003900,2025-01-25,Indicação,Porto Alegre,RS,Apartamento,500594.73,251532.11,84.0,767.0,33.0,9651.47,0.0,CONS-012,4.0,Problema garantia,29.0,,,0.5024665561301455,False
PR-003901,2025-04-06,Parceria,São Paulo,SP,Apartamento,572362.38,300333.45,84.0,671.0,30.0,8109.81,0.0,CONS-019,6.0,Contratada,37.0,2025-11-07,1.36,0.5247260485568601,True
PR-003902,2025-01-29,Correspondente,São Paulo,SP,Casa,1385652.66,762372.3,180.0,688.0,38.0,5368.8,0.0,CONS-008,1.0,Desistiu,24.0,,,0.5501900454620425,False
PR-003903,2025-08-02,Correspondente,Florianópolis,SC,Apartamento,410972.63,161066.4,120.0,505.0,60.0,4183.67,0.0,CONS-010,3.0,Desistiu,15.0,,,0.39191515016462286,False
PR-003904,2024-05-08,Correspondente,Porto Alegre,RS,Apartamento,1589143.57,979737.45,84.0,631.0,31.0,8154.7,0.0,CONS-026,4.0,Sem retorno,33.0,,,0.6165191544021412,False
PR-003906,2024-08-08,Correspondente,Recife,PE,Apartamento,536714.88,210518.57,84.0,563.0,45.0,4992.78,0.0,CONS-025,2.0,Desistiu,25.0,,,0.39223538948649983,False
PR-003907,2025-02-25,Mídia paga,Goiânia,GO,Casa,889152.72,338102.71,60.0,670.0,32.0,7104.39,0.0,CONS-013,6.0,Contratada,63.0,2025-04-29,1.19,0.3802526859502831,True
PR-003908,2024-02-10,Mídia paga,Recife,PE,Apartamento,794919.83,275431.13,240.0,756.0,46.0,15861.83,0.0,CONS-006,3.0,Reprovada crédito,21.0,,,0.3464891925013369,False
PR-003909,2025-01-20,Parceria,Campinas,SP,Sala comercial,515743.61,214393.8,120.0,752.0,45.0,4148.04,0.0,CONS-007,6.0,Contratada,51.0,2025-12-03,1.32,0.41569841262793344,True
PR-003910,2025-03-31,Mídia paga,Curitiba,PR,Imóvel rural,219938.72,101556.37,240.0,727.0,28.0,6872.05,0.0,CONS-025,6.0,Contratada,30.0,2025-04-30,1.26,0.4617484815770502,True
PR-003911,2024-06-25,Organico,Campinas,SP,Apartamento,978789.14,656881.47,120.0,638.0,35.0,4435.74,0.0,CONS-023,3.0,Desistiu,27.0,,,0.6711164265676262,False
PR-003912,2025-10-10,Organico,Campinas,SP,Apartamento,810312.99,329746.09,180.0,753.0,52.0,10476.24,0.0,CONS-024,3.0,Reprovada crédito,30.0,,,0.4069366949183426,False
PR-003913,2025-09-30,Indicação,Curitiba,PR,Casa,672028.86,311832.11,60.0,555.0,50.0,4561.88,0.0,CONS-023,3.0,Desistiu,26.0,,,0.4640159501483314,False
PR-003914,2025-04-30,Mídia paga,Brasília,DF,Apartamento,1190495.32,645263.67,240.0,709.0,29.0,10603.09,0.0,CONS-025,3.0,Reprovada crédito,15.0,,,0.5420127733051483,False
PR-003915,2025-02-21,Organico,Brasília,DF,Apartamento,328510.77,156809.39,240.0,597.0,58.0,4973.16,0.0,CONS-026,6.0,Contratada,24.0,2025-03-17,1.17,0.47733409166463553,True
PR-003916,2025-04-21,Mídia paga,Recife,PE,Casa,1037460.58,415939.16,120.0,649.0,41.0,4332.14,0.0,CONS-011,3.0,Desistiu,6.0,,,0.4009204475026897,False
PR-003917,2024-05-11,Correspondente,Recife,PE,Apartamento,575828.69,291499.7,84.0,612.0,37.0,2805.07,0.0,CONS-013,2.0,Desistiu,7.0,,,0.5062264264741655,False
PR-003918,2025-04-14,Parceria,Brasília,DF,Casa,1174040.63,495301.74,84.0,629.0,46.0,5003.49,0.0,CONS-015,6.0,Contratada,30.0,2025-05-14,1.16,0.42187785272814626,True
PR-003919,2025-08-20,Parceria,Rio de Janeiro,RJ,Imóvel rural,448728.44,228969.81,180.0,737.0,47.0,5454.09,0.0,CONS-008,2.0,Reprovada crédito,20.0,,,0.5102636463157985,False
PR-003920,2025-03-25,Organico,Curitiba,PR,Casa,1460678.47,907300.35,60.0,719.0,41.0,6713.71,0.0,CONS-004,4.0,Problema garantia,45.0,,,0.6211499441078228,False
PR-003921,2024-06-23,Mídia paga,Brasília,DF,Apartamento,587382.61,287556.85,84.0,655.0,47.0,4990.94,1.0,CONS-016,3.0,Sem retorno,12.0,,,0.48955628768103976,False
PR-003922,2025-06-23,Organico,Florianópolis,SC,Apartamento,400693.1,278118.6,60.0,686.0,38.0,4028.74,0.0,CONS-029,3.0,Desistiu,23.0,,,0.6940938089525375,False
PR-003923,2025-11-07,Indicação,Recife,PE,Casa,350319.51,199713.45,84.0,608.0,32.0,2980.79,0.0,CONS-027,3.0,Sem retorno,29.0,,,0.5700894306457553,False
PR-003924,2024-05-07,Organico,Goiânia,GO,Apartamento,942949.39,628424.88,240.0,554.0,50.0,7846.99,0.0,CONS-014,2.0,Desistiu,33.0,,,0.6664460326974706,False
PR-003925,2025-02-16,Parceria,Recife,PE,Apartamento,412751.63,196715.51,60.0,732.0,28.0,2891.74,0.0,CONS-012,1.0,Desistiu,11.0,,,0.4765953559044697,False
PR-003926,2024-11-30,Correspondente,Rio de Janeiro,RJ,Sala comercial,1177740.24,418614.11,180.0,474.0,43.0,3262.25,1.0,CONS-005,4.0,Sem retorno,36.0,,,0.35543840295377865,False
PR-003927,2025-05-15,Parceria,Curitiba,PR,Apartamento,664297.95,216984.76,84.0,648.0,51.0,2163.58,1.0,CONS-023,3.0,Desistiu,17.0,,,0.3266377082753304,False
PR-003928,2024-08-15,Organico,Florianópolis,SC,Casa,1327310.26,542157.35,60.0,646.0,30.0,5076.54,0.0,CONS-027,4.0,Sem retorno,38.0,,,0.4084631651984668,False
PR-003929,2024-08-28,Mídia paga,Campinas,SP,Casa,832416.97,437442.05,120.0,626.0,37.0,4116.85,0.0,CONS-028,3.0,Desistiu,41.0,,,0.5255083278756318,False
PR-003930,2025-04-02,Correspondente,Florianópolis,SC,Casa,598553.01,404618.19,240.0,703.0,41.0,6569.02,1.0,CONS-002,6.0,Contratada,35.0,2025-11-03,1.37,0.6759939107147753,True
PR-003931,2025-08-13,Correspondente,Rio de Janeiro,RJ,Casa,482635.73,246823.78,240.0,656.0,44.0,3681.5,0.0,CONS-029,3.0,Desistiu,25.0,,,0.5114080136586655,False
PR-003932,2025-01-10,Parceria,Belo Horizonte,MG,Casa,479037.51,275587.79,120.0,649.0,32.0,6152.36,0.0,CONS-028,3.0,Sem retorno,28.0,,,0.5752948031146872,False
PR-003934,2025-06-25,Correspondente,Recife,PE,Casa,428689.71,163063.63,180.0,741.0,41.0,3849.87,0.0,CONS-005,4.0,Problema garantia,35.0,,,0.3803768231339166,False
PR-003935,2025-06-06,Organico,Brasília,DF,Apartamento,2886099.11,2280018.3,240.0,631.0,21.0,2098.54,0.0,CONS-010,6.0,Contratada,44.0,2025-07-20,1.19,0.7900000010741142,True
PR-003936,2025-11-24,Correspondente,Brasília,DF,Apartamento,1289036.92,804669.77,84.0,687.0,62.0,13097.84,0.0,CONS-013,4.0,Problema garantia,33.0,,,0.6242410574244841,False
PR-003937,2025-06-30,Mídia paga,São Paulo,SP,Casa,716367.62,321113.5,240.0,654.0,32.0,4078.23,1.0,CONS-005,4.0,Sem retorno,48.0,,,0.4482523930939257,False
PR-003938,2025-04-30,Correspondente,Recife,PE,Apartamento,664899.13,378183.34,180.0,607.0,51.0,4593.43,0.0,CONS-014,4.0,Problema garantia,40.0,,,0.5687830272841536,False
PR-003939,2025-06-04,Correspondente,Salvador,BA,Apartamento,365430.71,167792.86,60.0,807.0,29.0,6911.89,0.0,CONS-021,3.0,Reprovada crédito,46.0,,,0.45916463889966985,False
PR-003940,2025-11-20,Mídia paga,São Paulo,SP,Sala comercial,294815.61,161957.74,120.0,770.0,33.0,2602.74,1.0,CONS-010,6.0,Contratada,57.0,2026-01-16,1.43,0.5493526614822057,True
PR-003941,2025-01-01,Mídia paga,Brasília,DF,Casa,1282238.65,441976.01,60.0,709.0,41.0,9286.37,0.0,CONS-009,4.0,Problema garantia,12.0,,,0.34469091225724635,False
PR-003942,2024-12-22,Parceria,Recife,PE,Casa,848258.03,380998.61,240.0,716.0,34.0,4261.11,0.0,CONS-002,6.0,Contratada,23.0,2025-01-14,1.41,0.44915414475946663,True
PR-003943,2025-06-28,Mídia paga,Belo Horizonte,MG,Apartamento,1996549.02,649730.76,84.0,703.0,31.0,4041.39,0.0,CONS-012,4.0,Problema garantia,36.0,,,0.3254269008631704,False
PR-003944,2025-03-04,Indicação,Belo Horizonte,MG,Imóvel rural,970167.41,483055.64,60.0,657.0,40.0,2997.12,0.0,CONS-016,6.0,Contratada,59.0,2025-01-06,1.47,0.49790957212219694,True
PR-003945,2025-03-26,Correspondente,Salvador,BA,Casa,1255949.81,559692.66,240.0,769.0,34.0,3270.29,0.0,CONS-025,6.0,Contratada,46.0,2025-11-05,1.21,0.4456329827383787,True
PR-003946,2025-01-09,Organico,Porto Alegre,RS,Sala comercial,585920.38,257429.77,60.0,619.0,39.0,4993.98,1.0,CONS-017,4.0,Sem retorno,30.0,,,0.43935964473534783,False
PR-003947,2025-03-31,Correspondente,Porto Alegre,RS,Apartamento,812192.79,564414.01,180.0,660.0,54.0,7873.18,0.0,CONS-025,2.0,Reprovada crédito,15.0,,,0.6949261517083893,False
PR-003948,2025-02-05,Mídia paga,São Paulo,SP,Sala comercial,370577.31,155757.31,60.0,673.0,40.0,5764.72,0.0,CONS-007,6.0,Contratada,49.0,2025-06-20,1.34,0.4203098943105826,True
PR-003949,2025-04-04,Indicação,Campinas,SP,Sala comercial,715823.62,373921.07,240.0,500.0,43.0,6408.99,1.0,CONS-022,3.0,Desistiu,33.0,,,0.5223648110410215,False
PR-003950,2025-01-13,Organico,Florianópolis,SC,Imóvel rural,583405.58,357993.35,240.0,663.0,39.0,9845.34,1.0,CONS-006,6.0,Contratada,72.0,2025-03-26,1.37,0.6136268871477026,True
PR-003951,2025-08-22,Indicação,São Paulo,SP,Apartamento,965915.96,476590.06,120.0,690.0,24.0,7031.93,0.0,CONS-026,2.0,Desistiu,30.0,,,0.493407376765987,False
PR-003952,2024-07-08,Parceria,Rio de Janeiro,RJ,Sala comercial,660763.66,306573.17,60.0,731.0,51.0,7890.64,0.0,CONS-016,1.0,Desistiu,23.0,,,0.46396796397671136,False
PR-003953,2025-11-01,Mídia paga,Curitiba,PR,Imóvel rural,1013041.13,426791.18,180.0,691.0,51.0,4660.95,0.0,CONS-029,5.0,Documentação pendente,39.0,,,0.42129699116954905,False
PR-003954,2025-06-07,Organico,Recife,PE,Casa,994293.55,491161.87,180.0,642.0,49.0,4823.57,0.0,CONS-016,3.0,Reprovada crédito,28.0,,,0.49398074643046813,False
PR-003955,2024-12-05,Parceria,Belo Horizonte,MG,Sala comercial,919624.79,347273.42,60.0,698.0,51.0,4210.47,0.0,CONS-012,3.0,Reprovada crédito,31.0,,,0.37762511817455463,False
PR-003956,2024-02-11,Organico,Goiânia,GO,Apartamento,251236.75,106855.04,240.0,597.0,29.0,3913.28,0.0,CONS-023,3.0,Reprovada crédito,37.0,,,0.42531612114867745,False
PR-003957,2024-06-14,Correspondente,Salvador,BA,Casa,608311.72,364196.03,60.0,669.0,44.0,6169.93,0.0,CONS-029,1.0,Desistiu,20.0,,,0.5986996765408368,False
PR-003958,2024-08-18,Indicação,Salvador,BA,Casa,923110.92,372918.42,180.0,647.0,49.0,5710.38,1.0,CONS-029,4.0,Sem retorno,25.0,,,0.40398007641378564,False
PR-003959,2024-02-10,Mídia paga,Goiânia,GO,Casa,693359.92,428698.68,180.0,677.0,76.0,3864.37,0.0,CONS-011,6.0,Contratada,33.0,2024-04-11,1.38,0.6182916947377056,True
PR-003960,2025-01-04,Indicação,Goiânia,GO,Casa,1249751.91,583625.6,84.0,744.0,39.0,2327.09,0.0,CONS-002,3.0,Reprovada crédito,32.0,,,0.4669931650674573,False
PR-003961,2025-03-03,Correspondente,São Paulo,SP,Casa,494525.12,277868.81,60.0,803.0,29.0,8881.06,1.0,CONS-016,2.0,Reprovada crédito,13.0,,,0.5618901826463335,False
PR-003962,2024-12-13,Organico,Brasília,DF,Apartamento,403977.92,191742.32,180.0,611.0,45.0,6027.35,1.0,CONS-015,2.0,Sem retorno,20.0,,,0.47463564345298875,False
PR-003963,2025-03-02,Parceria,Goiânia,GO,Apartamento,649016.38,379649.93,120.0,688.0,27.0,5459.94,0.0,CONS-024,6.0,Contratada,30.0,2025-05-03,1.57,0.584962015904745,True
PR-003964,2025-04-15,Parceria,Salvador,BA,Sala comercial,767056.09,339127.5,60.0,495.0,32.0,4642.49,0.0,CONS-016,3.0,Sem retorno,38.0,,,0.4421156476314529,False
PR-003965,2025-11-18,Correspondente,Florianópolis,SC,Casa,744999.3,404041.26,240.0,653.0,52.0,2162.99,0.0,CONS-022,3.0,Sem retorno,44.0,,,0.5423377713240805,False
PR-003966,2025-04-05,Organico,Porto Alegre,RS,Apartamento,928776.18,608128.8,240.0,654.0,53.0,5465.16,0.0,CONS-003,5.0,Documentação pendente,34.0,,,0.6547635620887693,False
PR-003967,2024-12-31,Organico,Curitiba,PR,Apartamento,791501.59,333145.94,180.0,642.0,42.0,3125.13,0.0,CONS-017,6.0,Contratada,47.0,2025-02-16,1.25,0.42090369016188584,True
PR-003968,2024-03-30,Organico,Florianópolis,SC,Sala comercial,931176.54,534844.88,120.0,649.0,33.0,1800.0,0.0,CONS-024,4.0,Sem retorno,27.0,,,0.5743753810636165,False
PR-003969,2025-03-06,Organico,Campinas,SP,Casa,876371.66,424361.53,84.0,592.0,34.0,5950.56,0.0,CONS-004,1.0,Desistiu,6.0,,,0.4842255282422072,False
PR-003970,2024-11-25,Correspondente,Recife,PE,Sala comercial,503150.21,150678.74,60.0,686.0,48.0,4555.79,0.0,CONS-029,3.0,Reprovada crédito,24.0,,,0.29947068888235184,False
PR-003971,2024-03-06,Indicação,Belo Horizonte,MG,Apartamento,919256.9,484271.05,180.0,860.0,44.0,7107.33,0.0,CONS-015,5.0,Desistiu,46.0,,,0.526807087333258,False
PR-003972,2024-07-23,Organico,Goiânia,GO,Apartamento,439408.53,167537.94,84.0,750.0,41.0,5604.03,0.0,CONS-025,6.0,Contratada,19.0,2024-11-08,1.49,0.38128058187673325,True
PR-003973,2024-07-28,Parceria,Florianópolis,SC,Casa,279350.4,130400.35,240.0,685.0,53.0,7510.58,0.0,CONS-010,3.0,Sem retorno,24.0,,,0.46679850825343366,False
PR-003974,2024-12-14,Correspondente,Belo Horizonte,MG,Casa,876627.41,423958.49,240.0,716.0,52.0,2377.01,0.0,CONS-017,6.0,Contratada,33.0,2025-01-16,1.16,0.4836244967517043,True
PR-003975,2025-11-01,Mídia paga,Recife,PE,Apartamento,893012.25,353544.98,180.0,637.0,42.0,7054.87,0.0,CONS-003,3.0,Desistiu,46.0,,,0.3959016015737746,False
PR-003976,2025-07-02,Indicação,Porto Alegre,RS,Casa,898747.9,365183.35,60.0,771.0,37.0,6908.37,0.0,CONS-011,5.0,Desistiu,23.0,,,0.40632456554279567,False
PR-003977,2024-10-14,Organico,Campinas,SP,Casa,1648525.7,988228.89,60.0,719.0,29.0,5940.3,0.0,CONS-026,6.0,Contratada,42.0,2024-11-25,1.65,0.5994622285840009,True
PR-003978,2025-11-08,Correspondente,Campinas,SP,Apartamento,817656.92,377247.92,84.0,602.0,53.0,9186.27,0.0,CONS-001,3.0,Sem retorno,21.0,,,0.46137678379827074,False
PR-003979,2024-10-10,Indicação,Brasília,DF,Casa,529724.75,269228.69,120.0,732.0,49.0,9289.1,0.0,CONS-028,6.0,Contratada,23.0,2024-02-11,1.28,0.5082426109031153,True
PR-003980,2024-11-12,Organico,São Paulo,SP,Apartamento,444572.23,290104.16,180.0,697.0,42.0,3931.63,0.0,CONS-016,1.0,Desistiu,31.0,,,0.6525467413922817,False
PR-003981,2024-12-25,Parceria,Rio de Janeiro,RJ,Apartamento,1045831.27,474302.17,60.0,731.0,45.0,5227.53,0.0,CONS-016,3.0,Desistiu,28.0,,,0.4535169138708197,False
PR-003982,2024-05-10,Correspondente,Brasília,DF,Apartamento,313156.66,97047.21,84.0,615.0,41.0,15049.91,0.0,CONS-011,3.0,Desistiu,13.0,,,0.30989987567245103,False
PR-003983,2025-11-15,Correspondente,Recife,PE,Casa,827039.89,365492.82,120.0,703.0,47.0,6312.06,0.0,CONS-023,3.0,Sem retorno,39.0,,,0.44192888930665725,False
PR-003984,2025-05-01,Organico,Belo Horizonte,MG,Apartamento,718796.57,329016.04,60.0,743.0,47.0,2627.85,1.0,CONS-015,4.0,Sem retorno,27.0,,,0.45773178912080786,False
PR-003985,2024-07-03,Correspondente,Florianópolis,SC,Casa,576824.44,206624.71,84.0,510.0,51.0,3438.72,0.0,CONS-007,3.0,Reprovada crédito,40.0,,,0.35821074086250576,False
PR-003986,2025-02-02,Indicação,Porto Alegre,RS,Casa,739479.78,429760.02,120.0,607.0,36.0,5385.62,0.0,CONS-016,4.0,Problema garantia,40.0,,,0.5811653430199268,False
PR-003987,2024-07-09,Correspondente,Brasília,DF,Apartamento,683529.29,500721.23,84.0,712.0,41.0,9294.26,0.0,CONS-023,4.0,Sem retorno,28.0,,,0.7325527045080978,False
PR-003988,2025-10-28,Organico,Florianópolis,SC,Apartamento,382000.05,223593.48,60.0,795.0,52.0,4208.05,0.0,CONS-019,6.0,Contratada,30.0,2025-11-27,1.04,0.5853231694603181,True
PR-003990,2024-12-21,Parceria,Porto Alegre,RS,Imóvel rural,797209.06,379921.1,60.0,642.0,37.0,4252.91,0.0,CONS-005,2.0,Reprovada crédito,23.0,,,0.4765639517443517,False
PR-003991,2025-07-02,Correspondente,São Paulo,SP,Apartamento,681100.14,389735.01,240.0,740.0,42.0,5454.22,0.0,CONS-005,3.0,Desistiu,28.0,,,0.5722139625459481,False
PR-003992,2025-11-08,Mídia paga,Curitiba,PR,Apartamento,1113789.25,538710.5,180.0,627.0,44.0,6453.98,0.0,CONS-027,4.0,Problema garantia,20.0,,,0.4836736393352692,False
PR-003993,2025-06-05,Organico,Rio de Janeiro,RJ,Apartamento,979115.25,556158.58,120.0,816.0,36.0,2458.56,0.0,CONS-003,6.0,Contratada,21.0,2025-05-27,1.25,0.568021568451722,True
PR-003997,2025-05-01,Correspondente,Campinas,SP,Casa,709641.8,282081.41,60.0,640.0,21.0,18201.22,0.0,CONS-017,4.0,Sem retorno,38.0,,,0.3974983012556475,False
PR-003998,2024-11-07,Indicação,Santos,SP,Apartamento,501535.85,341150.49,120.0,652.0,35.0,8014.64,0.0,CONS-018,1.0,Sem retorno,24.0,,,0.6802115741078131,False
PR-003999,2025-12-03,Organico,Porto Alegre,RS,Casa,558953.77,402598.25,84.0,582.0,39.0,18837.86,0.0,CONS-022,2.0,Sem retorno,16.0,,,0.7202711057839363,False
PR-004000,2024-01-12,Correspondente,Rio de Janeiro,RJ,Sala comercial,1365490.94,792831.89,240.0,524.0,55.0,5828.08,0.0,CONS-029,3.0,Sem retorno,40.0,,,0.5806203957676936,False
PR-004001,2025-05-01,Indicação,Goiânia,GO,Casa,731371.59,318776.98,84.0,731.0,29.0,3577.47,0.0,CONS-022,3.0,Desistiu,38.0,,,0.43586185785532083,False
PR-004002,2024-06-26,Organico,Belo Horizonte,MG,Apartamento,249701.8,114968.81,60.0,776.0,50.0,4978.31,0.0,CONS-005,3.0,Desistiu,15.0,,,0.46042443426519153,False
PR-004003,2025-05-04,Organico,Goiânia,GO,Apartamento,548144.55,315485.89,240.0,762.0,66.0,4367.28,0.0,CONS-020,6.0,Contratada,43.0,2025-05-18,1.52,0.5755523611426949,True
PR-004004,2024-08-04,Mídia paga,Belo Horizonte,MG,Apartamento,266557.19,139544.71,60.0,618.0,49.0,4034.42,0.0,CONS-026,2.0,Desistiu,20.0,,,0.5235075819939428,False
PR-004005,2024-07-17,Correspondente,Campinas,SP,Apartamento,215859.26,133978.03,84.0,764.0,36.0,12059.15,0.0,CONS-001,3.0,Desistiu,28.0,,,0.6206730718895265,False
PR-004006,2025-12-04,Indicação,São Paulo,SP,Casa,492519.61,197008.19,240.0,583.0,43.0,9009.63,0.0,CONS-028,3.0,Sem retorno,34.0,,,0.40000070251009906,False
PR-004007,2025-09-03,Correspondente,Florianópolis,SC,Apartamento,492629.29,215712.32,120.0,653.0,27.0,7881.44,0.0,CONS-019,3.0,Sem retorno,35.0,,,0.43787960719915786,False
PR-004008,2025-12-04,Organico,Salvador,BA,Apartamento,904046.13,439440.49,240.0,620.0,47.0,3290.72,0.0,CONS-004,3.0,Desistiu,29.0,,,0.4860819325668702,False
PR-004009,2025-04-13,Organico,Salvador,BA,Apartamento,406588.05,264655.7,120.0,541.0,32.0,3291.54,1.0,CONS-021,4.0,Problema garantia,71.0,,,0.6509185402768233,False
PR-004010,2024-08-19,Parceria,Porto Alegre,RS,Casa,836641.08,449402.41,120.0,783.0,34.0,5944.91,0.0,CONS-023,6.0,Contratada,33.0,2024-09-21,1.24,0.5371507815513912,True
PR-004011,2024-10-25,Parceria,Belo Horizonte,MG,Casa,454761.93,150688.73,180.0,709.0,43.0,4768.76,0.0,CONS-017,2.0,Sem retorno,30.0,,,0.33135739836445854,False
PR-004012,2025-08-01,Organico,Salvador,BA,Sala comercial,569880.59,340070.72,60.0,737.0,51.0,8251.68,0.0,CONS-015,4.0,Sem retorno,37.0,,,0.5967403101060171,False
PR-004013,2024-11-09,Mídia paga,Goiânia,GO,Sala comercial,453701.94,230268.1,120.0,646.0,33.0,5469.15,0.0,CONS-011,6.0,Contratada,32.0,2024-10-13,1.42,0.5075316627475739,True
PR-004014,2025-02-09,Correspondente,Porto Alegre,RS,Sala comercial,587238.46,253156.66,240.0,714.0,21.0,9606.42,0.0,CONS-015,3.0,Reprovada crédito,36.0,,,0.431096866509731,False
PR-004015,2025-07-27,Organico,Salvador,BA,Casa,1834032.2,633835.62,60.0,572.0,39.0,6074.58,0.0,CONS-009,3.0,Reprovada crédito,35.0,,,0.3455967785080327,False
PR-004016,2025-02-17,Mídia paga,Recife,PE,Apartamento,430266.84,252832.8,120.0,535.0,25.0,2313.42,0.0,CONS-013,2.0,Reprovada crédito,27.0,,,0.5876186043061091,False
PR-004017,2024-10-03,Correspondente,Santos,SP,Apartamento,679174.23,243804.55,84.0,606.0,56.0,12827.84,0.0,CONS-008,4.0,Problema garantia,48.0,,,0.35897202695691205,False
PR-004018,2025-01-25,Organico,Rio de Janeiro,RJ,Apartamento,328403.23,181467.1,180.0,744.0,37.0,8575.56,0.0,CONS-005,5.0,Desistiu,45.0,,,0.5525740413698124,False
PR-004019,2024-09-30,Mídia paga,São Paulo,SP,Apartamento,400933.52,254733.08,60.0,729.0,50.0,3856.71,0.0,CONS-027,6.0,Contratada,26.0,2024-10-26,1.28,0.6353499203558735,True
PR-004020,2024-03-25,Organico,Curitiba,PR,Sala comercial,458834.41,204862.1,240.0,691.0,21.0,10167.95,0.0,CONS-018,3.0,Desistiu,34.0,,,0.44648373255179363,False
PR-004021,2025-05-19,Organico,Belo Horizonte,MG,Casa,860759.77,327460.46,60.0,580.0,48.0,7245.17,0.0,CONS-005,6.0,Contratada,49.0,2025-07-07,1.16,0.38043188287017643,True
PR-004022,2024-08-03,Mídia paga,São Paulo,SP,Casa,721071.45,421555.27,180.0,673.0,37.0,8309.0,0.0,CONS-012,3.0,Desistiu,30.0,,,0.5846234378021763,False
PR-004024,2025-03-14,Mídia paga,Rio de Janeiro,RJ,Apartamento,434642.85,238048.75,84.0,649.0,42.0,3542.21,0.0,CONS-022,6.0,Contratada,43.0,2025-04-26,1.58,0.5476881766259356,True
PR-004025,2025-07-21,Correspondente,Rio de Janeiro,RJ,Sala comercial,650289.65,325666.09,180.0,796.0,32.0,3806.91,0.0,CONS-030,3.0,Desistiu,24.0,,,0.5008015889534764,False
PR-004026,2025-08-15,Mídia paga,Goiânia,GO,Sala comercial,307249.61,112428.98,180.0,676.0,43.0,5807.13,0.0,CONS-021,2.0,Desistiu,19.0,,,0.36592065975283095,False
PR-004027,2024-07-13,Mídia paga,Brasília,DF,Casa,661548.53,203543.28,240.0,642.0,35.0,4644.52,0.0,CONS-002,5.0,Documentação pendente,60.0,,,0.30767701955289656,False
PR-004028,2024-06-09,Correspondente,Goiânia,GO,Casa,886894.22,436210.3,60.0,662.0,56.0,5277.51,0.0,CONS-002,6.0,Contratada,51.0,2024-10-27,1.65,0.4918402783141376,True
PR-004029,2025-01-29,Indicação,Porto Alegre,RS,Sala comercial,785085.49,475160.7,84.0,566.0,50.0,2192.22,0.0,CONS-028,3.0,Reprovada crédito,31.0,,,0.6052343420587228,False
PR-004030,2025-07-23,Correspondente,Campinas,SP,Apartamento,700920.31,387812.43,180.0,690.0,30.0,4340.86,1.0,CONS-022,2.0,Sem retorno,25.0,,,0.5532903305370049,False
PR-004031,2025-02-28,Mídia paga,Porto Alegre,RS,Casa,1478202.88,799578.15,240.0,679.0,43.0,5565.27,1.0,CONS-029,5.0,Desistiu,32.0,,,0.5409123205063706,False
PR-004032,2025-02-20,Correspondente,Porto Alegre,RS,Apartamento,840360.0,390021.72,180.0,700.0,46.0,6480.0,0.0,CONS-024,5.0,Documentação pendente,33.0,,,0.46411266600028556,False
PR-004033,2024-07-09,Parceria,Salvador,BA,Apartamento,446635.03,222520.83,120.0,671.0,22.0,2915.52,0.0,CONS-009,3.0,Desistiu,29.0,,,0.49821625052562485,False
PR-004035,2025-10-27,Indicação,Campinas,SP,Casa,841838.83,287147.55,240.0,638.0,21.0,5031.61,1.0,CONS-019,4.0,Problema garantia,37.0,,,0.3410956346596652,False
PR-004036,2024-11-23,Correspondente,Santos,SP,Apartamento,1230563.72,595050.25,240.0,667.0,44.0,7291.97,0.0,CONS-024,3.0,Reprovada crédito,2.0,,,0.48355907160987976,False
PR-004037,2025-11-02,Correspondente,Campinas,SP,Sala comercial,902311.58,481602.35,84.0,471.0,37.0,3830.29,0.0,CONS-004,5.0,Desistiu,48.0,,,0.533742845237562,False
PR-004039,2025-07-19,Parceria,Belo Horizonte,MG,Apartamento,572210.55,230558.63,120.0,718.0,36.0,2694.34,0.0,CONS-025,6.0,Contratada,62.0,2025-09-19,1.27,0.40292621308712323,True
PR-004040,2025-09-04,Organico,Brasília,DF,Casa,399413.64,227814.55,60.0,660.0,50.0,4425.13,1.0,CONS-003,5.0,Documentação pendente,38.0,,,0.5703724840243313,False
PR-004041,2025-01-25,Mídia paga,Salvador,BA,Casa,1111309.9,529243.64,120.0,685.0,47.0,4763.79,0.0,CONS-030,6.0,Contratada,45.0,2025-11-03,1.28,0.4762340729620064,True
PR-004042,2025-03-19,Parceria,São Paulo,SP,Apartamento,666048.3,419357.97,60.0,704.0,21.0,3940.57,0.0,CONS-021,4.0,Sem retorno,24.0,,,0.629620959921375,False
PR-004043,2025-09-15,Correspondente,Recife,PE,Apartamento,1035648.78,377214.17,180.0,608.0,34.0,4669.69,1.0,CONS-022,6.0,Contratada,51.0,2025-05-11,1.35,0.3642298212334108,True
PR-004044,2025-06-15,Organico,Rio de Janeiro,RJ,Casa,610147.16,331618.53,240.0,525.0,33.0,13922.57,1.0,CONS-021,3.0,Reprovada crédito,28.0,,,0.5435058158756324,False
PR-004046,2025-03-31,Parceria,Curitiba,PR,Sala comercial,370587.08,107262.08,60.0,702.0,41.0,4784.65,1.0,CONS-010,2.0,Reprovada crédito,28.0,,,0.28943826104245185,False
PR-004047,2025-04-24,Correspondente,Campinas,SP,Apartamento,511809.09,333857.04,120.0,669.0,32.0,3743.88,0.0,CONS-024,6.0,Contratada,33.0,2025-05-27,1.32,0.652307757957171,True
PR-004048,2025-06-05,Indicação,Brasília,DF,Casa,716406.04,249274.95,180.0,772.0,60.0,6808.89,1.0,CONS-016,3.0,Sem retorno,12.0,,,0.3479520496505027,False
PR-004049,2024-11-08,Correspondente,Porto Alegre,RS,Apartamento,910115.99,367098.58,240.0,742.0,45.0,2367.99,0.0,CONS-011,2.0,Sem retorno,5.0,,,0.4033536208939698,False
PR-004050,2025-05-06,Organico,São Paulo,SP,Casa,391784.68,176096.89,180.0,723.0,40.0,6328.56,1.0,CONS-022,6.0,Contratada,29.0,2025-04-07,1.37,0.4494736496587871,True
PR-004051,2024-10-28,Correspondente,São Paulo,SP,Apartamento,599377.91,401558.19,120.0,634.0,30.0,9389.22,1.0,CONS-006,1.0,Sem retorno,24.0,,,0.6699582739043553,False
PR-004052,2024-10-11,Correspondente,Goiânia,GO,Apartamento,733074.22,344083.91,180.0,608.0,41.0,9116.32,0.0,CONS-026,5.0,Desistiu,6.0,,,0.46937117772331427,False
PR-004053,2024-06-20,Parceria,Porto Alegre,RS,Apartamento,662476.89,285662.58,180.0,636.0,49.0,7814.31,0.0,CONS-003,3.0,Desistiu,25.0,,,0.4312038416917457,False
PR-004054,2025-03-26,Organico,Santos,SP,Sala comercial,762734.37,406022.7,60.0,663.0,30.0,4748.15,0.0,CONS-022,4.0,Problema garantia,43.0,,,0.5323251658372232,False
PR-004055,2025-02-21,Organico,Brasília,DF,Casa,575870.37,254419.73,180.0,817.0,46.0,5763.85,0.0,CONS-016,6.0,Contratada,43.0,2025-05-04,1.32,0.44180034822767494,True
PR-004056,2025-07-03,Parceria,Porto Alegre,RS,Casa,545651.64,275664.77,60.0,707.0,27.0,6459.81,0.0,CONS-028,5.0,Documentação pendente,39.0,,,0.5052028616646328,False
PR-004057,2024-09-15,Indicação,Goiânia,GO,Apartamento,900484.84,448773.49,240.0,620.0,35.0,7535.12,0.0,CONS-016,5.0,Desistiu,33.0,,,0.49836873433649365,False
PR-004058,2025-10-04,Correspondente,Salvador,BA,Apartamento,338748.13,134045.26,60.0,587.0,26.0,5584.76,0.0,CONS-011,3.0,Reprovada crédito,27.0,,,0.39570774899923433,False
PR-004059,2025-04-27,Parceria,Porto Alegre,RS,Casa,1745542.76,907062.93,60.0,564.0,46.0,10417.63,1.0,CONS-026,4.0,Sem retorno,23.0,,,0.5196452076602237,False
PR-004061,2024-08-04,Organico,Recife,PE,Apartamento,251334.46,96414.93,60.0,767.0,47.0,2913.44,1.0,CONS-013,3.0,Desistiu,32.0,,,0.3836120602005789,False
PR-004062,2025-09-10,Mídia paga,Curitiba,PR,Casa,371140.82,152532.06,60.0,641.0,38.0,5009.71,0.0,CONS-025,2.0,Desistiu,7.0,,,0.41098163225484063,False
PR-004063,2024-04-16,Correspondente,Recife,PE,Sala comercial,746938.64,393058.6,60.0,654.0,36.0,3564.93,0.0,CONS-009,4.0,Problema garantia,34.0,,,0.5262260900038589,False
PR-004064,2025-09-07,Organico,Porto Alegre,RS,Apartamento,865228.64,235184.13,84.0,570.0,49.0,3061.38,0.0,CONS-011,1.0,Desistiu,17.0,,,0.27181731987050267,False
PR-004065,2025-03-27,Correspondente,Brasília,DF,Sala comercial,956089.46,431840.13,120.0,632.0,21.0,8206.66,1.0,CONS-026,5.0,Desistiu,49.0,,,0.45167335073435494,False
PR-004066,2025-05-03,Indicação,Santos,SP,Casa,835748.09,512501.24,84.0,654.0,29.0,2839.19,0.0,CONS-022,4.0,Problema garantia,38.0,,,0.6132245423378713,False
PR-004067,2025-07-29,Organico,Salvador,BA,Casa,594746.41,448061.6,60.0,708.0,43.0,3548.51,1.0,CONS-012,4.0,Problema garantia,36.0,,,0.7533657916489146,False
PR-004068,2024-10-09,Correspondente,Campinas,SP,Casa,1298358.4,802848.94,84.0,559.0,51.0,6622.99,0.0,CONS-001,2.0,Desistiu,25.0,,,0.6183569498221755,False
PR-004069,2024-04-24,Parceria,Rio de Janeiro,RJ,Sala comercial,983873.54,446000.41,240.0,669.0,26.0,4983.84,1.0,CONS-024,1.0,Desistiu,38.0,,,0.45331070698374504,False
PR-004070,2024-09-10,Parceria,Goiânia,GO,Casa,1009813.33,607780.91,60.0,748.0,50.0,6509.63,0.0,CONS-024,3.0,Reprovada crédito,17.0,,,0.601874516748556,False
PR-004071,2025-05-14,Correspondente,Salvador,BA,Casa,914067.38,504287.5,84.0,643.0,48.0,3679.47,0.0,CONS-008,5.0,Documentação pendente,24.0,,,0.5516961999015871,False
PR-004072,2024-08-15,Mídia paga,Goiânia,GO,Apartamento,578379.84,326642.89,180.0,652.0,50.0,3030.78,0.0,CONS-007,6.0,Contratada,24.0,2024-08-09,1.5,0.5647549714042592,True
PR-004073,2025-07-06,Mídia paga,Curitiba,PR,Casa,713713.32,375395.92,180.0,703.0,51.0,5662.97,0.0,CONS-021,3.0,Sem retorno,22.0,,,0.5259757797430487,False
PR-004075,2024-03-22,Parceria,Salvador,BA,Imóvel rural,1379280.21,575380.14,180.0,689.0,52.0,2518.18,0.0,CONS-011,2.0,Reprovada crédito,20.0,,,0.41715971550117437,False
PR-004076,2024-01-09,Organico,Rio de Janeiro,RJ,Apartamento,1732106.27,712796.49,84.0,504.0,49.0,3755.83,0.0,CONS-002,3.0,Sem retorno,24.0,,,0.41152006799213303,False
PR-004077,2025-07-19,Mídia paga,Curitiba,PR,Apartamento,234819.64,68762.2,240.0,660.0,41.0,6040.63,0.0,CONS-006,6.0,Contratada,37.0,2025-08-25,1.29,0.29282985017777896,True
PR-004078,2025-04-13,Correspondente,Brasília,DF,Apartamento,303765.23,110171.79,240.0,769.0,45.0,13260.67,0.0,CONS-006,6.0,Contratada,12.0,2025-04-25,1.1,0.3626872963702923,True
PR-004079,2024-02-21,Mídia paga,Campinas,SP,Apartamento,1096333.54,444777.56,180.0,687.0,44.0,4771.45,1.0,CONS-030,3.0,Sem retorno,9.0,,,0.4056954784034063,False
PR-004080,2024-09-23,Mídia paga,Goiânia,GO,Casa,635004.33,342319.6,120.0,555.0,56.0,3829.91,0.0,CONS-008,6.0,Contratada,22.0,2024-10-15,1.44,0.5390823083048898,True
PR-004081,2024-07-23,Indicação,Belo Horizonte,MG,Apartamento,444211.07,321725.14,240.0,783.0,37.0,3108.63,0.0,CONS-015,5.0,Documentação pendente,51.0,,,0.7242618694756977,False
PR-004082,2025-10-05,Correspondente,Campinas,SP,Casa,391103.56,146881.32,240.0,646.0,25.0,2747.15,1.0,CONS-022,6.0,Contratada,32.0,2025-11-06,1.23,0.37555608033841476,True
PR-004083,2025-06-17,Correspondente,Curitiba,PR,Casa,1011404.27,617679.28,240.0,653.0,53.0,9646.22,0.0,CONS-008,2.0,Desistiu,24.0,,,0.6107145266452157,False
PR-004084,2025-06-17,Indicação,Curitiba,PR,Casa,486040.37,265164.07,120.0,713.0,28.0,2837.29,0.0,CONS-020,4.0,Problema garantia,60.0,,,0.5455597649224075,False
PR-004085,2024-10-29,Correspondente,Santos,SP,Apartamento,841121.71,342371.85,84.0,646.0,29.0,4628.99,0.0,CONS-017,5.0,Documentação pendente,58.0,,,0.4070419844471735,False
PR-004086,2025-01-19,Correspondente,Salvador,BA,Imóvel rural,196166.8,60629.49,60.0,644.0,40.0,6533.17,0.0,CONS-024,5.0,Desistiu,39.0,,,0.30907110683357225,False
PR-004087,2024-09-27,Parceria,Florianópolis,SC,Apartamento,863043.95,453922.15,84.0,722.0,45.0,3076.42,0.0,CONS-014,3.0,Sem retorno,15.0,,,0.5259548485334959,False
PR-004088,2025-04-23,Correspondente,Porto Alegre,RS,Casa,791862.97,431216.49,84.0,710.0,50.0,3234.68,0.0,CONS-022,1.0,Sem retorno,23.0,,,0.5445594835682239,False
PR-004089,2024-08-18,Organico,São Paulo,SP,Apartamento,862297.28,486248.01,120.0,672.0,25.0,8982.9,0.0,CONS-013,3.0,Desistiu,53.0,,,0.5638983460553186,False
PR-004090,2024-04-09,Parceria,Recife,PE,Casa,907993.21,386847.87,60.0,703.0,47.0,5838.74,0.0,CONS-017,4.0,Sem retorno,27.0,,,0.42604709566055016,False
PR-004091,2025-02-21,Organico,Goiânia,GO,Apartamento,467246.77,245725.93,60.0,667.0,48.0,1973.92,1.0,CONS-027,3.0,Sem retorno,38.0,,,0.525901826993903,False
PR-004092,2024-09-27,Indicação,Campinas,SP,Casa,975106.42,304109.02,60.0,658.0,38.0,4205.76,0.0,CONS-027,3.0,Sem retorno,31.0,,,0.3118726466799388,False
PR-004094,2024-12-31,Indicação,Salvador,BA,Imóvel rural,889799.88,390577.47,84.0,634.0,61.0,8616.03,0.0,CONS-022,2.0,Reprovada crédito,19.0,,,0.4389497894740107,False
PR-004095,2025-01-15,Indicação,Recife,PE,Apartamento,462498.02,142447.4,120.0,686.0,63.0,5833.24,0.0,CONS-029,5.0,Documentação pendente,17.0,,,0.30799569693292955,False
PR-004096,2025-12-06,Indicação,Belo Horizonte,MG,Apartamento,528429.15,253009.26,180.0,630.0,34.0,5440.7,0.0,CONS-002,2.0,Desistiu,31.0,,,0.47879504754800145,False
PR-004097,2025-07-14,Correspondente,Florianópolis,SC,Casa,423948.45,177337.33,120.0,668.0,50.0,10110.27,0.0,CONS-007,4.0,Sem retorno,29.0,,,0.4182992767163083,False
PR-004098,2024-12-17,Correspondente,Recife,PE,Sala comercial,798596.59,520605.21,84.0,761.0,54.0,9010.27,1.0,CONS-004,3.0,Reprovada crédito,27.0,,,0.6519001164279953,False
PR-004099,2024-07-09,Parceria,Brasília,DF,Casa,1085841.89,476387.29,60.0,627.0,55.0,3468.07,1.0,CONS-002,1.0,Desistiu,9.0,,,0.4387262034991117,False
PR-004100,2025-02-01,Mídia paga,Florianópolis,SC,Apartamento,765008.73,404308.59,84.0,728.0,33.0,4565.43,1.0,CONS-009,4.0,Sem retorno,50.0,,,0.528501929644646,False
PR-004101,2024-11-14,Mídia paga,Curitiba,PR,Casa,527605.72,249427.96,240.0,635.0,49.0,4907.52,0.0,CONS-016,4.0,Sem retorno,34.0,,,0.47275446520936126,False
PR-004102,2025-04-20,Organico,Salvador,BA,Apartamento,903204.34,487130.87,180.0,671.0,45.0,11218.48,0.0,CONS-012,3.0,Desistiu,29.0,,,0.5393362813114915,False
PR-004103,2024-04-19,Parceria,Campinas,SP,Apartamento,1326831.95,473306.07,180.0,554.0,21.0,7708.2,0.0,CONS-015,3.0,Sem retorno,27.0,,,0.35671892736680033,False
PR-004104,2024-08-18,Parceria,Curitiba,PR,Imóvel rural,529306.48,267352.03,120.0,810.0,44.0,3126.04,0.0,CONS-016,6.0,Contratada,56.0,2024-10-13,1.46,0.5050987284342335,True
PR-004105,2025-12-08,Parceria,Brasília,DF,Apartamento,1102944.45,651062.91,60.0,541.0,36.0,5208.75,0.0,CONS-017,3.0,Desistiu,30.0,,,0.59029528640359,False
PR-004106,2025-01-31,Correspondente,Santos,SP,Casa,876248.92,343262.27,84.0,628.0,49.0,9590.79,0.0,CONS-026,3.0,Desistiu,39.0,,,0.39174059124660604,False
PR-004107,2024-07-16,Parceria,Santos,SP,Casa,726093.54,351126.16,120.0,634.0,45.0,2621.91,0.0,CONS-003,3.0,Reprovada crédito,39.0,,,0.48358254227134423,False
PR-004108,2024-10-25,Parceria,Curitiba,PR,Apartamento,490695.63,163703.26,84.0,722.0,54.0,3523.99,0.0,CONS-018,4.0,Sem retorno,27.0,,,0.3336146686286976,False
PR-004109,2025-04-28,Organico,Recife,PE,Apartamento,580677.76,307572.23,180.0,498.0,45.0,4849.6,0.0,CONS-017,5.0,Desistiu,56.0,,,0.5296779921449032,False
PR-004110,2025-04-25,Organico,Campinas,SP,Apartamento,584203.27,251725.29,60.0,703.0,49.0,2359.95,0.0,CONS-014,1.0,Sem retorno,15.0,,,0.43088647894764437,False
PR-004111,2025-10-15,Correspondente,Curitiba,PR,Casa,1286457.02,637094.72,84.0,622.0,51.0,8064.86,0.0,CONS-003,4.0,Problema garantia,46.0,,,0.49523202881663314,False
PR-004112,2025-01-01,Indicação,Porto Alegre,RS,Apartamento,2051802.22,993602.04,180.0,687.0,54.0,3353.99,0.0,CONS-020,6.0,Contratada,24.0,2025-01-25,1.27,0.48425819521727587,True
PR-004113,2025-03-30,Correspondente,Porto Alegre,RS,Casa,509562.7,267883.17,60.0,816.0,49.0,9553.74,0.0,CONS-013,2.0,Reprovada crédito,19.0,,,0.5257118898223908,False
PR-004114,2024-05-05,Correspondente,Belo Horizonte,MG,Casa,2285800.61,1271651.21,240.0,646.0,42.0,6390.29,1.0,CONS-018,6.0,Contratada,25.0,2024-05-30,1.37,0.5563263936656312,True
PR-004115,2025-05-20,Indicação,São Paulo,SP,Sala comercial,683198.66,295432.71,84.0,743.0,44.0,10269.22,0.0,CONS-008,6.0,Contratada,25.0,2025-06-14,1.45,0.4324257749568771,True
PR-004116,2025-07-27,Parceria,Florianópolis,SC,Casa,393991.35,161455.81,60.0,686.0,47.0,4770.75,0.0,CONS-006,6.0,Contratada,41.0,2025-06-09,1.39,0.4097953165723055,True
PR-004118,2024-02-05,Correspondente,Brasília,DF,Sala comercial,461642.63,230166.51,240.0,660.0,43.0,5766.7,0.0,CONS-010,6.0,Contratada,56.0,2024-06-27,1.46,0.49858157596927305,True
PR-004119,2025-05-16,Indicação,Santos,SP,Casa,1227644.67,497501.85,84.0,844.0,47.0,6220.8,0.0,CONS-012,2.0,Reprovada crédito,22.0,,,0.40524906119618476,False
PR-004120,2025-07-26,Organico,Porto Alegre,RS,Sala comercial,759002.4,337030.79,120.0,649.0,32.0,6199.58,0.0,CONS-020,2.0,Reprovada crédito,16.0,,,0.4440444325340736,False
PR-004121,2025-03-31,Parceria,Santos,SP,Apartamento,850299.81,418502.89,240.0,556.0,31.0,7206.44,1.0,CONS-013,3.0,Sem retorno,24.0,,,0.49218273963862225,False
PR-004122,2025-07-14,Correspondente,Campinas,SP,Casa,1310627.5,614569.6,240.0,659.0,51.0,3511.45,0.0,CONS-018,6.0,Contratada,34.0,2025-08-17,1.21,0.46891248657608664,True
PR-004123,2025-10-02,Indicação,Santos,SP,Apartamento,485432.6,244618.17,240.0,772.0,38.0,1800.0,0.0,CONS-022,6.0,Contratada,62.0,2025-04-13,1.41,0.5039178868497913,True
PR-004124,2025-09-12,Correspondente,Curitiba,PR,Sala comercial,767401.26,340098.26,180.0,674.0,44.0,6446.54,0.0,CONS-012,3.0,Desistiu,22.0,,,0.4431817847158604,False
PR-004125,2025-11-04,Correspondente,São Paulo,SP,Apartamento,862212.32,223817.59,180.0,587.0,40.0,3988.38,0.0,CONS-014,6.0,Contratada,9.0,2025-04-20,1.18,0.25958523765932734,True
PR-004126,2025-09-17,Mídia paga,Santos,SP,Casa,723196.89,429516.74,84.0,732.0,41.0,8879.3,0.0,CONS-027,3.0,Sem retorno,39.0,,,0.5939139754873669,False
PR-004127,2024-05-11,Parceria,Goiânia,GO,Casa,700624.6,272634.82,120.0,612.0,44.0,4267.29,0.0,CONS-022,2.0,Sem retorno,38.0,,,0.38913109816583663,False
PR-004128,2025-02-08,Organico,Porto Alegre,RS,Casa,621870.14,384187.03,84.0,744.0,47.0,7205.67,0.0,CONS-022,5.0,Desistiu,47.0,,,0.6177930170437191,False
PR-004129,2024-01-08,Indicação,Rio de Janeiro,RJ,Casa,568573.43,273064.66,84.0,686.0,38.0,7523.07,0.0,CONS-011,5.0,Documentação pendente,30.0,,,0.48026278681365736,False
PR-004130,2024-09-20,Indicação,Brasília,DF,Apartamento,588676.99,344062.96,120.0,669.0,44.0,2723.83,1.0,CONS-003,3.0,Sem retorno,46.0,,,0.5844681647910173,False
PR-004131,2025-02-05,Mídia paga,São Paulo,SP,Sala comercial,1031059.1,487265.21,60.0,666.0,52.0,15245.24,0.0,CONS-022,3.0,Sem retorno,28.0,,,0.4725870806047879,False
PR-004132,2024-09-26,Parceria,Campinas,SP,Imóvel rural,480897.59,226532.4,180.0,777.0,24.0,5642.68,0.0,CONS-020,6.0,Contratada,20.0,2024-10-16,1.37,0.471061624575827,True
PR-004133,2025-01-19,Mídia paga,Goiânia,GO,Casa,1273641.07,787949.62,84.0,747.0,33.0,10893.72,0.0,CONS-006,3.0,Reprovada crédito,37.0,,,0.6186590857972254,False
PR-004134,2025-06-13,Correspondente,Salvador,BA,Apartamento,313019.93,114731.38,84.0,610.0,21.0,3118.39,1.0,CONS-016,5.0,Documentação pendente,40.0,,,0.36653059119909714,False
PR-004135,2024-01-08,Parceria,Curitiba,PR,Casa,668286.71,344386.73,60.0,762.0,45.0,7108.97,0.0,CONS-029,4.0,Problema garantia,23.0,,,0.5153278149134524,False
PR-004137,2025-09-03,Indicação,Porto Alegre,RS,Apartamento,988778.57,400969.43,240.0,758.0,42.0,1924.74,0.0,CONS-026,5.0,Desistiu,44.0,,,0.4055199436614004,False
PR-004138,2025-10-04,Correspondente,Salvador,BA,Apartamento,1029404.16,397743.23,180.0,696.0,38.0,5702.72,0.0,CONS-027,3.0,Desistiu,33.0,,,0.3863819920836535,False
PR-004139,2025-10-26,Correspondente,Curitiba,PR,Sala comercial,907410.13,508992.6,120.0,679.0,25.0,6446.13,0.0,CONS-003,2.0,Sem retorno,35.0,,,0.5609289373924005,False
PR-004140,2025-02-23,Organico,Recife,PE,Sala comercial,622713.86,344889.17,180.0,694.0,48.0,10731.36,0.0,CONS-029,3.0,Desistiu,15.0,,,0.5538485525278014,False
PR-004141,2025-12-04,Correspondente,Rio de Janeiro,RJ,Apartamento,345765.71,191721.89,180.0,723.0,32.0,8867.69,0.0,CONS-011,6.0,Contratada,15.0,2025-04-27,1.52,0.5544849719192803,True
PR-004142,2024-01-06,Mídia paga,Curitiba,PR,Apartamento,566919.52,265946.46,84.0,741.0,21.0,1800.0,0.0,CONS-013,1.0,Sem retorno,16.0,,,0.46910796086188744,False
PR-004143,2025-12-02,Indicação,Recife,PE,Casa,662572.93,246664.6,180.0,732.0,35.0,3973.16,0.0,CONS-012,4.0,Problema garantia,33.0,,,0.37228294249811866,False
PR-004144,2025-03-25,Correspondente,Curitiba,PR,Sala comercial,716813.89,495728.11,60.0,741.0,44.0,6382.97,0.0,CONS-004,5.0,Desistiu,43.0,,,0.691571573759543,False
PR-004145,2025-07-01,Organico,São Paulo,SP,Apartamento,785295.67,271447.53,240.0,669.0,36.0,5722.25,1.0,CONS-027,6.0,Contratada,24.0,2025-01-31,1.42,0.34566283804926623,True
PR-004146,2025-06-21,Correspondente,Santos,SP,Apartamento,1079201.79,543559.31,60.0,502.0,41.0,2624.92,1.0,CONS-027,6.0,Contratada,23.0,2025-07-14,1.28,0.5036679099651975,True
PR-004147,2024-06-12,Organico,Salvador,BA,Apartamento,749240.44,407216.71,84.0,525.0,36.0,4178.63,1.0,CONS-027,3.0,Desistiu,6.0,,,0.5435060472710203,False
PR-004148,2025-01-29,Indicação,Brasília,DF,Casa,640649.63,239247.67,180.0,622.0,53.0,4637.58,0.0,CONS-030,2.0,Desistiu,19.0,,,0.37344541976868073,False
PR-004149,2025-04-21,Correspondente,Brasília,DF,Apartamento,459508.99,194737.01,120.0,654.0,41.0,2937.08,0.0,CONS-025,2.0,Reprovada crédito,42.0,,,0.42379368899833714,False
PR-004150,2025-06-24,Mídia paga,Campinas,SP,Apartamento,889589.18,497508.43,84.0,613.0,33.0,3891.98,1.0,CONS-027,3.0,Reprovada crédito,42.0,,,0.5592563861894093,False
PR-004151,2025-10-02,Correspondente,Recife,PE,Apartamento,1117591.29,586441.57,120.0,568.0,51.0,3558.44,0.0,CONS-012,3.0,Sem retorno,50.0,,,0.5247370619719127,False
PR-004152,2024-12-19,Indicação,Brasília,DF,Casa,645630.93,340404.34,180.0,705.0,21.0,6075.88,0.0,CONS-028,5.0,Documentação pendente,31.0,,,0.5272429249943152,False
PR-004153,2025-06-04,Correspondente,Florianópolis,SC,Casa,1267841.83,688226.94,84.0,691.0,36.0,2314.42,0.0,CONS-003,5.0,Desistiu,45.0,,,0.542833438458171,False
PR-004154,2025-06-20,Parceria,Salvador,BA,Casa,465793.46,217041.97,60.0,707.0,27.0,4229.24,1.0,CONS-001,6.0,Contratada,34.0,2025-07-24,1.23,0.4659618235086426,True
PR-004155,2024-09-22,Mídia paga,Florianópolis,SC,Imóvel rural,640182.57,363755.56,240.0,718.0,51.0,5260.67,0.0,CONS-020,6.0,Contratada,37.0,2024-10-29,1.24,0.5682059728680211,True
PR-004156,2025-04-14,Organico,Rio de Janeiro,RJ,Apartamento,493766.42,261911.01,180.0,635.0,61.0,6112.16,1.0,CONS-004,4.0,Sem retorno,23.0,,,0.5304350384945173,False
PR-004158,2025-03-17,Organico,Belo Horizonte,MG,Casa,460675.07,257227.98,180.0,495.0,44.0,4683.19,0.0,CONS-007,3.0,Reprovada crédito,35.0,,,0.5583718259379653,False
PR-004159,2025-10-14,Correspondente,Curitiba,PR,Apartamento,578900.75,313713.92,84.0,540.0,44.0,10986.19,1.0,CONS-004,3.0,Reprovada crédito,28.0,,,0.5419131345053534,False
PR-004160,2025-09-04,Correspondente,Santos,SP,Sala comercial,507734.89,130229.62,84.0,637.0,41.0,10949.65,0.0,CONS-023,3.0,Reprovada crédito,50.0,,,0.2564913748590332,False
PR-004161,2025-06-22,Indicação,Curitiba,PR,Sala comercial,692779.97,379226.81,60.0,632.0,34.0,4880.87,1.0,CONS-029,5.0,Documentação pendente,41.0,,,0.5473986350962197,False
PR-004162,2025-01-16,Mídia paga,Salvador,BA,Casa,447605.43,287919.07,60.0,806.0,42.0,4225.57,0.0,CONS-019,3.0,Reprovada crédito,33.0,,,0.6432430232135478,False
PR-004163,2025-07-24,Parceria,Santos,SP,Apartamento,612013.34,374276.99,60.0,621.0,48.0,13224.43,0.0,CONS-016,3.0,Sem retorno,17.0,,,0.6115503789508901,False
PR-004164,2025-08-18,Indicação,Santos,SP,Apartamento,408645.86,195558.22,84.0,809.0,40.0,5392.26,0.0,CONS-004,6.0,Contratada,40.0,2025-09-27,1.34,0.4785518199058716,True
PR-004166,2024-03-12,Parceria,Porto Alegre,RS,Casa,1325025.35,599759.02,60.0,647.0,51.0,2965.75,0.0,CONS-011,4.0,Problema garantia,25.0,,,0.452639657045052,False
PR-004167,2025-07-06,Correspondente,Recife,PE,Apartamento,2090132.86,1104725.93,84.0,582.0,40.0,6657.9,0.0,CONS-008,1.0,Sem retorno,9.0,,,0.5285434008247686,False
PR-004168,2025-06-18,Indicação,Santos,SP,Apartamento,608706.94,314121.5,60.0,651.0,38.0,5229.84,1.0,CONS-003,2.0,Desistiu,9.0,,,0.516047180273647,False
PR-004169,2025-08-16,Mídia paga,Rio de Janeiro,RJ,Sala comercial,505445.36,257918.74,240.0,706.0,30.0,1800.0,0.0,CONS-002,6.0,Contratada,30.0,2025-09-15,1.56,0.5102801616380453,True
PR-004170,2025-05-07,Correspondente,Florianópolis,SC,Casa,765106.98,469565.86,180.0,592.0,40.0,3330.64,1.0,CONS-004,3.0,Desistiu,29.0,,,0.6137257563641623,False
PR-004171,2024-08-10,Indicação,Porto Alegre,RS,Casa,858856.65,394616.08,120.0,655.0,60.0,11484.05,1.0,CONS-008,3.0,Desistiu,26.0,,,0.4594667573453614,False
PR-004172,2024-07-11,Mídia paga,Goiânia,GO,Apartamento,404829.18,194595.62,60.0,648.0,26.0,3487.3,0.0,CONS-006,4.0,Sem retorno,55.0,,,0.48068575491519655,False
PR-004174,2025-09-10,Indicação,Recife,PE,Imóvel rural,502192.42,275322.26,120.0,659.0,43.0,4779.79,0.0,CONS-021,2.0,Desistiu,28.0,,,0.5482405728067341,False
PR-004175,2025-07-02,Parceria,Rio de Janeiro,RJ,Apartamento,699333.9,349279.46,240.0,758.0,27.0,8380.07,1.0,CONS-022,6.0,Contratada,30.0,2025-09-03,1.59,0.4994459156062648,True
PR-004176,2025-11-25,Correspondente,Porto Alegre,RS,Apartamento,456927.25,199760.79,240.0,628.0,54.0,2391.66,0.0,CONS-030,2.0,Sem retorno,32.0,,,0.43718292135126546,False
PR-004177,2025-12-01,Indicação,Rio de Janeiro,RJ,Apartamento,1108821.57,788308.88,240.0,450.0,42.0,4967.78,0.0,CONS-018,5.0,Desistiu,44.0,,,0.7109429518042294,False
PR-004179,2024-03-06,Organico,Florianópolis,SC,Sala comercial,233360.24,70105.33,240.0,710.0,34.0,3199.16,1.0,CONS-030,5.0,Documentação pendente,32.0,,,0.3004167719402414,False
PR-004180,2024-01-17,Mídia paga,Porto Alegre,RS,Apartamento,506794.39,272581.87,180.0,547.0,46.0,2702.89,0.0,CONS-017,3.0,Reprovada crédito,26.0,,,0.5378549474472281,False
PR-004181,2024-09-08,Mídia paga,Rio de Janeiro,RJ,Apartamento,812363.42,437482.78,180.0,717.0,44.0,2999.24,0.0,CONS-004,6.0,Contratada,34.0,2024-12-09,1.3,0.5385308708262615,True
PR-004182,2025-06-10,Organico,Curitiba,PR,Sala comercial,409653.26,159252.53,120.0,579.0,25.0,7658.97,0.0,CONS-026,3.0,Sem retorno,42.0,,,0.38874957323664405,False
PR-004183,2024-02-25,Correspondente,Florianópolis,SC,Casa,1290543.19,797205.02,60.0,655.0,39.0,2686.35,0.0,CONS-005,4.0,Problema garantia,24.0,,,0.6177282761067454,False
PR-004184,2024-10-14,Organico,Porto Alegre,RS,Casa,576590.66,279891.46,240.0,655.0,50.0,9334.89,1.0,CONS-002,6.0,Contratada,42.0,2024-11-25,1.19,0.4854248939793787,True
PR-004185,2025-10-07,Mídia paga,Florianópolis,SC,Casa,935685.42,390404.73,60.0,630.0,47.0,4394.4,0.0,CONS-022,5.0,Desistiu,36.0,,,0.4172393003622948,False
PR-004186,2025-07-14,Correspondente,Florianópolis,SC,Apartamento,792966.24,182382.24,84.0,577.0,46.0,4331.67,0.0,CONS-030,3.0,Reprovada crédito,22.0,,,0.23000000605322113,False
PR-004187,2025-07-25,Parceria,Campinas,SP,Imóvel rural,601636.94,291251.47,84.0,731.0,64.0,12594.75,0.0,CONS-026,6.0,Contratada,39.0,2025-02-09,1.43,0.4840983833206784,True
PR-004188,2025-03-22,Indicação,São Paulo,SP,Casa,1387190.72,797411.13,180.0,728.0,38.0,3182.97,1.0,CONS-029,6.0,Contratada,56.0,2025-05-17,1.52,0.5748388584952472,True
PR-004189,2025-06-19,Organico,Campinas,SP,Apartamento,747656.7,363399.38,240.0,531.0,41.0,8418.87,0.0,CONS-015,3.0,Sem retorno,28.0,,,0.48605112480099494,False
PR-004190,2025-08-03,Indicação,Goiânia,GO,Casa,1743176.85,843382.56,60.0,761.0,42.0,5140.24,0.0,CONS-023,2.0,Reprovada crédito,38.0,,,0.48381927513550904,False
PR-004192,2024-11-20,Organico,Belo Horizonte,MG,Casa,572916.71,338272.87,240.0,692.0,36.0,2853.68,0.0,CONS-007,6.0,Contratada,34.0,2024-12-24,1.35,0.5904398738867296,True
PR-004193,2024-11-12,Mídia paga,Porto Alegre,RS,Apartamento,394531.25,138644.32,120.0,722.0,53.0,2642.29,0.0,CONS-027,3.0,Reprovada crédito,42.0,,,0.3514153061386139,False
PR-004194,2025-09-30,Mídia paga,Rio de Janeiro,RJ,Casa,992050.37,717651.99,180.0,614.0,43.0,2984.75,0.0,CONS-018,1.0,Sem retorno,7.0,,,0.7234027743974331,False
PR-004195,2025-02-25,Parceria,Recife,PE,Apartamento,1132184.6,577529.13,180.0,580.0,57.0,1900.65,1.0,CONS-018,6.0,Contratada,56.0,2025-04-22,1.21,0.5101015594100113,True
PR-004196,2024-02-29,Indicação,Rio de Janeiro,RJ,Apartamento,839191.6,373816.37,84.0,745.0,34.0,3039.74,0.0,CONS-015,3.0,Sem retorno,15.0,,,0.4454481789379207,False
PR-004197,2025-03-21,Organico,Santos,SP,Apartamento,984679.66,380648.58,240.0,754.0,40.0,3354.5,0.0,CONS-016,5.0,Desistiu,17.0,,,0.3865709788298054,False
PR-004198,2025-06-06,Organico,Goiânia,GO,Apartamento,401956.99,189526.06,180.0,713.0,42.0,6070.22,0.0,CONS-015,5.0,Documentação pendente,34.0,,,0.4715083073937836,False
PR-004199,2024-12-23,Mídia paga,Brasília,DF,Sala comercial,597709.25,330608.72,180.0,717.0,55.0,5492.94,0.0,CONS-007,3.0,Sem retorno,48.0,,,0.5531263235427593,False
PR-004200,2024-01-08,Organico,São Paulo,SP,Casa,890195.88,330521.5,120.0,728.0,39.0,3037.4,0.0,CONS-010,6.0,Contratada,24.0,2024-08-25,1.29,0.3712907545696572,True
PR-004201,2024-12-16,Mídia paga,Belo Horizonte,MG,Apartamento,772096.27,389611.65,180.0,743.0,48.0,1811.44,0.0,CONS-026,4.0,Problema garantia,27.0,,,0.5046153765255206,False
PR-004202,2025-06-11,Parceria,Santos,SP,Casa,1969312.63,1232060.05,120.0,702.0,50.0,2093.98,0.0,CONS-005,4.0,Problema garantia,42.0,,,0.6256294867717372,False
PR-004203,2025-10-19,Organico,Rio de Janeiro,RJ,Imóvel rural,1063164.19,454548.99,180.0,596.0,30.0,9640.79,1.0,CONS-013,3.0,Desistiu,42.0,,,0.427543548094862,False
PR-004204,2024-06-22,Mídia paga,Florianópolis,SC,Casa,538052.64,180336.6,240.0,589.0,42.0,3899.72,0.0,CONS-022,2.0,Sem retorno,35.0,,,0.33516534739054527,False
PR-004205,2024-02-11,Organico,Recife,PE,Casa,414382.78,211789.77,240.0,780.0,36.0,5251.26,1.0,CONS-029,3.0,Desistiu,33.0,,,0.5110969379567365,False
PR-004206,2024-04-14,Organico,Santos,SP,Apartamento,397645.09,152470.35,60.0,664.0,46.0,4501.51,0.0,CONS-017,6.0,Contratada,24.0,2024-08-05,1.18,0.3834332519986604,True
PR-004207,2025-08-19,Correspondente,Curitiba,PR,Sala comercial,1100727.49,618617.43,60.0,614.0,33.0,7047.84,0.0,CONS-016,4.0,Problema garantia,24.0,,,0.5620077954081079,False
PR-004208,2024-12-15,Correspondente,Recife,PE,Casa,1200992.66,750665.89,180.0,666.0,21.0,3900.99,1.0,CONS-005,6.0,Contratada,12.0,2024-12-27,1.18,0.62503786659279,True
PR-004209,2024-07-12,Correspondente,Santos,SP,Casa,341781.08,169877.29,84.0,638.0,49.0,4184.27,0.0,CONS-013,3.0,Reprovada crédito,43.0,,,0.49703538300013567,False
PR-004210,2025-04-26,Mídia paga,Santos,SP,Casa,953136.14,436111.93,60.0,847.0,41.0,4242.25,0.0,CONS-013,6.0,Contratada,49.0,2025-06-14,1.22,0.4575547098654763,True
PR-004211,2024-05-09,Mídia paga,Campinas,SP,Apartamento,535592.19,301356.61,180.0,718.0,57.0,4097.91,0.0,CONS-009,2.0,Reprovada crédito,21.0,,,0.5626605757638102,False
PR-004212,2024-02-07,Organico,Porto Alegre,RS,Apartamento,603188.37,282294.99,180.0,732.0,25.0,3783.96,1.0,CONS-028,1.0,Desistiu,22.0,,,0.4680046964433349,False
PR-004213,2025-10-19,Correspondente,Recife,PE,Apartamento,403978.16,162722.31,240.0,651.0,40.0,2015.93,0.0,CONS-030,2.0,Desistiu,37.0,,,0.40279977016579316,False
PR-004214,2025-06-02,Organico,Belo Horizonte,MG,Apartamento,730785.3,419458.14,120.0,676.0,36.0,7438.86,0.0,CONS-012,5.0,Documentação pendente,33.0,,,0.5739827278955939,False
PR-004215,2025-03-06,Organico,Curitiba,PR,Apartamento,371957.03,191114.85,180.0,696.0,50.0,5427.19,0.0,CONS-003,5.0,Desistiu,60.0,,,0.5138089472324262,False
PR-004216,2025-07-16,Correspondente,São Paulo,SP,Casa,726048.12,245481.32,120.0,617.0,57.0,2465.07,0.0,CONS-026,2.0,Sem retorno,25.0,,,0.3381061299352996,False
PR-004217,2024-12-11,Indicação,Rio de Janeiro,RJ,Sala comercial,464419.32,204025.67,84.0,635.0,40.0,5742.23,1.0,CONS-003,5.0,Documentação pendente,33.0,,,0.4393134850634552,False
PR-004218,2024-09-11,Correspondente,Florianópolis,SC,Imóvel rural,588531.28,347950.23,180.0,644.0,47.0,5512.87,0.0,CONS-008,4.0,Sem retorno,44.0,,,0.5912179043397658,False
PR-004219,2025-07-04,Correspondente,Goiânia,GO,Casa,821798.69,419892.3,60.0,555.0,55.0,4282.62,1.0,CONS-006,2.0,Reprovada crédito,29.0,,,0.5109430145234231,False
PR-004220,2024-12-23,Organico,São Paulo,SP,Imóvel rural,826479.78,335360.14,84.0,791.0,44.0,2271.06,0.0,CONS-018,6.0,Contratada,43.0,2025-04-02,1.13,0.4057693220274548,True
PR-004221,2024-07-09,Mídia paga,Brasília,DF,Sala comercial,762839.97,404160.34,84.0,617.0,34.0,5224.32,0.0,CONS-030,6.0,Contratada,57.0,2024-03-11,1.41,0.5298101251826121,True
PR-004222,2025-05-27,Organico,Rio de Janeiro,RJ,Apartamento,573807.62,396758.96,60.0,547.0,41.0,6285.35,0.0,CONS-030,3.0,Desistiu,36.0,,,0.6914494443277,False
PR-004223,2025-10-23,Parceria,Porto Alegre,RS,Apartamento,954877.23,451382.3,84.0,739.0,45.0,5270.72,1.0,CONS-010,3.0,Desistiu,29.0,,,0.47271239256590086,False
PR-004224,2025-08-15,Mídia paga,Brasília,DF,Apartamento,959876.05,425371.97,84.0,553.0,55.0,7746.4,1.0,CONS-014,6.0,Contratada,17.0,2025-01-09,1.38,0.44315301960081194,True
PR-004225,2025-07-01,Parceria,Porto Alegre,RS,Apartamento,965659.16,712912.97,60.0,688.0,39.0,8093.91,1.0,CONS-028,4.0,Sem retorno,29.0,,,0.7382656319440909,False
PR-004226,2025-02-21,Correspondente,Belo Horizonte,MG,Apartamento,517410.99,287167.23,180.0,723.0,46.0,3035.7,0.0,CONS-015,4.0,Sem retorno,36.0,,,0.5550079831122258,False
PR-004227,2025-08-04,Parceria,Brasília,DF,Casa,805254.67,336296.86,240.0,781.0,25.0,5839.39,1.0,CONS-012,3.0,Desistiu,11.0,,,0.41762795365098593,False
PR-004228,2024-05-09,Parceria,Rio de Janeiro,RJ,Apartamento,275392.42,110394.53,240.0,635.0,49.0,2135.39,1.0,CONS-023,5.0,Desistiu,44.0,,,0.40086263085962937,False
PR-004229,2025-05-15,Indicação,Goiânia,GO,Casa,680977.8,391001.93,240.0,695.0,38.0,5119.77,0.0,CONS-012,4.0,Sem retorno,21.0,,,0.5741772051893614,False
PR-004230,2024-04-10,Correspondente,Recife,PE,Apartamento,441176.68,261245.7,84.0,735.0,48.0,5527.68,0.0,CONS-014,6.0,Contratada,75.0,2024-12-18,1.35,0.5921566389229821,True
PR-004231,2024-05-26,Mídia paga,Santos,SP,Apartamento,629979.25,309895.28,180.0,836.0,32.0,9298.46,0.0,CONS-024,5.0,Desistiu,35.0,,,0.49191347175323635,False
PR-004232,2024-07-20,Parceria,Rio de Janeiro,RJ,Casa,698921.25,193552.26,180.0,701.0,42.0,3838.46,0.0,CONS-017,4.0,Sem retorno,21.0,,,0.2769299974782567,False
PR-004233,2024-11-17,Mídia paga,Belo Horizonte,MG,Casa,1637769.98,813356.85,180.0,770.0,35.0,1811.82,1.0,CONS-019,3.0,Desistiu,36.0,,,0.4966245931556274,False
PR-004234,2025-01-24,Indicação,Belo Horizonte,MG,Apartamento,554722.9,434711.26,60.0,645.0,54.0,10600.38,0.0,CONS-027,3.0,Desistiu,35.0,,,0.7836547941323496,False
PR-004235,2025-03-13,Indicação,Goiânia,GO,Apartamento,701298.62,344013.05,120.0,719.0,52.0,13120.02,0.0,CONS-008,6.0,Contratada,52.0,2025-04-05,1.42,0.49053718371782906,True
PR-004236,2024-12-16,Correspondente,Rio de Janeiro,RJ,Sala comercial,916129.67,475918.48,84.0,636.0,50.0,3757.34,0.0,CONS-011,2.0,Desistiu,28.0,,,0.5194881200605587,False
PR-004237,2024-04-07,Correspondente,Brasília,DF,Sala comercial,509735.38,236763.18,240.0,837.0,40.0,7563.44,0.0,CONS-007,6.0,Contratada,48.0,2024-08-21,1.46,0.4644825320934168,True
PR-004238,2025-06-02,Correspondente,Florianópolis,SC,Apartamento,1578132.34,1035762.28,240.0,651.0,50.0,3610.33,0.0,CONS-019,2.0,Reprovada crédito,24.0,,,0.6563215604592452,False
PR-004239,2024-03-07,Parceria,Campinas,SP,Apartamento,503957.26,149316.59,180.0,714.0,32.0,2110.89,0.0,CONS-027,3.0,Desistiu,27.0,,,0.29628820110657794,False
PR-004240,2024-06-08,Indicação,Florianópolis,SC,Apartamento,459422.1,210795.41,84.0,759.0,35.0,20996.49,0.0,CONS-007,4.0,Sem retorno,23.0,,,0.4588273180589267,False
PR-004241,2024-06-23,Correspondente,Curitiba,PR,Casa,2527625.73,1010531.84,120.0,571.0,34.0,12635.61,0.0,CONS-008,6.0,Contratada,35.0,2024-07-28,1.3,0.39979488577211153,True
PR-004242,2025-11-11,Organico,São Paulo,SP,Apartamento,676444.14,250218.52,120.0,564.0,50.0,7147.68,0.0,CONS-030,3.0,Desistiu,45.0,,,0.36990270918748736,False
PR-004243,2025-02-01,Organico,Recife,PE,Apartamento,622671.05,303731.61,240.0,622.0,39.0,3320.16,1.0,CONS-015,5.0,Desistiu,39.0,,,0.487788231041093,False
PR-004244,2025-10-03,Correspondente,Curitiba,PR,Casa,594395.59,412194.27,84.0,570.0,34.0,7571.23,0.0,CONS-029,3.0,Reprovada crédito,17.0,,,0.6934679141882598,False
PR-004245,2025-10-13,Mídia paga,Brasília,DF,Casa,857390.22,431477.37,180.0,678.0,21.0,5347.89,1.0,CONS-020,4.0,Sem retorno,30.0,,,0.5032450335157777,False
PR-004246,2025-01-30,Mídia paga,Recife,PE,Apartamento,928018.74,444357.57,180.0,703.0,33.0,2408.08,0.0,CONS-005,2.0,Sem retorno,31.0,,,0.4788239190083597,False
PR-004247,2024-12-24,Mídia paga,Belo Horizonte,MG,Apartamento,852396.4,489045.25,180.0,698.0,58.0,3034.68,1.0,CONS-022,5.0,Documentação pendente,40.0,,,0.5737298397787696,False
PR-004248,2024-01-11,Indicação,São Paulo,SP,Casa,832050.18,338826.57,60.0,530.0,64.0,3644.27,0.0,CONS-012,3.0,Desistiu,34.0,,,0.4072189131669919,False
PR-004249,2024-10-05,Organico,Campinas,SP,Casa,718513.34,222360.86,180.0,646.0,32.0,6719.05,0.0,CONS-012,3.0,Reprovada crédito,24.0,,,0.30947353044273335,False
PR-004250,2024-11-14,Organico,Florianópolis,SC,Apartamento,1170851.42,731384.88,180.0,667.0,42.0,7516.39,0.0,CONS-012,2.0,Reprovada crédito,14.0,,,0.624660710579315,False
PR-004251,2025-03-24,Mídia paga,Campinas,SP,Imóvel rural,750702.34,445386.74,120.0,589.0,37.0,4906.39,0.0,CONS-016,3.0,Reprovada crédito,23.0,,,0.5932933950891908,False
PR-004252,2024-01-09,Correspondente,Belo Horizonte,MG,Casa,821464.58,571791.38,240.0,618.0,33.0,6415.48,0.0,CONS-022,3.0,Sem retorno,16.0,,,0.6960633409172676,False
PR-004253,2025-06-15,Mídia paga,Florianópolis,SC,Casa,133117.85,63026.72,180.0,739.0,43.0,2499.09,0.0,CONS-029,2.0,Reprovada crédito,2.0,,,0.47346557955976604,False
PR-004254,2025-03-30,Indicação,Porto Alegre,RS,Apartamento,1308332.51,651066.99,84.0,765.0,36.0,3702.63,0.0,CONS-017,4.0,Sem retorno,43.0,,,0.497631133541121,False
PR-004255,2024-11-22,Organico,Salvador,BA,Sala comercial,573254.98,158622.42,60.0,707.0,46.0,6459.3,1.0,CONS-022,2.0,Reprovada crédito,22.0,,,0.2767048268817482,False
PR-004256,2025-01-03,Mídia paga,Campinas,SP,Casa,1167807.78,641636.18,120.0,610.0,59.0,3904.02,0.0,CONS-018,4.0,Problema garantia,35.0,,,0.5494364663335263,False
PR-004257,2024-09-23,Parceria,Salvador,BA,Casa,552498.58,242181.3,84.0,774.0,46.0,7135.82,0.0,CONS-006,6.0,Contratada,34.0,2024-10-27,1.36,0.4383383211591241,True
PR-004259,2024-11-23,Mídia paga,Rio de Janeiro,RJ,Apartamento,318895.33,161742.96,120.0,735.0,52.0,12074.41,0.0,CONS-026,5.0,Desistiu,13.0,,,0.5071976438162327,False
PR-004260,2025-10-05,Indicação,Rio de Janeiro,RJ,Casa,1457638.83,769893.96,180.0,610.0,38.0,8009.7,0.0,CONS-012,1.0,Sem retorno,4.0,,,0.5281788219102258,False
PR-004261,2024-07-08,Correspondente,Salvador,BA,Imóvel rural,947683.15,586930.93,180.0,725.0,34.0,7381.65,0.0,CONS-026,1.0,Desistiu,14.0,,,0.6193324530461474,False
PR-004262,2025-11-10,Organico,Florianópolis,SC,Apartamento,665003.04,324856.77,60.0,832.0,22.0,6796.01,0.0,CONS-029,6.0,Contratada,35.0,2025-11-15,1.23,0.48850418789062977,True
PR-004263,2024-10-06,Parceria,São Paulo,SP,Casa,666762.57,347683.61,240.0,714.0,36.0,5326.95,0.0,CONS-027,2.0,Desistiu,49.0,,,0.5214504017524559,False
PR-004264,2025-09-14,Organico,Curitiba,PR,Casa,628402.9,417537.1,84.0,654.0,34.0,3388.4,0.0,CONS-007,3.0,Reprovada crédito,2.0,,,0.664441714065928,False
PR-004265,2025-02-19,Correspondente,Goiânia,GO,Casa,554798.09,203222.49,180.0,570.0,38.0,2050.97,0.0,CONS-021,4.0,Sem retorno,26.0,,,0.3662999092156211,False
PR-004266,2025-11-07,Correspondente,Curitiba,PR,Imóvel rural,312284.98,131748.39,240.0,699.0,44.0,4195.9,0.0,CONS-010,2.0,Sem retorno,35.0,,,0.4218851319714449,False
PR-004267,2025-05-22,Correspondente,Recife,PE,Casa,1982913.62,1030032.15,180.0,651.0,30.0,4750.75,0.0,CONS-011,3.0,Sem retorno,28.0,,,0.5194538680913392,False
PR-004268,2025-06-12,Indicação,Campinas,SP,Sala comercial,480763.92,252629.96,84.0,721.0,30.0,4324.21,0.0,CONS-018,1.0,Desistiu,24.0,,,0.5254761214194277,False
PR-004269,2024-12-11,Organico,Porto Alegre,RS,Casa,666874.35,251759.29,60.0,656.0,39.0,6218.28,0.0,CONS-010,4.0,Problema garantia,23.0,,,0.37752132766839813,False
PR-004270,2024-08-31,Indicação,Belo Horizonte,MG,Apartamento,1042407.37,477577.77,60.0,606.0,42.0,17282.82,1.0,CONS-013,6.0,Contratada,54.0,2024-10-24,1.16,0.45814888089288935,True
PR-004271,2024-07-16,Correspondente,Santos,SP,Apartamento,306289.93,174215.93,180.0,668.0,42.0,3146.2,0.0,CONS-028,2.0,Desistiu,38.0,,,0.5687941813823262,False
PR-004272,2024-11-25,Organico,Recife,PE,Casa,330985.78,145617.34,120.0,680.0,26.0,12144.96,0.0,CONS-028,4.0,Sem retorno,22.0,,,0.43995044137545725,False
PR-004273,2025-03-14,Mídia paga,Campinas,SP,Apartamento,1030896.38,504440.67,180.0,728.0,36.0,8957.08,0.0,CONS-017,6.0,Contratada,38.0,2025-04-21,1.43,0.48932237981085935,True
PR-004274,2025-03-14,Organico,Brasília,DF,Casa,190261.67,118122.35,60.0,693.0,41.0,3126.53,0.0,CONS-022,4.0,Problema garantia,27.0,,,0.6208415494303188,False
PR-004275,2025-02-17,Correspondente,Rio de Janeiro,RJ,Apartamento,1009314.46,460248.16,84.0,739.0,42.0,7175.67,1.0,CONS-015,3.0,Desistiu,37.0,,,0.456000759168753,False
PR-004276,2025-01-15,Organico,Santos,SP,Apartamento,1276803.91,836142.12,84.0,544.0,41.0,5060.72,0.0,CONS-029,3.0,Sem retorno,31.0,,,0.6548712088452173,False
PR-004277,2025-04-14,Parceria,Campinas,SP,Apartamento,299387.59,130066.28,120.0,591.0,43.0,9116.47,1.0,CONS-029,4.0,Problema garantia,17.0,,,0.4344411202882524,False
PR-004278,2024-05-26,Organico,Santos,SP,Apartamento,1098339.26,554249.8,180.0,726.0,36.0,10223.9,0.0,CONS-015,3.0,Reprovada crédito,39.0,,,0.5046253195028283,False
PR-004279,2025-08-28,Organico,Recife,PE,Apartamento,231537.14,97810.86,60.0,681.0,40.0,2461.76,0.0,CONS-011,6.0,Contratada,60.0,2025-10-27,1.19,0.4224413413761611,True
PR-004280,2024-06-13,Organico,Campinas,SP,Sala comercial,975150.77,482987.44,120.0,618.0,34.0,9400.01,0.0,CONS-019,3.0,Sem retorno,46.0,,,0.49529514292441157,False
PR-004281,2025-01-06,Organico,Brasília,DF,Sala comercial,813337.55,342226.62,240.0,659.0,41.0,7568.98,0.0,CONS-007,3.0,Reprovada crédito,17.0,,,0.4207682529842622,False
PR-004282,2025-06-30,Correspondente,Santos,SP,Apartamento,420297.7,292883.3,180.0,626.0,45.0,5942.59,0.0,CONS-003,2.0,Sem retorno,18.0,,,0.6968472585027231,False
PR-004283,2024-12-29,Organico,Rio de Janeiro,RJ,Sala comercial,1323763.8,685625.93,180.0,717.0,45.0,4452.57,0.0,CONS-007,4.0,Problema garantia,44.0,,,0.5179367572976388,False
PR-004284,2024-08-20,Mídia paga,São Paulo,SP,Apartamento,607149.71,259315.91,120.0,714.0,37.0,3514.5,0.0,CONS-013,2.0,Desistiu,19.0,,,0.4271037369020567,False
PR-004285,2024-12-18,Organico,Goiânia,GO,Apartamento,602017.76,380339.45,120.0,719.0,33.0,6400.26,0.0,CONS-019,3.0,Reprovada crédito,16.0,,,0.6317744679160296,False
PR-004286,2025-05-05,Parceria,Campinas,SP,Sala comercial,1188986.06,725401.91,240.0,660.0,43.0,10727.95,0.0,CONS-002,3.0,Desistiu,19.0,,,0.6101012740216651,False
PR-004287,2024-09-27,Organico,Salvador,BA,Casa,1427952.17,888402.16,240.0,711.0,46.0,9585.92,0.0,CONS-030,6.0,Contratada,33.0,2024-10-30,1.07,0.6221512027255087,True
PR-004288,2025-08-10,Mídia paga,São Paulo,SP,Apartamento,674672.17,277703.75,60.0,675.0,32.0,8213.08,0.0,CONS-003,3.0,Sem retorno,21.0,,,0.4116128726637709,False
PR-004289,2024-10-15,Parceria,Rio de Janeiro,RJ,Imóvel rural,623284.96,202088.91,240.0,760.0,41.0,7726.35,0.0,CONS-027,4.0,Problema garantia,45.0,,,0.3242319692745354,False
PR-004290,2024-05-16,Mídia paga,Porto Alegre,RS,Apartamento,1313603.44,544417.56,240.0,787.0,49.0,6037.39,0.0,CONS-004,3.0,Desistiu,43.0,,,0.4144459000503227,False
PR-004291,2025-01-30,Correspondente,Goiânia,GO,Apartamento,616796.54,358421.36,60.0,701.0,39.0,3989.78,1.0,CONS-008,4.0,Problema garantia,48.0,,,0.5811014439218481,False
PR-004292,2024-06-23,Correspondente,Florianópolis,SC,Apartamento,944613.46,363677.8,240.0,779.0,43.0,3233.48,0.0,CONS-003,4.0,Sem retorno,27.0,,,0.385001712764076,False
PR-004293,2024-02-16,Indicação,Florianópolis,SC,Casa,625288.57,286756.52,84.0,620.0,36.0,5493.51,0.0,CONS-019,4.0,Problema garantia,13.0,,,0.458598691480959,False
PR-004294,2024-04-30,Mídia paga,Porto Alegre,RS,Apartamento,930499.84,301956.11,120.0,663.0,41.0,5449.87,1.0,CONS-009,4.0,Sem retorno,42.0,,,0.32450957756209825,False
PR-004295,2024-12-13,Mídia paga,São Paulo,SP,Apartamento,653996.24,309085.48,60.0,814.0,38.0,2617.7,0.0,CONS-023,6.0,Contratada,22.0,2025-04-01,1.3,0.47261048473306205,True
PR-004296,2024-12-15,Organico,Santos,SP,Apartamento,271884.9,120876.85,240.0,719.0,21.0,2588.96,0.0,CONS-023,5.0,Documentação pendente,36.0,,,0.4445883166001495,False
PR-004297,2025-05-16,Organico,São Paulo,SP,Apartamento,543697.97,275117.47,240.0,640.0,31.0,5065.74,0.0,CONS-024,5.0,Documentação pendente,40.0,,,0.5060115821289529,False
PR-004298,2024-05-05,Organico,Campinas,SP,Apartamento,436854.47,307321.99,240.0,778.0,27.0,5940.48,0.0,CONS-030,6.0,Contratada,36.0,2024-10-06,1.56,0.7034882577715184,True
PR-004299,2024-11-30,Indicação,Rio de Janeiro,RJ,Apartamento,726441.7,174551.59,120.0,722.0,28.0,1903.65,0.0,CONS-009,3.0,Reprovada crédito,30.0,,,0.24028299862191282,False
PR-004300,2024-10-27,Parceria,Rio de Janeiro,RJ,Casa,528690.4,219001.61,180.0,660.0,31.0,10452.55,0.0,CONS-020,2.0,Desistiu,22.0,,,0.414234134003568,False
PR-004302,2024-09-28,Correspondente,Porto Alegre,RS,Apartamento,467030.32,309050.33,120.0,546.0,36.0,11136.97,0.0,CONS-001,2.0,Reprovada crédito,16.0,,,0.6617350453820643,False
PR-004303,2024-03-06,Organico,São Paulo,SP,Casa,705350.59,329176.19,84.0,722.0,25.0,10534.55,0.0,CONS-003,5.0,Documentação pendente,36.0,,,0.46668450365937886,False
PR-004305,2024-09-20,Correspondente,Recife,PE,Apartamento,786321.57,399617.2,60.0,756.0,41.0,15105.37,0.0,CONS-021,4.0,Problema garantia,47.0,,,0.5082109091831222,False
PR-004306,2024-04-10,Parceria,Recife,PE,Casa,578100.26,172393.71,180.0,702.0,27.0,5041.47,0.0,CONS-005,2.0,Sem retorno,12.0,,,0.29820728674296043,False
PR-004307,2024-08-18,Organico,Salvador,BA,Sala comercial,398317.17,122565.79,180.0,664.0,38.0,5314.89,0.0,CONS-021,2.0,Desistiu,11.0,,,0.30770902996724947,False
PR-004308,2025-12-05,Indicação,Brasília,DF,Casa,919756.75,532738.66,60.0,698.0,46.0,2640.58,1.0,CONS-027,6.0,Contratada,33.0,2025-06-14,1.42,0.5792169070789641,True
PR-004310,2025-02-26,Organico,Belo Horizonte,MG,Sala comercial,1056879.24,499496.32,120.0,661.0,45.0,3195.06,0.0,CONS-029,6.0,Contratada,27.0,2025-03-25,1.31,0.47261437361566494,True
PR-004311,2025-06-13,Correspondente,Rio de Janeiro,RJ,Apartamento,606198.16,355181.25,120.0,592.0,49.0,7032.81,1.0,CONS-009,2.0,Sem retorno,36.0,,,0.585916080642673,False
PR-004312,2025-04-15,Organico,Santos,SP,Casa,547526.26,256828.46,180.0,691.0,43.0,9161.29,0.0,CONS-009,6.0,Contratada,28.0,2025-05-13,1.37,0.4690705793727592,True
PR-004314,2025-08-09,Organico,Porto Alegre,RS,Casa,541642.93,321043.57,180.0,667.0,53.0,2307.85,0.0,CONS-019,3.0,Desistiu,22.0,,,0.5927217955194208,False
PR-004315,2025-06-23,Correspondente,São Paulo,SP,Casa,515494.22,228388.8,84.0,660.0,26.0,9291.92,0.0,CONS-024,2.0,Sem retorno,40.0,,,0.44304822661251175,False
PR-004316,2025-06-15,Organico,Curitiba,PR,Sala comercial,469335.46,236238.4,120.0,588.0,58.0,4200.85,1.0,CONS-011,5.0,Documentação pendente,39.0,,,0.50334658284716,False
PR-004319,2024-07-05,Organico,Rio de Janeiro,RJ,Casa,289085.57,124160.59,120.0,717.0,41.0,2561.23,0.0,CONS-016,3.0,Sem retorno,22.0,,,0.4294942497475747,False
PR-004320,2025-05-31,Indicação,Porto Alegre,RS,Casa,518048.48,344136.54,60.0,691.0,54.0,3578.19,0.0,CONS-022,2.0,Desistiu,34.0,,,0.6642940830557016,False
PR-004321,2025-03-21,Parceria,Brasília,DF,Apartamento,1057582.24,403539.69,84.0,822.0,37.0,3570.78,0.0,CONS-020,2.0,Reprovada crédito,32.0,,,0.3815681416889149,False
PR-004322,2024-12-14,Parceria,Recife,PE,Apartamento,710485.34,387639.18,180.0,714.0,52.0,5062.63,0.0,CONS-015,3.0,Sem retorno,25.0,,,0.5455977177516429,False
PR-004323,2025-06-18,Indicação,Rio de Janeiro,RJ,Sala comercial,502233.4,277575.73,180.0,630.0,32.0,8118.81,1.0,CONS-016,6.0,Contratada,20.0,2025-08-07,1.59,0.5526827367514784,True
PR-004324,2024-07-30,Indicação,Porto Alegre,RS,Apartamento,522673.3,251273.14,240.0,713.0,61.0,8112.5,0.0,CONS-021,3.0,Desistiu,28.0,,,0.48074607981697176,False
PR-004325,2025-02-03,Correspondente,Florianópolis,SC,Apartamento,495176.37,223858.32,240.0,604.0,60.0,3100.38,1.0,CONS-014,5.0,Desistiu,41.0,,,0.4520779535582443,False
PR-004326,2024-05-18,Parceria,Salvador,BA,Sala comercial,717440.49,351077.02,84.0,766.0,44.0,2619.39,1.0,CONS-001,6.0,Contratada,54.0,2024-11-07,1.37,0.4893465379964825,True
PR-004327,2025-01-18,Mídia paga,Santos,SP,Apartamento,787799.4,429493.8,120.0,609.0,55.0,5415.42,0.0,CONS-026,3.0,Reprovada crédito,40.0,,,0.5451816794986134,False
PR-004328,2025-02-05,Correspondente,Santos,SP,Sala comercial,1236057.47,449553.3,180.0,754.0,36.0,6226.64,0.0,CONS-026,3.0,Reprovada crédito,46.0,,,0.36369935129310776,False
PR-004329,2025-02-20,Correspondente,Florianópolis,SC,Casa,786758.31,384409.39,180.0,687.0,35.0,6703.44,1.0,CONS-009,5.0,Desistiu,40.0,,,0.4885990845142773,False
PR-004330,2025-05-15,Indicação,Curitiba,PR,Casa,1094443.55,529739.0,84.0,774.0,28.0,5317.13,0.0,CONS-028,4.0,Problema garantia,41.0,,,0.48402587780795087,False
PR-004331,2024-07-10,Parceria,Brasília,DF,Apartamento,993926.01,312274.82,180.0,724.0,29.0,2642.28,0.0,CONS-014,4.0,Sem retorno,26.0,,,0.3141831654048373,False
PR-004332,2025-10-19,Parceria,Santos,SP,Casa,697494.41,403296.77,240.0,581.0,35.0,9458.54,0.0,CONS-017,4.0,Problema garantia,41.0,,,0.578207888433113,False
PR-004333,2025-08-21,Parceria,Belo Horizonte,MG,Apartamento,925565.39,616229.54,240.0,657.0,72.0,3125.22,0.0,CONS-027,2.0,Desistiu,5.0,,,0.6657871466001987,False
PR-004334,2025-09-20,Organico,Florianópolis,SC,Casa,351524.68,175507.89,240.0,608.0,54.0,6639.21,0.0,CONS-016,4.0,Sem retorno,37.0,,,0.4992761532419289,False
PR-004335,2025-08-10,Parceria,Florianópolis,SC,Imóvel rural,1477452.58,690966.2,240.0,585.0,39.0,6376.47,0.0,CONS-018,6.0,Contratada,51.0,2025-11-28,1.13,0.4676740284957233,True
PR-004336,2025-04-04,Indicação,Campinas,SP,Sala comercial,645741.11,336476.94,84.0,764.0,45.0,17012.82,0.0,CONS-007,4.0,Problema garantia,15.0,,,0.5210709598464314,False
PR-004337,2025-11-05,Mídia paga,Santos,SP,Casa,519640.0,193132.91,84.0,590.0,35.0,6094.74,0.0,CONS-009,4.0,Problema garantia,49.0,,,0.3716667500577323,False
PR-004338,2024-04-09,Mídia paga,Curitiba,PR,Sala comercial,669979.84,229566.54,180.0,807.0,24.0,4952.37,0.0,CONS-007,6.0,Contratada,35.0,2024-09-10,1.38,0.34264693695858073,True
PR-004339,2024-08-25,Indicação,Porto Alegre,RS,Casa,1156694.77,555506.0,240.0,696.0,30.0,4923.29,1.0,CONS-003,2.0,Desistiu,44.0,,,0.4802528846914385,False
PR-004340,2024-07-21,Organico,Salvador,BA,Casa,585141.41,175523.88,120.0,721.0,23.0,6297.85,1.0,CONS-028,4.0,Sem retorno,34.0,,,0.299968310224361,False
PR-004341,2024-11-30,Organico,Salvador,BA,Casa,521642.89,288518.29,120.0,622.0,35.0,5448.14,1.0,CONS-013,4.0,Sem retorno,35.0,,,0.5530954136075735,False
PR-004342,2025-05-01,Correspondente,Recife,PE,Apartamento,590413.03,315510.53,240.0,620.0,46.0,3072.0,0.0,CONS-007,4.0,Problema garantia,46.0,,,0.5343895103399057,False
PR-004343,2024-11-26,Organico,Campinas,SP,Apartamento,401311.81,116669.81,240.0,561.0,39.0,3263.47,0.0,CONS-006,5.0,Documentação pendente,28.0,,,0.2907210978914376,False
PR-004344,2025-09-03,Correspondente,Goiânia,GO,Sala comercial,617656.94,307522.9,180.0,582.0,35.0,5827.26,0.0,CONS-020,4.0,Sem retorno,39.0,,,0.49788625381591284,False
PR-004345,2024-07-16,Correspondente,Santos,SP,Apartamento,1560804.93,930496.11,180.0,712.0,44.0,7330.56,0.0,CONS-030,4.0,Sem retorno,27.0,,,0.5961642560931686,False
PR-004346,2024-12-10,Correspondente,Belo Horizonte,MG,Apartamento,1154925.07,759813.63,120.0,621.0,27.0,5602.71,0.0,CONS-030,2.0,Sem retorno,32.0,,,0.6578899789576825,False
PR-004347,2024-09-27,Organico,Curitiba,PR,Casa,448684.83,184213.82,60.0,665.0,25.0,7034.22,0.0,CONS-028,4.0,Problema garantia,38.0,,,0.4105639586700535,False
PR-004348,2025-07-30,Correspondente,Santos,SP,Casa,740241.37,442046.37,60.0,606.0,59.0,8489.06,1.0,CONS-002,4.0,Sem retorno,36.0,,,0.5971651787038058,False
PR-004349,2025-09-11,Parceria,Recife,PE,Apartamento,1177879.84,401955.88,120.0,588.0,41.0,10668.38,0.0,CONS-016,4.0,Sem retorno,17.0,,,0.34125372245100993,False
PR-004350,2025-06-21,Correspondente,Rio de Janeiro,RJ,Apartamento,1637279.71,592519.61,120.0,730.0,33.0,6206.32,1.0,CONS-028,6.0,Contratada,30.0,2025-07-21,1.24,0.3618927214336517,True
PR-004351,2025-08-14,Parceria,Porto Alegre,RS,Apartamento,1519578.34,791604.44,120.0,747.0,44.0,8362.2,0.0,CONS-019,3.0,Desistiu,32.0,,,0.5209369067474335,False
PR-004352,2025-01-22,Parceria,Florianópolis,SC,Casa,359054.81,206521.26,120.0,780.0,40.0,3800.64,0.0,CONS-003,3.0,Desistiu,29.0,,,0.575180318570304,False
PR-004353,2025-03-14,Indicação,Campinas,SP,Casa,644049.32,420035.81,180.0,775.0,38.0,5430.72,0.0,CONS-006,5.0,Desistiu,19.0,,,0.6521795722104016,False
PR-004354,2025-07-02,Parceria,Goiânia,GO,Apartamento,725511.23,360821.46,180.0,528.0,30.0,8943.67,0.0,CONS-015,2.0,Desistiu,24.0,,,0.49733407985979766,False
PR-004355,2025-01-28,Indicação,Campinas,SP,Casa,710134.64,292551.63,84.0,732.0,55.0,5534.72,0.0,CONS-024,6.0,Contratada,35.0,2025-04-03,1.47,0.4119664265356778,True
PR-004357,2024-10-24,Correspondente,Brasília,DF,Apartamento,557600.49,388193.22,180.0,614.0,35.0,4624.98,0.0,CONS-005,3.0,Desistiu,29.0,,,0.6961852203537339,False
PR-004358,2024-04-08,Correspondente,Brasília,DF,Apartamento,1130717.5,526931.79,84.0,680.0,45.0,8089.51,0.0,CONS-022,4.0,Problema garantia,22.0,,,0.4660154194128949,False
PR-004359,2024-12-25,Correspondente,São Paulo,SP,Sala comercial,931108.43,465601.28,84.0,592.0,42.0,4608.2,0.0,CONS-030,4.0,Problema garantia,33.0,,,0.5000505472815878,False
PR-004360,2025-04-18,Correspondente,Santos,SP,Apartamento,485327.39,236190.97,180.0,628.0,44.0,6471.46,0.0,CONS-025,3.0,Desistiu,22.0,,,0.48666317802504405,False
PR-004361,2025-03-02,Correspondente,Porto Alegre,RS,Sala comercial,426926.96,300990.04,60.0,680.0,50.0,13941.89,0.0,CONS-015,3.0,Desistiu,20.0,,,0.7050153028518039,False
PR-004362,2025-07-18,Parceria,São Paulo,SP,Apartamento,708148.4,444128.3,120.0,584.0,44.0,3652.96,0.0,CONS-025,1.0,Sem retorno,36.0,,,0.6271684014254639,False
PR-004363,2024-10-17,Mídia paga,Goiânia,GO,Apartamento,465094.93,298640.01,120.0,796.0,59.0,5538.86,0.0,CONS-007,5.0,Desistiu,43.0,,,0.6421054944632486,False
PR-004364,2024-12-26,Mídia paga,Porto Alegre,RS,Imóvel rural,700235.05,381169.89,60.0,821.0,38.0,3551.26,0.0,CONS-008,6.0,Contratada,15.0,2025-10-01,1.39,0.544345630799258,True
PR-004365,2024-08-29,Correspondente,Florianópolis,SC,Apartamento,479208.31,182936.72,180.0,734.0,47.0,3603.28,0.0,CONS-025,2.0,Desistiu,19.0,,,0.3817478039978063,False
PR-004366,2024-10-12,Correspondente,Florianópolis,SC,Sala comercial,688657.81,316062.22,120.0,541.0,31.0,2929.22,0.0,CONS-011,3.0,Reprovada crédito,27.0,,,0.45895394695371267,False
PR-004367,2025-02-25,Mídia paga,Campinas,SP,Imóvel rural,566371.13,304562.65,84.0,529.0,41.0,2633.05,0.0,CONS-019,3.0,Reprovada crédito,24.0,,,0.5377439524504013,False
PR-004368,2024-07-31,Mídia paga,Rio de Janeiro,RJ,Apartamento,988751.67,484665.99,180.0,713.0,42.0,25313.28,1.0,CONS-001,5.0,Desistiu,27.0,,,0.4901796929455502,False
PR-004369,2024-08-26,Correspondente,Brasília,DF,Apartamento,693759.84,370523.02,60.0,736.0,37.0,2538.67,0.0,CONS-002,1.0,Desistiu,25.0,,,0.5340796607656044,False
PR-004371,2024-12-22,Mídia paga,Curitiba,PR,Casa,776929.19,396205.19,60.0,655.0,40.0,6132.0,0.0,CONS-018,2.0,Reprovada crédito,16.0,,,0.5099630636866662,False
PR-004373,2025-09-30,Correspondente,Salvador,BA,Casa,709352.68,291135.35,84.0,670.0,44.0,6222.79,0.0,CONS-009,6.0,Contratada,58.0,2025-11-27,1.33,0.41042397978957373,True
PR-004374,2025-10-24,Correspondente,Curitiba,PR,Apartamento,993467.01,398413.17,60.0,596.0,41.0,6245.75,1.0,CONS-022,3.0,Reprovada crédito,33.0,,,0.40103311533213365,False
PR-004375,2024-10-17,Correspondente,Recife,PE,Casa,1696440.41,818282.98,240.0,589.0,33.0,3660.67,1.0,CONS-021,3.0,Reprovada crédito,33.0,,,0.4823529168348448,False
PR-004376,2025-09-17,Parceria,Goiânia,GO,Apartamento,358761.77,248702.27,120.0,595.0,37.0,2531.11,0.0,CONS-025,3.0,Reprovada crédito,27.0,,,0.6932240021003352,False
PR-004377,2025-11-15,Correspondente,Salvador,BA,Apartamento,785954.95,256983.51,60.0,638.0,42.0,12101.44,1.0,CONS-009,2.0,Reprovada crédito,7.0,,,0.3269697709773315,False
PR-004378,2024-06-17,Mídia paga,Salvador,BA,Sala comercial,213065.66,152712.64,240.0,647.0,21.0,4480.04,0.0,CONS-013,4.0,Problema garantia,27.0,,,0.716739806874557,False
PR-004379,2025-05-27,Organico,Porto Alegre,RS,Casa,637886.5,309379.0,120.0,546.0,35.0,4439.45,1.0,CONS-001,3.0,Reprovada crédito,37.0,,,0.48500634517269137,False
PR-004380,2025-09-24,Mídia paga,Campinas,SP,Sala comercial,877118.01,569383.86,60.0,727.0,57.0,3751.72,1.0,CONS-018,6.0,Contratada,24.0,2025-10-18,1.09,0.6491530826051559,True
PR-004381,2025-03-25,Organico,Recife,PE,Casa,524965.93,311498.1,240.0,573.0,39.0,8820.03,1.0,CONS-020,2.0,Desistiu,14.0,,,0.5933682210576978,False
PR-004382,2024-12-04,Correspondente,São Paulo,SP,Casa,715090.55,316114.63,180.0,689.0,37.0,3708.05,0.0,CONS-030,3.0,Desistiu,41.0,,,0.4420623793727941,False
PR-004383,2024-12-22,Indicação,Porto Alegre,RS,Casa,485094.41,269914.46,240.0,689.0,49.0,6524.45,1.0,CONS-004,6.0,Contratada,56.0,2025-02-16,1.49,0.5564163479022569,True
PR-004384,2025-02-16,Correspondente,Salvador,BA,Apartamento,1184616.59,496616.26,120.0,571.0,35.0,4161.82,0.0,CONS-024,6.0,Contratada,10.0,2025-02-26,1.2,0.4192210916107464,True
PR-004385,2025-02-17,Correspondente,Brasília,DF,Casa,630282.13,292151.6,84.0,707.0,53.0,11218.01,0.0,CONS-020,2.0,Reprovada crédito,23.0,,,0.4635251200918547,False
PR-004386,2025-01-28,Indicação,São Paulo,SP,Apartamento,717191.82,303011.57,180.0,641.0,29.0,1868.09,0.0,CONS-022,3.0,Sem retorno,36.0,,,0.4224972476679949,False
PR-004387,2024-04-30,Mídia paga,Belo Horizonte,MG,Casa,217295.63,158172.72,120.0,740.0,48.0,21593.77,0.0,CONS-018,3.0,Reprovada crédito,32.0,,,0.727914868789584,False
PR-004388,2025-10-03,Indicação,Santos,SP,Apartamento,664482.23,338049.24,180.0,836.0,48.0,8560.03,0.0,CONS-018,3.0,Sem retorno,42.0,,,0.5087408281783548,False
PR-004389,2025-05-16,Mídia paga,Curitiba,PR,Casa,598091.05,196814.02,180.0,742.0,65.0,5270.49,0.0,CONS-018,2.0,Reprovada crédito,29.0,,,0.3290703313483791,False
PR-004390,2024-11-29,Indicação,Florianópolis,SC,Casa,853866.62,614504.02,120.0,715.0,37.0,11821.28,0.0,CONS-025,6.0,Contratada,18.0,2024-12-17,1.4,0.7196721427053795,True
PR-004391,2024-10-27,Organico,São Paulo,SP,Sala comercial,679389.99,308540.36,120.0,651.0,37.0,5491.31,0.0,CONS-003,2.0,Sem retorno,18.0,,,0.45414322339367996,False
PR-004392,2025-02-17,Mídia paga,Salvador,BA,Casa,274546.0,152439.24,120.0,582.0,25.0,6710.61,0.0,CONS-004,3.0,Reprovada crédito,20.0,,,0.5552411617725262,False
PR-004393,2025-04-21,Indicação,Recife,PE,Apartamento,540403.52,232249.52,60.0,681.0,39.0,8249.01,0.0,CONS-001,4.0,Problema garantia,27.0,,,0.42977055367811073,False
PR-004394,2024-11-18,Organico,Santos,SP,Apartamento,238490.09,167142.18,180.0,869.0,47.0,6675.71,0.0,CONS-013,6.0,Contratada,47.0,2025-04-01,1.63,0.700834906808916,True
PR-004395,2025-06-23,Parceria,Florianópolis,SC,Apartamento,726952.67,333051.45,240.0,654.0,43.0,3431.1,0.0,CONS-009,3.0,Desistiu,39.0,,,0.4581473646695596,False
PR-004396,2024-06-22,Mídia paga,Salvador,BA,Sala comercial,340139.88,174724.13,84.0,495.0,33.0,10859.36,0.0,CONS-022,4.0,Sem retorno,32.0,,,0.5136831647027099,False
PR-004397,2025-08-02,Parceria,Salvador,BA,Apartamento,1376056.31,928461.97,180.0,705.0,46.0,8503.37,1.0,CONS-015,4.0,Problema garantia,32.0,,,0.674726726844485,False
PR-004398,2024-12-04,Mídia paga,Brasília,DF,Apartamento,1286502.79,806007.28,240.0,618.0,54.0,7384.73,0.0,CONS-016,5.0,Desistiu,32.0,,,0.6265103241633856,False
PR-004400,2025-06-03,Mídia paga,Belo Horizonte,MG,Casa,1549253.5,622872.36,84.0,491.0,36.0,12850.13,0.0,CONS-021,2.0,Desistiu,40.0,,,0.4020467663942667,False
PR-004401,2025-06-29,Organico,Salvador,BA,Casa,420857.6,250992.12,120.0,700.0,29.0,6288.5,0.0,CONS-005,2.0,Desistiu,14.0,,,0.5963825293876124,False
PR-004402,2025-01-30,Correspondente,Goiânia,GO,Apartamento,430235.59,132232.94,120.0,702.0,49.0,9398.27,0.0,CONS-017,3.0,Reprovada crédito,28.0,,,0.3073500730146476,False
PR-004403,2024-09-13,Correspondente,Curitiba,PR,Apartamento,2113719.17,631342.22,120.0,744.0,41.0,6228.17,0.0,CONS-022,4.0,Sem retorno,47.0,,,0.2986878431915816,False
PR-004404,2025-06-18,Parceria,São Paulo,SP,Casa,366512.01,206963.03,60.0,609.0,44.0,6177.16,0.0,CONS-029,3.0,Sem retorno,13.0,,,0.5646828053465424,False
PR-004405,2025-05-06,Indicação,São Paulo,SP,Casa,839120.77,404516.22,84.0,562.0,38.0,3094.24,0.0,CONS-019,6.0,Contratada,57.0,2025-01-08,1.41,0.4820715139728933,True
PR-004407,2025-05-05,Organico,Brasília,DF,Casa,768457.25,404717.12,120.0,704.0,32.0,4916.78,1.0,CONS-008,6.0,Contratada,40.0,2025-06-14,1.42,0.5266618539938298,True
PR-004408,2024-09-16,Mídia paga,Rio de Janeiro,RJ,Apartamento,410537.58,155641.88,180.0,701.0,37.0,3771.4,1.0,CONS-006,3.0,Reprovada crédito,40.0,,,0.3791172540160635,False
PR-004409,2025-09-06,Parceria,Brasília,DF,Casa,293001.32,165104.65,180.0,796.0,35.0,4211.7,0.0,CONS-014,6.0,Contratada,35.0,2025-07-14,1.57,0.5634945603658031,True
PR-004410,2024-10-07,Organico,Recife,PE,Casa,471283.65,327554.4,84.0,709.0,38.0,2641.88,0.0,CONS-006,4.0,Sem retorno,46.0,,,0.6950260209536232,False
PR-004411,2025-03-22,Mídia paga,Santos,SP,Apartamento,935212.99,444306.99,84.0,695.0,58.0,6055.95,0.0,CONS-001,6.0,Contratada,23.0,2025-04-14,0.99,0.47508641854942585,True
PR-004412,2024-07-07,Indicação,Porto Alegre,RS,Casa,681934.48,364918.28,120.0,733.0,38.0,4206.5,0.0,CONS-022,3.0,Sem retorno,34.0,,,0.5351222011827295,False
PR-004413,2025-06-18,Correspondente,Rio de Janeiro,RJ,Imóvel rural,693058.8,305521.55,120.0,583.0,43.0,6503.58,0.0,CONS-002,4.0,Sem retorno,39.0,,,0.4408306337066927,False
PR-004414,2025-02-13,Parceria,Curitiba,PR,Apartamento,699804.85,335009.18,60.0,661.0,21.0,4775.64,0.0,CONS-029,6.0,Contratada,34.0,2025-03-19,1.42,0.4787180025974384,True
PR-004415,2024-04-13,Mídia paga,Florianópolis,SC,Apartamento,1565047.06,739189.5,120.0,707.0,35.0,15500.63,0.0,CONS-009,6.0,Contratada,21.0,2024-04-05,1.4,0.47231135656713097,True
PR-004416,2025-07-23,Correspondente,Recife,PE,Apartamento,375766.63,114175.42,60.0,706.0,49.0,5136.16,0.0,CONS-004,3.0,Sem retorno,27.0,,,0.30384661884425446,False
PR-004418,2025-01-24,Indicação,São Paulo,SP,Sala comercial,799076.1,429163.0,84.0,711.0,31.0,4786.73,1.0,CONS-016,5.0,Desistiu,43.0,,,0.5370740033396069,False
PR-004419,2025-08-09,Correspondente,Salvador,BA,Sala comercial,406109.6,169018.45,60.0,633.0,32.0,1800.0,0.0,CONS-016,5.0,Documentação pendente,20.0,,,0.41618925038955007,False
PR-004420,2025-04-22,Parceria,Campinas,SP,Sala comercial,1233375.24,561513.33,60.0,628.0,38.0,4355.92,0.0,CONS-015,6.0,Contratada,18.0,2025-10-05,1.41,0.4552656091912466,True
PR-004421,2025-08-26,Correspondente,Campinas,SP,Apartamento,796142.24,348487.8,84.0,694.0,30.0,5807.38,1.0,CONS-030,3.0,Sem retorno,45.0,,,0.43772052592009186,False
PR-004422,2025-10-03,Correspondente,Belo Horizonte,MG,Apartamento,668775.07,320512.34,240.0,744.0,37.0,2566.06,0.0,CONS-003,3.0,Desistiu,22.0,,,0.4792528226268961,False
PR-004424,2024-11-22,Correspondente,São Paulo,SP,Apartamento,844212.78,520064.59,240.0,794.0,33.0,2278.22,0.0,CONS-021,3.0,Sem retorno,28.0,,,0.616034964550051,False
PR-004425,2025-04-23,Correspondente,Santos,SP,Sala comercial,579155.41,328401.06,180.0,580.0,41.0,4350.32,0.0,CONS-020,3.0,Desistiu,32.0,,,0.5670344338145783,False
PR-004426,2024-12-16,Correspondente,Campinas,SP,Apartamento,701678.41,331147.18,180.0,544.0,31.0,2337.49,0.0,CONS-006,2.0,Reprovada crédito,20.0,,,0.47193582598615225,False
PR-004427,2025-02-01,Correspondente,Florianópolis,SC,Apartamento,1587091.01,863385.37,60.0,626.0,36.0,2983.93,0.0,CONS-013,6.0,Contratada,24.0,2025-01-26,1.24,0.5440049528098581,True
PR-004428,2024-12-18,Organico,Salvador,BA,Casa,1179648.47,748899.51,120.0,620.0,55.0,3913.08,0.0,CONS-020,4.0,Sem retorno,20.0,,,0.6348497277328728,False
PR-004429,2024-09-10,Organico,Campinas,SP,Casa,508634.21,333526.18,60.0,746.0,42.0,2939.26,0.0,CONS-016,3.0,Sem retorno,28.0,,,0.655728956964967,False
PR-004430,2024-01-07,Indicação,Belo Horizonte,MG,Apartamento,443951.88,161767.89,120.0,755.0,47.0,16027.2,0.0,CONS-007,6.0,Contratada,24.0,2024-07-25,1.5,0.36438158567996154,True
PR-004431,2024-10-13,Parceria,Rio de Janeiro,RJ,Apartamento,632431.56,384413.68,60.0,655.0,38.0,4542.05,0.0,CONS-027,4.0,Sem retorno,34.0,,,0.607834435081007,False
PR-004432,2024-11-29,Mídia paga,Porto Alegre,RS,Apartamento,814991.96,433167.91,180.0,611.0,41.0,6965.02,0.0,CONS-020,5.0,Documentação pendente,36.0,,,0.5314996113581292,False
PR-004434,2024-10-22,Organico,Florianópolis,SC,Imóvel rural,573018.82,265734.79,240.0,616.0,39.0,6008.01,0.0,CONS-019,4.0,Problema garantia,36.0,,,0.4637453094472534,False
PR-004435,2025-09-10,Organico,Belo Horizonte,MG,Apartamento,1369955.47,908421.41,180.0,708.0,49.0,4392.58,0.0,CONS-011,6.0,Contratada,28.0,2025-06-11,1.46,0.6631028744313857,True
PR-004436,2025-01-28,Indicação,Rio de Janeiro,RJ,Casa,1641373.99,855159.02,120.0,687.0,34.0,14109.15,0.0,CONS-030,3.0,Reprovada crédito,27.0,,,0.5210019320459685,False
PR-004437,2024-08-21,Organico,Santos,SP,Sala comercial,2141824.22,1068828.81,240.0,725.0,46.0,4154.34,0.0,CONS-027,3.0,Sem retorno,42.0,,,0.499027324473901,False
PR-004438,2025-01-16,Organico,Recife,PE,Imóvel rural,643214.27,417952.63,84.0,696.0,46.0,8160.32,0.0,CONS-023,2.0,Reprovada crédito,25.0,,,0.6497875583512784,False
PR-004439,2024-10-15,Mídia paga,Goiânia,GO,Casa,361913.7,183772.0,120.0,852.0,48.0,9745.89,0.0,CONS-028,6.0,Contratada,39.0,2024-11-23,1.37,0.5077785118385958,True
PR-004440,2025-08-19,Mídia paga,Campinas,SP,Apartamento,294629.96,152090.55,240.0,602.0,30.0,3719.28,0.0,CONS-014,4.0,Problema garantia,17.0,,,0.5162087046408993,False
PR-004441,2024-09-20,Organico,Curitiba,PR,Apartamento,558911.47,200987.93,120.0,638.0,49.0,2885.04,0.0,CONS-017,6.0,Contratada,25.0,2024-10-15,1.36,0.35960602132570296,True
PR-004442,2025-09-19,Indicação,Santos,SP,Casa,549262.48,183122.95,180.0,621.0,43.0,5894.79,0.0,CONS-021,2.0,Sem retorno,31.0,,,0.3333978865623591,False
PR-004444,2025-03-19,Correspondente,Belo Horizonte,MG,Casa,676973.09,275954.48,84.0,550.0,56.0,5155.07,0.0,CONS-002,3.0,Desistiu,28.0,,,0.407629910370588,False
PR-004446,2025-05-28,Parceria,Belo Horizonte,MG,Apartamento,682925.52,381119.77,180.0,604.0,56.0,5457.25,1.0,CONS-028,6.0,Contratada,33.0,2025-06-30,1.34,0.5580693045414381,True
PR-004447,2025-06-05,Correspondente,Campinas,SP,Casa,1431859.42,617124.89,60.0,603.0,41.0,4269.77,1.0,CONS-020,2.0,Desistiu,36.0,,,0.43099544646638566,False
PR-004448,2025-01-26,Parceria,Brasília,DF,Casa,461554.06,222726.28,84.0,707.0,31.0,6356.33,0.0,CONS-004,5.0,Desistiu,39.0,,,0.482557297838524,False
PR-004449,2025-02-13,Organico,Rio de Janeiro,RJ,Apartamento,973497.82,490721.31,240.0,673.0,42.0,6905.93,0.0,CONS-004,4.0,Sem retorno,40.0,,,0.5040805432928448,False
PR-004450,2025-10-18,Correspondente,Brasília,DF,Apartamento,514189.97,292419.91,60.0,686.0,45.0,6337.15,0.0,CONS-027,3.0,Sem retorno,20.0,,,0.5687001440343148,False
PR-004451,2024-04-22,Parceria,Goiânia,GO,Casa,1061784.15,575136.09,60.0,667.0,35.0,4171.68,0.0,CONS-026,4.0,Sem retorno,28.0,,,0.5416695003405353,False
PR-004452,2025-01-22,Mídia paga,Belo Horizonte,MG,Apartamento,788354.86,236313.96,84.0,625.0,21.0,12821.67,0.0,CONS-002,3.0,Sem retorno,28.0,,,0.29975582315811433,False
PR-004453,2025-04-29,Indicação,São Paulo,SP,Casa,973537.64,649858.78,180.0,631.0,26.0,12051.16,0.0,CONS-023,3.0,Desistiu,37.0,,,0.6675230143130367,False
PR-004454,2025-10-26,Mídia paga,Curitiba,PR,Apartamento,362695.27,215209.23,84.0,712.0,46.0,13776.88,0.0,CONS-002,3.0,Desistiu,33.0,,,0.5933610052317473,False
PR-004455,2024-06-18,Correspondente,Santos,SP,Casa,667535.74,389663.14,84.0,659.0,46.0,3999.7,0.0,CONS-004,2.0,Desistiu,23.0,,,0.5837337488476647,False
PR-004457,2025-01-25,Correspondente,São Paulo,SP,Casa,754759.25,272411.28,120.0,632.0,26.0,4068.04,1.0,CONS-024,2.0,Desistiu,16.0,,,0.36092473195923075,False
PR-004458,2024-04-27,Mídia paga,Goiânia,GO,Sala comercial,325193.51,153981.26,180.0,767.0,45.0,5613.13,0.0,CONS-021,6.0,Contratada,27.0,2024-05-24,1.28,0.47350655921761786,True
PR-004459,2025-07-22,Correspondente,Recife,PE,Casa,418658.37,155442.47,84.0,659.0,52.0,4337.43,0.0,CONS-029,5.0,Desistiu,33.0,,,0.37128714278422287,False
PR-004460,2024-08-27,Mídia paga,Florianópolis,SC,Apartamento,1373266.83,895605.1,60.0,643.0,37.0,3878.09,0.0,CONS-014,3.0,Desistiu,23.0,,,0.6521712171552269,False
PR-004461,2025-10-01,Mídia paga,Campinas,SP,Apartamento,1441680.07,751751.63,240.0,651.0,40.0,2926.19,0.0,CONS-015,4.0,Sem retorno,45.0,,,0.5214413694433606,False
PR-004462,2024-11-28,Correspondente,Rio de Janeiro,RJ,Casa,1528859.84,822705.0,84.0,623.0,45.0,5938.15,0.0,CONS-024,4.0,Sem retorno,35.0,,,0.5381166922404084,False
PR-004463,2024-05-24,Indicação,Belo Horizonte,MG,Casa,613688.86,292604.97,180.0,747.0,29.0,1843.4,1.0,CONS-013,1.0,Sem retorno,9.0,,,0.4767969390873414,False
PR-004464,2025-06-09,Indicação,Recife,PE,Casa,670973.14,431596.99,60.0,759.0,23.0,3144.07,0.0,CONS-011,6.0,Contratada,36.0,2025-12-10,1.31,0.6432403389500807,True
PR-004465,2025-03-14,Mídia paga,Brasília,DF,Apartamento,505656.48,209497.24,60.0,701.0,59.0,2982.19,0.0,CONS-030,3.0,Reprovada crédito,17.0,,,0.41430743654269003,False
PR-004466,2025-06-26,Indicação,Recife,PE,Imóvel rural,506633.04,296028.69,120.0,645.0,38.0,7083.66,0.0,CONS-030,5.0,Desistiu,33.0,,,0.5843059307778269,False
PR-004467,2024-01-12,Organico,Curitiba,PR,Apartamento,844411.53,482501.91,60.0,778.0,24.0,5155.23,1.0,CONS-005,6.0,Contratada,18.0,2024-12-19,1.08,0.5714061128464222,True
PR-004468,2025-02-16,Correspondente,Rio de Janeiro,RJ,Apartamento,1009479.86,552285.1,120.0,772.0,35.0,5405.53,0.0,CONS-006,4.0,Problema garantia,41.0,,,0.5470986810970156,False
PR-004469,2024-03-05,Correspondente,Salvador,BA,Casa,593499.69,310185.64,60.0,598.0,59.0,6567.78,1.0,CONS-029,5.0,Desistiu,36.0,,,0.5226382510831641,False
PR-004470,2025-08-17,Mídia paga,Goiânia,GO,Sala comercial,1078630.29,492248.83,84.0,657.0,44.0,7041.06,0.0,CONS-001,4.0,Sem retorno,44.0,,,0.45636473828303115,False
PR-004471,2025-03-03,Correspondente,Campinas,SP,Apartamento,567686.12,382760.4,180.0,656.0,53.0,25166.82,0.0,CONS-012,2.0,Sem retorno,26.0,,,0.6742465360963907,False
PR-004472,2025-05-07,Parceria,Florianópolis,SC,Apartamento,675402.25,397617.5,180.0,689.0,45.0,3168.74,1.0,CONS-026,5.0,Documentação pendente,36.0,,,0.5887121341393221,False
PR-004473,2025-05-26,Parceria,Florianópolis,SC,Apartamento,364752.7,215647.75,120.0,749.0,36.0,11561.52,0.0,CONS-023,1.0,Sem retorno,26.0,,,0.5912163227304418,False
PR-004474,2024-11-29,Mídia paga,Curitiba,PR,Sala comercial,449161.54,158804.08,84.0,643.0,39.0,5518.4,0.0,CONS-027,3.0,Sem retorno,42.0,,,0.3535567181464379,False
PR-004475,2025-03-01,Organico,Santos,SP,Casa,591801.88,278711.57,84.0,731.0,41.0,7459.35,1.0,CONS-007,6.0,Contratada,9.0,2025-12-01,1.42,0.4709541814906029,True
PR-004476,2025-03-05,Parceria,Santos,SP,Apartamento,857610.95,336591.88,240.0,637.0,21.0,7014.15,1.0,CONS-002,2.0,Reprovada crédito,27.0,,,0.3924761921475,False
PR-004477,2024-07-12,Mídia paga,Recife,PE,Apartamento,572107.09,267708.81,84.0,595.0,30.0,3854.49,0.0,CONS-020,2.0,Reprovada crédito,35.0,,,0.4679347882229532,False
PR-004478,2024-02-28,Mídia paga,Goiânia,GO,Apartamento,455229.8,172447.59,240.0,714.0,28.0,6342.6,0.0,CONS-016,6.0,Contratada,30.0,2024-03-29,1.18,0.37881437023674636,True
PR-004479,2024-06-14,Organico,Campinas,SP,Casa,549500.56,221329.1,120.0,716.0,41.0,3621.8,0.0,CONS-004,6.0,Contratada,37.0,2024-07-21,1.34,0.40278230107718177,True
PR-004480,2025-04-03,Mídia paga,Campinas,SP,Sala comercial,1758311.2,997989.32,240.0,770.0,33.0,2943.75,0.0,CONS-006,5.0,Documentação pendente,51.0,,,0.5675840090195637,False
PR-004481,2024-05-21,Mídia paga,Belo Horizonte,MG,Apartamento,518350.94,248072.51,84.0,675.0,53.0,7943.4,0.0,CONS-025,3.0,Desistiu,25.0,,,0.4785802259758611,False
PR-004482,2024-06-08,Parceria,Recife,PE,Apartamento,543510.23,226242.14,84.0,708.0,43.0,8719.46,0.0,CONS-004,3.0,Desistiu,35.0,,,0.41626105179289824,False
PR-004483,2024-09-10,Mídia paga,São Paulo,SP,Apartamento,751650.8,399169.02,84.0,635.0,40.0,4546.61,0.0,CONS-003,2.0,Reprovada crédito,25.0,,,0.53105646930729,False
PR-004484,2025-01-23,Mídia paga,Curitiba,PR,Casa,543198.55,159296.61,120.0,536.0,48.0,6965.45,0.0,CONS-002,2.0,Sem retorno,22.0,,,0.2932566922352793,False
PR-004485,2025-07-29,Organico,São Paulo,SP,Casa,571491.95,364562.26,180.0,769.0,41.0,2471.93,0.0,CONS-007,6.0,Contratada,28.0,2025-08-26,1.4,0.6379132024519332,True
PR-004486,2024-04-06,Mídia paga,Santos,SP,Apartamento,631419.34,394796.69,84.0,686.0,51.0,7411.45,0.0,CONS-011,3.0,Desistiu,40.0,,,0.6252527678357144,False
PR-004487,2025-02-22,Indicação,São Paulo,SP,Sala comercial,340145.25,222619.68,120.0,776.0,21.0,3027.93,1.0,CONS-008,2.0,Desistiu,17.0,,,0.6544841652205933,False
PR-004488,2024-10-22,Organico,Belo Horizonte,MG,Apartamento,658166.66,309601.24,84.0,661.0,41.0,3535.55,0.0,CONS-016,2.0,Reprovada crédito,18.0,,,0.4703994577908276,False
PR-004489,2024-03-11,Correspondente,Campinas,SP,Apartamento,850569.03,256263.44,240.0,759.0,41.0,2013.38,1.0,CONS-014,6.0,Contratada,33.0,2024-06-12,1.17,0.30128470583980704,True
PR-004490,2025-07-02,Correspondente,Santos,SP,Casa,1006784.57,535365.34,180.0,633.0,31.0,1979.4,1.0,CONS-005,2.0,Sem retorno,43.0,,,0.5317575933846503,False
PR-004491,2025-03-19,Organico,Recife,PE,Casa,807244.93,462720.16,60.0,604.0,43.0,4473.73,0.0,CONS-007,3.0,Reprovada crédito,28.0,,,0.5732091250173599,False
PR-004492,2024-05-22,Mídia paga,Porto Alegre,RS,Apartamento,910433.05,486478.72,240.0,746.0,44.0,7883.37,1.0,CONS-030,3.0,Desistiu,16.0,,,0.534337719835632,False
PR-004493,2025-04-22,Correspondente,Belo Horizonte,MG,Casa,2147330.58,1090224.24,60.0,637.0,57.0,3477.4,0.0,CONS-007,3.0,Desistiu,29.0,,,0.5077114116262433,False
PR-004495,2024-12-01,Organico,Porto Alegre,RS,Apartamento,1978523.16,943976.92,240.0,780.0,33.0,8563.21,1.0,CONS-027,3.0,Reprovada crédito,27.0,,,0.47711188783860387,False
PR-004496,2024-11-13,Organico,Porto Alegre,RS,Apartamento,524922.36,183150.89,180.0,668.0,41.0,2431.86,0.0,CONS-028,5.0,Desistiu,43.0,,,0.34891043696443036,False
PR-004497,2025-03-27,Indicação,Campinas,SP,Casa,358880.25,134072.93,180.0,680.0,43.0,6551.95,0.0,CONS-028,6.0,Contratada,54.0,2025-05-20,1.17,0.3735868162151581,True
PR-004498,2024-08-23,Parceria,Rio de Janeiro,RJ,Casa,630232.42,375026.24,60.0,710.0,52.0,6246.67,0.0,CONS-029,2.0,Sem retorno,25.0,,,0.5950602160390288,False
PR-004499,2025-04-30,Correspondente,Florianópolis,SC,Apartamento,252055.23,62683.37,120.0,728.0,31.0,9534.93,0.0,CONS-023,4.0,Sem retorno,41.0,,,0.2486890274008597,False
PR-004500,2024-07-10,Mídia paga,São Paulo,SP,Sala comercial,332791.58,152419.98,180.0,669.0,43.0,9101.62,0.0,CONS-009,3.0,Reprovada crédito,38.0,,,0.4580043160947762,False
PR-004501,2025-05-12,Indicação,Rio de Janeiro,RJ,Sala comercial,448185.86,193841.03,84.0,741.0,31.0,9678.33,0.0,CONS-005,6.0,Contratada,28.0,2026-02-01,1.28,0.432501440362264,True
PR-004502,2024-11-22,Parceria,Rio de Janeiro,RJ,Apartamento,318269.64,173851.37,84.0,920.0,24.0,2285.42,1.0,CONS-024,6.0,Contratada,13.0,2024-05-12,1.46,0.5462392517237898,True
PR-004503,2024-02-12,Correspondente,Campinas,SP,Imóvel rural,498483.74,114651.26,240.0,697.0,34.0,7589.93,0.0,CONS-026,4.0,Problema garantia,36.0,,,0.22999999959878328,False
PR-004504,2024-07-02,Organico,Belo Horizonte,MG,Sala comercial,422678.7,189712.09,120.0,686.0,53.0,4547.13,0.0,CONS-025,1.0,Sem retorno,24.0,,,0.44883286051556415,False
PR-004505,2024-12-20,Mídia paga,Campinas,SP,Casa,1247666.32,770813.53,240.0,531.0,31.0,5840.19,1.0,CONS-013,4.0,Sem retorno,29.0,,,0.6178042299001868,False
PR-004506,2025-02-13,Organico,São Paulo,SP,Sala comercial,471407.42,270972.63,84.0,710.0,21.0,6461.13,0.0,CONS-004,2.0,Sem retorno,41.0,,,0.5748162173603462,False
PR-004507,2025-04-25,Correspondente,Florianópolis,SC,Apartamento,1382042.52,520902.8,120.0,659.0,33.0,3713.39,0.0,CONS-016,5.0,Desistiu,52.0,,,0.37690794057479504,False
PR-004508,2025-07-19,Correspondente,Recife,PE,Sala comercial,1218426.26,635527.16,180.0,583.0,52.0,12423.06,0.0,CONS-017,3.0,Reprovada crédito,25.0,,,0.5215967357761971,False
PR-004509,2025-08-19,Indicação,Belo Horizonte,MG,Apartamento,513328.95,232351.97,240.0,734.0,32.0,1800.0,0.0,CONS-019,6.0,Contratada,40.0,2025-09-28,1.57,0.4526375728468071,True
PR-004511,2024-05-22,Correspondente,Salvador,BA,Apartamento,576601.66,348029.1,180.0,648.0,41.0,7812.77,1.0,CONS-030,2.0,Sem retorno,23.0,,,0.6035867118384639,False
PR-004512,2025-07-08,Parceria,Rio de Janeiro,RJ,Apartamento,323248.03,159227.57,84.0,695.0,51.0,8622.02,0.0,CONS-018,5.0,Desistiu,45.0,,,0.49258635853093985,False
PR-004513,2024-12-02,Indicação,Belo Horizonte,MG,Casa,794620.77,527530.88,60.0,739.0,55.0,5923.13,0.0,CONS-030,2.0,Sem retorno,10.0,,,0.6638775374572703,False
PR-004515,2025-06-03,Parceria,Porto Alegre,RS,Apartamento,507627.3,266355.76,180.0,662.0,44.0,3939.97,0.0,CONS-029,5.0,Desistiu,42.0,,,0.5247073197205903,False
PR-004516,2025-06-22,Mídia paga,Santos,SP,Casa,1258157.0,740672.0,84.0,467.0,36.0,1800.0,0.0,CONS-022,3.0,Reprovada crédito,23.0,,,0.5886960053475043,False
PR-004517,2024-05-17,Parceria,São Paulo,SP,Casa,431181.95,169613.14,120.0,760.0,34.0,2039.88,1.0,CONS-028,5.0,Documentação pendente,40.0,,,0.3933679041991438,False
PR-004518,2025-09-25,Indicação,São Paulo,SP,Casa,322052.69,91616.1,240.0,771.0,40.0,7176.89,0.0,CONS-025,4.0,Sem retorno,30.0,,,0.2844754999562339,False
PR-004519,2025-01-20,Correspondente,Curitiba,PR,Casa,1116824.56,594175.61,60.0,618.0,49.0,8414.03,0.0,CONS-026,1.0,Sem retorno,24.0,,,0.5320223348240121,False
PR-004520,2025-04-17,Correspondente,Brasília,DF,Sala comercial,1240983.75,683170.35,120.0,642.0,56.0,4105.56,1.0,CONS-011,2.0,Sem retorno,35.0,,,0.5505070876230248,False
PR-004521,2025-05-26,Parceria,Santos,SP,Apartamento,1181171.69,516991.08,84.0,623.0,46.0,7146.74,1.0,CONS-010,4.0,Sem retorno,45.0,,,0.437693422875721,False
PR-004522,2025-05-29,Organico,Goiânia,GO,Apartamento,920155.66,527491.31,60.0,698.0,37.0,4306.09,0.0,CONS-012,3.0,Sem retorno,46.0,,,0.5732631259367573,False
PR-004523,2024-02-20,Organico,Campinas,SP,Casa,1017890.15,479026.84,84.0,605.0,56.0,3416.09,1.0,CONS-012,3.0,Desistiu,13.0,,,0.470607599454617,False
PR-004524,2025-07-04,Mídia paga,Salvador,BA,Apartamento,771111.96,273450.19,84.0,734.0,52.0,3307.43,0.0,CONS-004,2.0,Sem retorno,37.0,,,0.3546180116308921,False
PR-004525,2025-03-29,Correspondente,Salvador,BA,Apartamento,812626.79,374224.49,60.0,583.0,41.0,3320.16,0.0,CONS-028,3.0,Sem retorno,35.0,,,0.4605121251294213,False
PR-004526,2025-02-05,Mídia paga,Brasília,DF,Casa,1339123.9,580631.75,60.0,596.0,38.0,4697.35,0.0,CONS-011,4.0,Problema garantia,15.0,,,0.4335907603471195,False
PR-004527,2025-03-02,Mídia paga,Curitiba,PR,Casa,2835498.34,1149492.45,60.0,636.0,49.0,4937.7,0.0,CONS-009,3.0,Desistiu,34.0,,,0.4053934484052634,False
PR-004528,2025-02-21,Correspondente,Recife,PE,Apartamento,293732.38,110674.11,240.0,830.0,42.0,4920.62,0.0,CONS-027,6.0,Contratada,32.0,2025-03-25,1.11,0.37678552837790646,True
PR-004529,2025-03-29,Correspondente,Curitiba,PR,Apartamento,985143.68,368238.37,120.0,687.0,39.0,1800.0,0.0,CONS-006,4.0,Problema garantia,19.0,,,0.37379153668224313,False
PR-004530,2025-04-18,Indicação,Curitiba,PR,Apartamento,450203.03,216605.85,240.0,732.0,42.0,11722.91,0.0,CONS-018,4.0,Problema garantia,30.0,,,0.4811292585036578,False
PR-004531,2024-06-29,Correspondente,Recife,PE,Casa,330372.58,92637.83,240.0,578.0,44.0,6031.75,0.0,CONS-004,5.0,Desistiu,35.0,,,0.2804041122298951,False
PR-004533,2024-10-28,Indicação,Brasília,DF,Casa,811561.41,418577.08,60.0,644.0,36.0,2732.4,0.0,CONS-012,2.0,Desistiu,19.0,,,0.5157675991518621,False
PR-004534,2024-11-16,Organico,Rio de Janeiro,RJ,Casa,1569938.52,959970.0,240.0,809.0,55.0,11913.47,0.0,CONS-008,2.0,Reprovada crédito,22.0,,,0.6114698045627927,False
PR-004535,2024-01-18,Organico,Florianópolis,SC,Apartamento,1924469.01,694479.32,120.0,617.0,49.0,6750.63,1.0,CONS-007,3.0,Reprovada crédito,12.0,,,0.36086801938161633,False
PR-004536,2025-06-04,Correspondente,Campinas,SP,Apartamento,821951.09,318403.61,60.0,660.0,38.0,4335.9,0.0,CONS-016,2.0,Desistiu,24.0,,,0.38737537290692076,False
PR-004537,2025-06-14,Mídia paga,Rio de Janeiro,RJ,Apartamento,981598.21,555576.56,180.0,654.0,43.0,4383.58,1.0,CONS-015,1.0,Sem retorno,17.0,,,0.5659918226623499,False
PR-004538,2024-04-30,Mídia paga,Florianópolis,SC,Casa,1519684.0,899489.93,84.0,679.0,32.0,2228.56,1.0,CONS-004,5.0,Documentação pendente,32.0,,,0.591892742175347,False
PR-004539,2024-10-09,Correspondente,Recife,PE,Apartamento,1110106.87,644293.24,60.0,638.0,44.0,12291.91,0.0,CONS-011,2.0,Desistiu,21.0,,,0.5803884809757099,False
PR-004540,2025-08-17,Mídia paga,Curitiba,PR,Apartamento,452224.7,279529.64,180.0,723.0,39.0,5095.96,0.0,CONS-013,3.0,Desistiu,14.0,,,0.618121124299491,False
PR-004541,2024-06-13,Mídia paga,Rio de Janeiro,RJ,Apartamento,1362720.95,670110.49,120.0,628.0,44.0,10172.38,0.0,CONS-027,3.0,Desistiu,30.0,,,0.49174446903454444,False
PR-004542,2024-09-06,Indicação,Campinas,SP,Casa,501137.1,256403.12,60.0,612.0,27.0,2118.89,1.0,CONS-026,6.0,Contratada,24.0,2024-03-07,1.41,0.511642662257494,True
PR-004543,2025-09-20,Correspondente,Florianópolis,SC,Sala comercial,646642.83,256644.8,240.0,611.0,41.0,4964.57,0.0,CONS-018,6.0,Contratada,35.0,2025-10-25,1.12,0.3968880316820338,True
PR-004544,2024-02-18,Indicação,São Paulo,SP,Apartamento,974395.97,384221.9,240.0,808.0,46.0,4188.81,0.0,CONS-010,6.0,Contratada,53.0,2024-11-04,1.08,0.3943180306872575,True
PR-004545,2025-06-02,Mídia paga,Campinas,SP,Apartamento,835348.72,363374.68,240.0,687.0,44.0,6188.3,0.0,CONS-004,3.0,Reprovada crédito,30.0,,,0.434997589988526,False
PR-004546,2025-05-04,Correspondente,Recife,PE,Sala comercial,450419.3,191690.53,60.0,783.0,27.0,5416.48,1.0,CONS-023,2.0,Sem retorno,32.0,,,0.4255824073257962,False
PR-004547,2024-10-19,Indicação,Campinas,SP,Casa,1836603.21,641816.6,84.0,488.0,41.0,2073.03,0.0,CONS-008,5.0,Documentação pendente,38.0,,,0.3494584984418055,False
PR-004548,2025-10-21,Mídia paga,Belo Horizonte,MG,Casa,435184.84,235539.04,84.0,735.0,50.0,4670.77,0.0,CONS-022,6.0,Contratada,45.0,2025-05-12,1.37,0.5412390744126105,True
PR-004549,2025-03-31,Organico,Curitiba,PR,Imóvel rural,772004.45,384566.91,120.0,710.0,46.0,4880.83,0.0,CONS-004,2.0,Sem retorno,39.0,,,0.49814079439568,False
PR-004550,2025-01-28,Correspondente,São Paulo,SP,Casa,581606.01,255354.57,180.0,651.0,43.0,3382.24,0.0,CONS-004,2.0,Desistiu,30.0,,,0.43905077597117675,False
PR-004551,2025-08-24,Indicação,Goiânia,GO,Casa,743420.88,369490.33,120.0,590.0,41.0,2816.23,0.0,CONS-017,3.0,Desistiu,23.0,,,0.49701365665166686,False
PR-004552,2025-01-09,Parceria,São Paulo,SP,Casa,754806.27,284958.39,240.0,660.0,47.0,5618.27,0.0,CONS-026,4.0,Problema garantia,49.0,,,0.377525202592713,False
PR-004553,2025-11-01,Organico,Salvador,BA,Apartamento,267543.87,161398.77,84.0,847.0,26.0,4359.94,0.0,CONS-029,2.0,Reprovada crédito,7.0,,,0.6032609530541664,False
PR-004554,2024-12-05,Mídia paga,Santos,SP,Casa,1344975.46,556508.74,60.0,782.0,32.0,2384.79,0.0,CONS-028,3.0,Desistiu,29.0,,,0.4137686943373673,False
PR-004555,2024-08-10,Indicação,Porto Alegre,RS,Casa,636854.38,316817.07,84.0,604.0,36.0,5463.24,0.0,CONS-019,3.0,Sem retorno,27.0,,,0.4974717611269314,False
PR-004556,2024-05-12,Parceria,Florianópolis,SC,Apartamento,1138233.91,540616.82,120.0,662.0,44.0,3611.22,0.0,CONS-021,4.0,Problema garantia,36.0,,,0.4749610912575957,False
PR-004557,2025-03-17,Correspondente,Rio de Janeiro,RJ,Apartamento,333566.75,168632.83,120.0,764.0,39.0,5367.5,0.0,CONS-004,4.0,Sem retorno,35.0,,,0.505544482476146,False
PR-004558,2025-02-13,Organico,Salvador,BA,Sala comercial,363096.55,181555.89,240.0,764.0,27.0,6006.66,0.0,CONS-009,5.0,Desistiu,37.0,,,0.5000209723832408,False
PR-004559,2024-12-18,Correspondente,Goiânia,GO,Apartamento,2574440.25,1119958.2,120.0,686.0,44.0,2768.8,0.0,CONS-019,5.0,Documentação pendente,51.0,,,0.4350297894853066,False
PR-004561,2025-03-20,Mídia paga,Santos,SP,Casa,529439.86,265501.7,120.0,649.0,56.0,9715.86,0.0,CONS-029,5.0,Desistiu,33.0,,,0.5014765983052353,False
PR-004562,2024-08-08,Correspondente,Campinas,SP,Apartamento,514515.08,256176.42,120.0,509.0,37.0,14445.14,1.0,CONS-029,3.0,Sem retorno,38.0,,,0.497898759352204,False
PR-004563,2024-08-24,Mídia paga,Belo Horizonte,MG,Apartamento,1060728.06,516538.22,120.0,741.0,55.0,9434.46,0.0,CONS-003,3.0,Sem retorno,42.0,,,0.48696573559108064,False
PR-004564,2025-07-05,Organico,Goiânia,GO,Casa,555040.95,199267.5,60.0,885.0,38.0,4269.17,0.0,CONS-024,6.0,Contratada,18.0,2025-05-25,1.38,0.359014051125417,True
PR-004565,2025-04-17,Organico,Recife,PE,Casa,798209.65,431849.96,180.0,756.0,46.0,1995.82,0.0,CONS-018,2.0,Sem retorno,25.0,,,0.5410232261662083,False
PR-004566,2025-08-08,Organico,Goiânia,GO,Casa,846319.11,329899.78,180.0,689.0,57.0,6793.31,1.0,CONS-007,4.0,Sem retorno,31.0,,,0.38980542457560724,False
PR-004567,2025-08-15,Mídia paga,Florianópolis,SC,Apartamento,1330557.46,655427.02,240.0,756.0,45.0,10676.47,0.0,CONS-021,3.0,Reprovada crédito,31.0,,,0.49259580266454633,False
PR-004568,2024-12-10,Parceria,Porto Alegre,RS,Sala comercial,738226.77,411631.39,120.0,701.0,45.0,2059.97,0.0,CONS-006,6.0,Contratada,26.0,2024-07-11,1.41,0.5575947753831794,True
PR-004569,2024-07-17,Indicação,São Paulo,SP,Apartamento,322764.04,197330.99,120.0,727.0,39.0,1800.0,0.0,CONS-028,6.0,Contratada,43.0,2024-08-29,1.28,0.6113784856578199,True
PR-004570,2025-11-01,Correspondente,Goiânia,GO,Apartamento,883693.94,394735.8,120.0,669.0,44.0,11959.02,0.0,CONS-022,4.0,Sem retorno,28.0,,,0.446688363620554,False
PR-004571,2025-03-16,Organico,Rio de Janeiro,RJ,Apartamento,894374.83,480621.28,60.0,618.0,46.0,5325.25,0.0,CONS-009,4.0,Sem retorno,27.0,,,0.5373823858616416,False
PR-004572,2025-03-25,Indicação,Florianópolis,SC,Apartamento,790001.87,333318.94,120.0,693.0,42.0,4264.1,0.0,CONS-025,3.0,Reprovada crédito,31.0,,,0.42192171013468616,False
PR-004573,2025-12-02,Indicação,Recife,PE,Casa,631647.09,305801.97,180.0,648.0,41.0,4200.61,0.0,CONS-013,1.0,Sem retorno,19.0,,,0.48413421804887913,False
PR-004574,2025-01-26,Correspondente,Brasília,DF,Casa,867401.91,541620.2,120.0,603.0,35.0,3446.11,0.0,CONS-019,3.0,Desistiu,41.0,,,0.624416655942111,False
PR-004575,2024-07-04,Correspondente,Porto Alegre,RS,Casa,996327.06,632651.91,120.0,591.0,32.0,8421.58,0.0,CONS-030,1.0,Sem retorno,37.0,,,0.6349841687527789,False
PR-004576,2025-06-22,Correspondente,Santos,SP,Sala comercial,1052657.98,670038.47,60.0,556.0,42.0,14275.68,0.0,CONS-015,3.0,Reprovada crédito,19.0,,,0.6365205819272847,False
PR-004577,2025-04-02,Correspondente,Santos,SP,Sala comercial,478141.25,281722.81,180.0,579.0,47.0,13155.32,0.0,CONS-025,4.0,Sem retorno,40.0,,,0.5892041525386065,False
PR-004578,2025-04-12,Correspondente,Florianópolis,SC,Sala comercial,825179.2,484388.47,240.0,539.0,30.0,8976.55,0.0,CONS-005,2.0,Reprovada crédito,21.0,,,0.5870100336993468,False
PR-004579,2024-12-24,Mídia paga,Rio de Janeiro,RJ,Casa,716233.32,425864.55,240.0,672.0,35.0,5526.38,1.0,CONS-026,6.0,Contratada,37.0,2025-01-30,1.45,0.5945891347249804,True
PR-004580,2024-10-08,Organico,Salvador,BA,Imóvel rural,229724.25,132644.16,60.0,714.0,44.0,8803.7,1.0,CONS-014,4.0,Problema garantia,31.0,,,0.5774059987136753,False
PR-004581,2025-02-24,Mídia paga,São Paulo,SP,Casa,1017684.48,616550.84,240.0,680.0,34.0,5038.77,0.0,CONS-003,4.0,Problema garantia,43.0,,,0.6058369289467792,False
PR-004582,2024-12-13,Indicação,Recife,PE,Casa,280788.69,109851.44,84.0,696.0,44.0,5356.06,0.0,CONS-021,2.0,Sem retorno,23.0,,,0.39122458956591166,False
PR-004583,2025-07-28,Indicação,São Paulo,SP,Casa,314101.45,91561.46,180.0,670.0,34.0,2697.4,0.0,CONS-018,4.0,Problema garantia,25.0,,,0.2915028249630812,False
PR-004584,2024-10-11,Indicação,Goiânia,GO,Imóvel rural,206319.49,101655.58,60.0,747.0,53.0,6110.54,0.0,CONS-013,3.0,Reprovada crédito,19.0,,,0.4927095351001498,False
PR-004585,2024-06-06,Mídia paga,Santos,SP,Casa,687413.7,258367.64,84.0,524.0,34.0,14834.44,0.0,CONS-012,3.0,Reprovada crédito,36.0,,,0.37585465637359283,False
PR-004586,2024-03-13,Indicação,Campinas,SP,Apartamento,345274.23,157197.33,84.0,659.0,47.0,9452.31,0.0,CONS-002,5.0,Desistiu,28.0,,,0.4552825445443756,False
PR-004589,2025-12-10,Indicação,São Paulo,SP,Casa,856224.75,376496.7,240.0,724.0,47.0,3666.3,1.0,CONS-020,3.0,Sem retorno,45.0,,,0.43971714202375023,False
PR-004591,2025-03-15,Correspondente,Curitiba,PR,Apartamento,500151.91,187804.68,180.0,707.0,21.0,9150.42,0.0,CONS-020,6.0,Contratada,62.0,2025-05-16,1.15,0.3754952770249343,True
PR-004592,2025-01-26,Parceria,Porto Alegre,RS,Sala comercial,481016.63,261632.58,120.0,631.0,21.0,3038.63,1.0,CONS-025,3.0,Desistiu,31.0,,,0.5439158725135969,False
PR-004593,2024-12-21,Parceria,Rio de Janeiro,RJ,Sala comercial,728548.26,379861.96,60.0,604.0,62.0,11788.33,1.0,CONS-025,4.0,Problema garantia,24.0,,,0.5213957411688829,False
PR-004594,2025-05-15,Correspondente,Curitiba,PR,Casa,708486.15,362331.22,240.0,605.0,54.0,3682.57,0.0,CONS-003,3.0,Reprovada crédito,35.0,,,0.511416094725352,False
PR-004596,2025-01-04,Correspondente,Recife,PE,Casa,725400.49,490398.62,240.0,653.0,29.0,4666.97,0.0,CONS-010,3.0,Desistiu,31.0,,,0.6760384460175923,False
PR-004597,2025-08-18,Mídia paga,Belo Horizonte,MG,Casa,535230.94,286527.03,180.0,654.0,45.0,6709.57,0.0,CONS-011,5.0,Desistiu,28.0,,,0.535333458114361,False
PR-004598,2025-04-16,Correspondente,Florianópolis,SC,Casa,485444.69,111652.28,84.0,537.0,44.0,13430.82,1.0,CONS-017,2.0,Reprovada crédito,27.0,,,0.23000000267795698,False
PR-004599,2025-03-03,Mídia paga,Recife,PE,Apartamento,2473943.52,1002203.19,84.0,637.0,29.0,7213.49,0.0,CONS-022,5.0,Desistiu,42.0,,,0.4051035045456494,False
PR-004600,2025-07-18,Parceria,São Paulo,SP,Apartamento,1272618.88,550490.47,180.0,635.0,38.0,6660.16,0.0,CONS-021,4.0,Problema garantia,52.0,,,0.43256506614140444,False
PR-004601,2024-06-07,Indicação,Campinas,SP,Sala comercial,814376.68,187306.64,84.0,629.0,41.0,3646.46,0.0,CONS-020,6.0,Contratada,41.0,2024-08-16,1.33,0.2300000044205588,True
PR-004602,2025-05-07,Correspondente,Goiânia,GO,Casa,1509875.61,938804.86,240.0,553.0,51.0,4859.29,0.0,CONS-008,4.0,Sem retorno,40.0,,,0.621776293213982,False
PR-004603,2025-04-03,Mídia paga,Brasília,DF,Apartamento,869023.62,502878.92,240.0,807.0,37.0,3663.85,0.0,CONS-025,2.0,Desistiu,25.0,,,0.5786711758191336,False
PR-004604,2025-12-01,Organico,Goiânia,GO,Casa,819121.81,470806.19,240.0,636.0,33.0,6598.09,0.0,CONS-009,3.0,Reprovada crédito,22.0,,,0.5747694472938035,False
PR-004605,2025-07-27,Mídia paga,Santos,SP,Sala comercial,545438.12,262687.88,180.0,657.0,47.0,3663.05,1.0,CONS-001,3.0,Sem retorno,36.0,,,0.48160894951749983,False
PR-004606,2024-09-26,Indicação,Belo Horizonte,MG,Apartamento,695085.58,246298.94,120.0,605.0,34.0,3284.38,0.0,CONS-001,1.0,Sem retorno,36.0,,,0.3543433313635999,False
PR-004607,2025-01-29,Organico,Brasília,DF,Casa,449693.49,266270.85,180.0,692.0,53.0,9659.69,0.0,CONS-009,4.0,Problema garantia,22.0,,,0.5921163101560576,False
PR-004608,2025-12-15,Parceria,Rio de Janeiro,RJ,Casa,363727.5,164748.38,180.0,559.0,39.0,4026.33,1.0,CONS-029,3.0,Reprovada crédito,43.0,,,0.45294452577822686,False
PR-004609,2025-03-19,Mídia paga,Goiânia,GO,Sala comercial,1238417.16,794004.19,240.0,679.0,22.0,6144.98,0.0,CONS-022,4.0,Sem retorno,37.0,,,0.6411443701248455,False
PR-004610,2025-02-05,Organico,Florianópolis,SC,Apartamento,1018872.04,533774.89,180.0,668.0,38.0,3411.3,0.0,CONS-007,1.0,Desistiu,26.0,,,0.5238880536951431,False
PR-004611,2025-10-09,Correspondente,Brasília,DF,Apartamento,2036415.88,1399570.98,84.0,642.0,35.0,4273.67,0.0,CONS-015,6.0,Contratada,38.0,2025-10-18,1.58,0.6872716883350959,True
PR-004612,2025-09-19,Correspondente,Recife,PE,Apartamento,943290.21,439858.72,120.0,619.0,55.0,2775.68,0.0,CONS-026,3.0,Desistiu,32.0,,,0.4663026450788671,False
PR-004613,2025-02-06,Organico,Rio de Janeiro,RJ,Apartamento,1071081.53,415087.23,180.0,662.0,49.0,2946.02,1.0,CONS-001,4.0,Problema garantia,51.0,,,0.3875402743617472,False
PR-004614,2024-02-09,Correspondente,Santos,SP,Apartamento,550679.24,352317.96,84.0,697.0,39.0,8203.7,0.0,CONS-027,4.0,Sem retorno,41.0,,,0.6397879825649502,False
PR-004615,2025-06-03,Parceria,Salvador,BA,Casa,1103304.02,518635.16,60.0,592.0,41.0,4258.56,0.0,CONS-028,6.0,Contratada,35.0,2025-10-04,1.15,0.4700745674795964,True
PR-004616,2025-12-07,Mídia paga,São Paulo,SP,Apartamento,886735.8,460214.75,84.0,607.0,55.0,1800.0,0.0,CONS-028,6.0,Contratada,40.0,2025-08-21,1.37,0.5189987254377234,True
PR-004617,2024-12-10,Correspondente,Porto Alegre,RS,Apartamento,533575.58,268830.73,180.0,567.0,38.0,5335.12,0.0,CONS-029,4.0,Problema garantia,35.0,,,0.5038287734232515,False
PR-004618,2025-02-03,Correspondente,Brasília,DF,Sala comercial,949368.52,461102.83,84.0,463.0,48.0,1800.0,0.0,CONS-022,4.0,Problema garantia,30.0,,,0.48569424863592486,False
PR-004619,2025-02-23,Correspondente,Rio de Janeiro,RJ,Apartamento,839604.86,508969.03,60.0,605.0,43.0,3985.23,0.0,CONS-025,4.0,Problema garantia,39.0,,,0.6062006715873465,False
PR-004621,2024-07-16,Correspondente,Campinas,SP,Sala comercial,630408.18,339865.75,180.0,626.0,28.0,5666.45,0.0,CONS-020,6.0,Contratada,28.0,2024-08-13,1.54,0.5391201459346545,True
PR-004622,2025-02-28,Indicação,Porto Alegre,RS,Sala comercial,394266.33,164014.54,84.0,638.0,39.0,1800.0,0.0,CONS-007,3.0,Reprovada crédito,26.0,,,0.41599935759160567,False
PR-004623,2025-01-24,Mídia paga,Brasília,DF,Apartamento,1378265.19,710470.89,120.0,662.0,30.0,5004.85,0.0,CONS-006,4.0,Problema garantia,23.0,,,0.5154819951594366,False
PR-004624,2024-08-17,Indicação,São Paulo,SP,Apartamento,589670.18,302493.95,60.0,729.0,76.0,6238.33,0.0,CONS-009,3.0,Desistiu,47.0,,,0.5129883793682767,False
PR-004625,2025-05-08,Mídia paga,Rio de Janeiro,RJ,Imóvel rural,594063.14,252504.8,240.0,636.0,48.0,14824.34,0.0,CONS-024,6.0,Contratada,51.0,2025-09-25,1.26,0.42504707496243577,True
PR-004626,2024-12-07,Correspondente,Rio de Janeiro,RJ,Apartamento,832818.18,518109.01,180.0,716.0,42.0,1800.0,0.0,CONS-016,1.0,Desistiu,17.0,,,0.6221153937825901,False
PR-004627,2024-09-26,Correspondente,Campinas,SP,Apartamento,1579655.22,506284.73,60.0,830.0,46.0,2507.88,0.0,CONS-012,6.0,Contratada,20.0,2024-10-16,1.15,0.3205033121088284,True
PR-004628,2024-09-14,Mídia paga,Florianópolis,SC,Apartamento,1528889.14,663306.76,84.0,695.0,28.0,2949.83,0.0,CONS-003,4.0,Problema garantia,26.0,,,0.4338488269986665,False
PR-004630,2025-01-27,Mídia paga,Curitiba,PR,Casa,859383.46,531514.76,84.0,662.0,57.0,3083.99,0.0,CONS-005,6.0,Contratada,27.0,2025-02-23,1.36,0.6184838139658867,True
PR-004631,2025-12-02,Mídia paga,Porto Alegre,RS,Casa,769545.61,432176.55,120.0,575.0,31.0,7304.3,0.0,CONS-005,5.0,Desistiu,44.0,,,0.5615996561919182,False
PR-004632,2024-04-19,Organico,Curitiba,PR,Sala comercial,942336.73,464418.48,84.0,615.0,39.0,3704.91,1.0,CONS-008,3.0,Desistiu,50.0,,,0.4928370774638064,False
PR-004634,2025-01-05,Mídia paga,Salvador,BA,Apartamento,1772958.18,1012590.67,240.0,630.0,51.0,5602.3,0.0,CONS-010,2.0,Reprovada crédito,11.0,,,0.5711306004973,False
PR-004635,2024-04-20,Parceria,Belo Horizonte,MG,Apartamento,1004391.43,544250.37,240.0,742.0,43.0,3484.53,1.0,CONS-013,6.0,Contratada,21.0,2024-11-05,1.48,0.5418707823900887,True
PR-004636,2025-06-21,Correspondente,São Paulo,SP,Apartamento,700208.81,449860.61,84.0,607.0,34.0,3064.62,1.0,CONS-013,2.0,Desistiu,4.0,,,0.6424663665685668,False
PR-004637,2025-10-01,Mídia paga,Campinas,SP,Casa,832073.38,415915.74,84.0,680.0,21.0,4506.73,0.0,CONS-016,4.0,Sem retorno,34.0,,,0.49985464022415904,False
PR-004638,2025-02-08,Parceria,Goiânia,GO,Sala comercial,593349.63,300002.95,120.0,809.0,52.0,6822.86,0.0,CONS-004,3.0,Desistiu,29.0,,,0.505609062231993,False
PR-004640,2025-01-19,Mídia paga,Florianópolis,SC,Apartamento,598523.12,361219.93,240.0,776.0,31.0,2501.28,1.0,CONS-004,3.0,Sem retorno,25.0,,,0.6035187579721231,False
PR-004641,2024-05-08,Organico,Salvador,BA,Sala comercial,874084.42,422597.86,84.0,644.0,40.0,3265.06,0.0,CONS-015,2.0,Desistiu,40.0,,,0.48347487992063737,False
PR-004642,2024-02-06,Correspondente,Salvador,BA,Apartamento,525047.39,260276.08,180.0,640.0,44.0,2698.56,0.0,CONS-024,2.0,Sem retorno,39.0,,,0.4957192149836227,False
PR-004643,2025-08-20,Mídia paga,Florianópolis,SC,Apartamento,1190548.72,646570.32,180.0,885.0,34.0,3576.47,0.0,CONS-021,4.0,Sem retorno,42.0,,,0.5430859813952007,False
PR-004644,2024-07-05,Mídia paga,Salvador,BA,Casa,627052.2,343748.32,84.0,650.0,65.0,6509.69,1.0,CONS-018,6.0,Contratada,22.0,2024-05-29,1.42,0.5481972952172084,True
PR-004645,2024-08-03,Parceria,Santos,SP,Apartamento,702128.04,394098.63,180.0,681.0,39.0,7575.88,0.0,CONS-019,1.0,Sem retorno,19.0,,,0.5612916840637784,False
PR-004646,2025-04-03,Parceria,Rio de Janeiro,RJ,Sala comercial,1239235.85,733671.37,180.0,920.0,40.0,5719.87,0.0,CONS-027,1.0,Desistiu,20.0,,,0.5920353014319267,False
PR-004647,2025-05-03,Parceria,Curitiba,PR,Casa,137258.94,69283.2,60.0,606.0,53.0,4947.52,0.0,CONS-001,4.0,Sem retorno,32.0,,,0.5047627498798986,False
PR-004648,2024-01-12,Organico,Recife,PE,Casa,773469.02,462195.28,60.0,760.0,23.0,3327.51,0.0,CONS-028,2.0,Desistiu,24.0,,,0.5975614640648439,False
PR-004649,2025-04-26,Indicação,Campinas,SP,Apartamento,358675.61,215977.05,84.0,617.0,39.0,8332.32,0.0,CONS-010,6.0,Contratada,12.0,2025-08-05,1.53,0.6021514816689096,True
PR-004650,2024-10-10,Organico,Curitiba,PR,Apartamento,791450.11,327658.34,180.0,621.0,38.0,5033.92,0.0,CONS-019,2.0,Sem retorno,40.0,,,0.41399746599315024,False
PR-004651,2024-10-02,Organico,Recife,PE,Casa,922608.77,441317.17,240.0,749.0,25.0,4937.34,0.0,CONS-007,5.0,Documentação pendente,35.0,,,0.47833619660910004,False
PR-004652,2025-07-02,Correspondente,Goiânia,GO,Apartamento,641454.62,283625.17,180.0,750.0,48.0,1800.0,0.0,CONS-017,3.0,Sem retorno,37.0,,,0.44215936896673996,False
PR-004653,2024-01-05,Correspondente,Belo Horizonte,MG,Apartamento,523164.27,231131.38,60.0,733.0,39.0,1889.92,1.0,CONS-017,3.0,Reprovada crédito,22.0,,,0.44179504078135917,False
PR-004654,2025-04-05,Parceria,Goiânia,GO,Apartamento,619734.3,256225.11,60.0,739.0,33.0,4656.76,0.0,CONS-020,1.0,Desistiu,21.0,,,0.41344348699111855,False
PR-004655,2025-10-04,Correspondente,Brasília,DF,Casa,654861.37,331856.77,240.0,689.0,52.0,2200.09,1.0,CONS-016,1.0,Sem retorno,25.0,,,0.5067588121742469,False
PR-004657,2025-03-27,Organico,Rio de Janeiro,RJ,Casa,819856.54,400820.54,180.0,733.0,43.0,4066.61,0.0,CONS-008,6.0,Contratada,41.0,2025-07-05,1.44,0.488891068674039,True
PR-004658,2024-09-17,Organico,Salvador,BA,Casa,1065001.58,545931.81,180.0,709.0,24.0,6724.1,0.0,CONS-029,4.0,Sem retorno,31.0,,,0.5126112676753024,False
PR-004660,2025-01-23,Correspondente,Belo Horizonte,MG,Apartamento,582275.11,210529.92,120.0,597.0,34.0,5902.0,0.0,CONS-025,6.0,Contratada,35.0,2025-02-27,1.2,0.36156434713481056,True
PR-004661,2024-03-12,Mídia paga,Santos,SP,Apartamento,906406.87,512944.46,60.0,699.0,55.0,3884.21,0.0,CONS-019,3.0,Reprovada crédito,49.0,,,0.5659097221979352,False
PR-004662,2025-01-07,Correspondente,Curitiba,PR,Apartamento,530036.54,232651.22,120.0,583.0,38.0,6024.29,0.0,CONS-015,6.0,Contratada,35.0,2025-05-08,1.37,0.4389343044160691,True
PR-004663,2024-08-14,Mídia paga,Curitiba,PR,Apartamento,547630.26,290322.67,240.0,683.0,42.0,3277.9,0.0,CONS-003,6.0,Contratada,23.0,2024-06-09,1.33,0.5301435862948845,True
PR-004664,2025-06-21,Correspondente,Florianópolis,SC,Casa,891008.56,482642.51,84.0,660.0,60.0,3927.58,0.0,CONS-029,3.0,Reprovada crédito,24.0,,,0.541681114713421,False
PR-004665,2025-06-14,Correspondente,Porto Alegre,RS,Apartamento,975696.03,301034.1,120.0,689.0,32.0,2164.24,0.0,CONS-013,3.0,Reprovada crédito,20.0,,,0.30853266872470514,False
PR-004666,2024-06-08,Mídia paga,Recife,PE,Apartamento,837694.71,344890.48,60.0,649.0,46.0,5170.45,0.0,CONS-020,6.0,Contratada,25.0,2024-08-31,1.3,0.41171380919905776,True
PR-004667,2024-08-24,Organico,Santos,SP,Apartamento,612977.87,316797.62,120.0,695.0,39.0,4631.61,1.0,CONS-001,6.0,Contratada,27.0,2024-09-20,1.31,0.516817385267106,True
PR-004668,2024-06-05,Indicação,Porto Alegre,RS,Casa,1079217.14,665609.05,120.0,664.0,45.0,3627.18,1.0,CONS-014,3.0,Reprovada crédito,31.0,,,0.6167517409888432,False
PR-004669,2025-12-03,Mídia paga,Recife,PE,Casa,663117.59,266174.23,240.0,574.0,42.0,2904.72,0.0,CONS-020,3.0,Reprovada crédito,16.0,,,0.4013982346630256,False
PR-004671,2025-02-18,Mídia paga,Campinas,SP,Casa,538905.9,266936.93,60.0,706.0,34.0,6330.09,0.0,CONS-013,3.0,Reprovada crédito,36.0,,,0.4953312442858762,False
PR-004672,2025-01-02,Correspondente,Campinas,SP,Apartamento,1252671.19,789243.36,180.0,658.0,42.0,9571.53,0.0,CONS-009,3.0,Desistiu,22.0,,,0.6300483050145027,False
PR-004674,2025-05-25,Parceria,Goiânia,GO,Apartamento,740742.72,339709.61,84.0,607.0,56.0,10429.2,1.0,CONS-004,3.0,Desistiu,25.0,,,0.4586067481027691,False
PR-004675,2025-03-20,Parceria,Goiânia,GO,Apartamento,737381.71,424649.87,120.0,678.0,50.0,5211.57,1.0,CONS-006,3.0,Sem retorno,38.0,,,0.5758888025579045,False
PR-004676,2025-06-03,Mídia paga,Rio de Janeiro,RJ,Imóvel rural,245524.82,94841.11,120.0,678.0,38.0,10113.12,0.0,CONS-018,6.0,Contratada,48.0,2025-04-23,1.02,0.38627911426632955,True
PR-004677,2024-03-12,Mídia paga,Recife,PE,Apartamento,2275699.86,937076.37,240.0,595.0,28.0,19502.13,0.0,CONS-024,5.0,Desistiu,44.0,,,0.4117750264307702,False
PR-004678,2024-02-19,Indicação,São Paulo,SP,Apartamento,790742.19,414129.2,180.0,581.0,21.0,6010.99,0.0,CONS-017,6.0,Contratada,52.0,2024-11-04,1.47,0.5237221501991692,True
PR-004679,2024-11-28,Mídia paga,Santos,SP,Casa,664047.54,352071.98,60.0,759.0,47.0,4872.46,0.0,CONS-014,3.0,Reprovada crédito,35.0,,,0.5301909257882349,False
PR-004680,2024-10-08,Correspondente,Florianópolis,SC,Apartamento,1479847.48,814474.73,240.0,581.0,28.0,2254.59,0.0,CONS-005,3.0,Desistiu,7.0,,,0.5503774821443086,False
PR-004681,2025-06-14,Correspondente,Curitiba,PR,Apartamento,449808.33,205511.87,180.0,706.0,39.0,8286.61,0.0,CONS-026,6.0,Contratada,23.0,2025-07-07,1.55,0.4568876481233684,True
PR-004682,2024-05-18,Indicação,Porto Alegre,RS,Sala comercial,480941.62,250969.93,84.0,710.0,56.0,3668.98,0.0,CONS-019,3.0,Sem retorno,35.0,,,0.521830341903036,False
PR-004683,2024-11-13,Correspondente,Salvador,BA,Apartamento,398957.62,179326.62,120.0,615.0,44.0,11182.71,0.0,CONS-022,6.0,Contratada,26.0,2024-09-12,1.05,0.44948789297469743,True
PR-004684,2025-03-15,Correspondente,Goiânia,GO,Casa,495329.43,249707.13,84.0,741.0,49.0,6334.59,0.0,CONS-014,6.0,Contratada,25.0,2025-09-04,1.2,0.5041233467593477,True
PR-004685,2024-10-19,Parceria,Curitiba,PR,Casa,548914.79,220103.54,60.0,594.0,33.0,16391.85,0.0,CONS-020,3.0,Desistiu,44.0,,,0.400979430705447,False
PR-004686,2025-02-08,Correspondente,Goiânia,GO,Casa,537469.45,255515.26,120.0,652.0,42.0,4980.92,0.0,CONS-016,3.0,Sem retorno,32.0,,,0.4754042485577553,False
PR-004687,2025-07-29,Mídia paga,Recife,PE,Casa,802167.17,515905.05,84.0,648.0,55.0,7971.32,1.0,CONS-015,5.0,Desistiu,31.0,,,0.6431390728693123,False
PR-004688,2025-01-26,Parceria,Recife,PE,Casa,489711.47,263212.02,120.0,780.0,44.0,5511.0,1.0,CONS-024,6.0,Contratada,30.0,2025-02-25,1.11,0.5374838780067782,True
PR-004689,2025-11-02,Parceria,Rio de Janeiro,RJ,Apartamento,671882.63,395007.98,84.0,587.0,43.0,5012.51,0.0,CONS-002,2.0,Desistiu,33.0,,,0.5879121774587326,False
PR-004691,2024-04-12,Parceria,Salvador,BA,Sala comercial,601207.72,337873.62,60.0,802.0,51.0,5487.99,0.0,CONS-021,5.0,Documentação pendente,35.0,,,0.5619914860707378,False
PR-004692,2025-01-22,Mídia paga,Goiânia,GO,Casa,516285.57,215405.5,60.0,730.0,55.0,4447.99,1.0,CONS-029,4.0,Sem retorno,47.0,,,0.41722161632369464,False
PR-004693,2025-02-19,Organico,Campinas,SP,Apartamento,935296.58,308295.4,60.0,678.0,54.0,11996.23,0.0,CONS-018,5.0,Desistiu,37.0,,,0.32962314477831195,False
PR-004694,2025-12-05,Organico,Curitiba,PR,Apartamento,995032.53,503286.35,120.0,666.0,35.0,4215.75,1.0,CONS-019,5.0,Desistiu,35.0,,,0.5057988908161625,False
PR-004696,2025-04-28,Indicação,Rio de Janeiro,RJ,Apartamento,979422.06,454871.47,120.0,650.0,28.0,5769.27,0.0,CONS-028,3.0,Sem retorno,34.0,,,0.4644284507947472,False
PR-004697,2024-06-29,Indicação,Goiânia,GO,Casa,695867.34,334381.15,120.0,507.0,46.0,5502.35,0.0,CONS-007,5.0,Desistiu,42.0,,,0.4805242763656648,False
PR-004698,2025-11-04,Organico,Goiânia,GO,Apartamento,756040.52,388442.55,60.0,642.0,33.0,5531.37,0.0,CONS-029,3.0,Sem retorno,44.0,,,0.5137853590175299,False
PR-004699,2024-06-03,Organico,Porto Alegre,RS,Casa,880457.51,464261.17,84.0,635.0,39.0,7811.37,0.0,CONS-022,4.0,Problema garantia,15.0,,,0.527295371698289,False
PR-004700,2024-09-25,Correspondente,São Paulo,SP,Apartamento,256653.74,126287.04,60.0,880.0,29.0,11054.61,0.0,CONS-010,2.0,Sem retorno,26.0,,,0.4920522101100105,False
PR-004701,2025-09-08,Correspondente,Campinas,SP,Apartamento,419419.07,257524.51,120.0,694.0,39.0,3220.21,0.0,CONS-002,4.0,Sem retorno,43.0,,,0.6140028635321708,False
PR-004702,2025-07-21,Indicação,Belo Horizonte,MG,Apartamento,1032862.89,619625.01,120.0,614.0,37.0,4393.59,0.0,CONS-028,3.0,Reprovada crédito,36.0,,,0.5999102262256707,False
PR-004703,2025-08-04,Indicação,Campinas,SP,Apartamento,643768.65,255908.64,180.0,533.0,34.0,3817.12,0.0,CONS-030,3.0,Sem retorno,22.0,,,0.3975164680665951,False
PR-004704,2025-02-24,Mídia paga,Curitiba,PR,Apartamento,595616.62,377754.63,180.0,716.0,44.0,6998.9,0.0,CONS-030,5.0,Desistiu,43.0,,,0.6342244613657692,False
PR-004705,2024-09-14,Mídia paga,Florianópolis,SC,Sala comercial,491748.03,266583.53,84.0,736.0,40.0,3662.66,0.0,CONS-004,5.0,Desistiu,53.0,,,0.5421140782200998,False
PR-004706,2025-12-24,Parceria,Recife,PE,Casa,821290.69,360156.8,84.0,737.0,42.0,3512.63,0.0,CONS-030,2.0,Reprovada crédito,13.0,,,0.4385253654829571,False
PR-004707,2024-04-26,Parceria,Florianópolis,SC,Apartamento,738953.75,475169.32,180.0,696.0,34.0,7084.76,0.0,CONS-028,5.0,Desistiu,44.0,,,0.6430298513269606,False
PR-004708,2024-05-29,Correspondente,Santos,SP,Casa,416112.55,189307.63,120.0,664.0,46.0,4330.48,0.0,CONS-012,2.0,Desistiu,18.0,,,0.45494333203841125,False
PR-004709,2024-02-09,Organico,Rio de Janeiro,RJ,Apartamento,862663.77,515442.92,60.0,890.0,30.0,9101.01,0.0,CONS-030,2.0,Reprovada crédito,24.0,,,0.5975015271593009,False
PR-004710,2024-10-22,Organico,Porto Alegre,RS,Apartamento,583477.61,156164.35,240.0,667.0,52.0,4221.46,0.0,CONS-007,1.0,Desistiu,25.0,,,0.2676441174837883,False
PR-004711,2025-08-03,Parceria,Santos,SP,Apartamento,910150.73,431316.46,240.0,572.0,45.0,2512.06,0.0,CONS-018,5.0,Desistiu,47.0,,,0.4738956370446465,False
PR-004712,2024-07-12,Indicação,Goiânia,GO,Casa,487630.0,188804.48,180.0,664.0,52.0,2472.25,0.0,CONS-014,2.0,Sem retorno,31.0,,,0.38718799089473577,False
PR-004714,2024-08-13,Correspondente,Porto Alegre,RS,Apartamento,1252003.03,721854.71,60.0,556.0,43.0,3947.71,0.0,CONS-002,3.0,Desistiu,26.0,,,0.5765598746194728,False
PR-004715,2024-10-14,Correspondente,Florianópolis,SC,Casa,1455275.49,577816.57,120.0,731.0,59.0,3687.2,0.0,CONS-028,2.0,Reprovada crédito,38.0,,,0.3970496129224302,False
PR-004716,2025-09-05,Correspondente,Belo Horizonte,MG,Casa,730073.88,337219.56,84.0,701.0,42.0,3840.96,0.0,CONS-009,5.0,Desistiu,38.0,,,0.4618978561457369,False
PR-004717,2025-01-16,Indicação,Goiânia,GO,Apartamento,347270.35,102280.66,84.0,613.0,55.0,3668.61,0.0,CONS-001,4.0,Problema garantia,35.0,,,0.294527476935477,False
PR-004718,2024-12-17,Correspondente,São Paulo,SP,Apartamento,678476.08,302819.25,60.0,579.0,33.0,16943.25,0.0,CONS-026,4.0,Problema garantia,34.0,,,0.44632266180997865,False
PR-004719,2025-05-17,Mídia paga,Recife,PE,Casa,446185.64,217712.96,84.0,569.0,39.0,4242.21,0.0,CONS-010,3.0,Desistiu,25.0,,,0.4879425523421148,False
PR-004720,2024-10-16,Correspondente,Rio de Janeiro,RJ,Sala comercial,1207518.33,654233.64,240.0,709.0,57.0,3550.27,0.0,CONS-016,3.0,Sem retorno,58.0,,,0.5418001729215987,False
PR-004722,2025-01-16,Indicação,São Paulo,SP,Apartamento,655333.78,269370.91,60.0,684.0,48.0,4552.64,0.0,CONS-018,4.0,Problema garantia,34.0,,,0.4110438347920963,False
PR-004723,2025-06-02,Correspondente,Rio de Janeiro,RJ,Apartamento,498995.74,310182.29,240.0,704.0,41.0,3544.54,0.0,CONS-030,3.0,Desistiu,33.0,,,0.6216131023483287,False
PR-004724,2025-10-02,Indicação,Porto Alegre,RS,Casa,640347.94,329338.55,180.0,527.0,36.0,4409.24,1.0,CONS-003,4.0,Problema garantia,34.0,,,0.5143118755094301,False
PR-004725,2024-06-11,Parceria,São Paulo,SP,Apartamento,438874.74,262956.7,240.0,680.0,52.0,4960.22,1.0,CONS-030,3.0,Desistiu,23.0,,,0.5991611638436972,False
PR-004726,2025-08-02,Indicação,Florianópolis,SC,Sala comercial,516101.62,270995.94,180.0,814.0,59.0,2356.26,1.0,CONS-021,2.0,Desistiu,31.0,,,0.5250825215390721,False
PR-004727,2025-01-03,Organico,Recife,PE,Sala comercial,544710.01,291499.75,120.0,686.0,42.0,10870.69,0.0,CONS-014,3.0,Reprovada crédito,43.0,,,0.5351466737319551,False
PR-004728,2024-11-24,Correspondente,Salvador,BA,Casa,512288.79,249693.03,240.0,696.0,33.0,3897.48,0.0,CONS-021,3.0,Desistiu,20.0,,,0.4874067808510899,False
PR-004730,2025-04-13,Organico,Brasília,DF,Apartamento,571448.91,301273.9,180.0,612.0,55.0,6876.44,0.0,CONS-023,4.0,Problema garantia,29.0,,,0.5272105602581341,False
PR-004731,2025-07-26,Indicação,Campinas,SP,Casa,1019701.66,676783.33,84.0,677.0,26.0,3662.7,0.0,CONS-016,6.0,Contratada,42.0,2025-06-09,1.29,0.6637071964754867,True
PR-004732,2025-06-30,Mídia paga,Rio de Janeiro,RJ,Sala comercial,624350.63,309416.12,180.0,788.0,33.0,3918.54,0.0,CONS-020,4.0,Sem retorno,25.0,,,0.49558069637889207,False
PR-004733,2025-12-05,Correspondente,Rio de Janeiro,RJ,Sala comercial,759466.57,315823.59,84.0,760.0,31.0,5742.63,0.0,CONS-003,3.0,Reprovada crédito,52.0,,,0.4158492321788437,False
PR-004734,2024-10-11,Correspondente,Santos,SP,Apartamento,650248.53,285669.36,60.0,603.0,35.0,4419.0,1.0,CONS-022,3.0,Reprovada crédito,42.0,,,0.4393233461058343,False
PR-004736,2025-03-23,Organico,Goiânia,GO,Apartamento,428909.84,129853.72,180.0,762.0,43.0,4740.11,0.0,CONS-010,6.0,Contratada,41.0,2025-03-05,1.36,0.3027529515293937,True
PR-004737,2024-02-11,Parceria,Goiânia,GO,Apartamento,490215.49,175956.52,240.0,818.0,43.0,6173.82,1.0,CONS-002,5.0,Desistiu,24.0,,,0.3589370870349282,False
PR-004738,2024-07-24,Organico,Salvador,BA,Apartamento,628424.2,327897.09,60.0,736.0,37.0,4177.5,0.0,CONS-006,4.0,Problema garantia,32.0,,,0.5217766756913563,False
PR-004739,2025-04-30,Organico,Santos,SP,Casa,460327.13,236584.68,240.0,677.0,54.0,6869.79,1.0,CONS-002,3.0,Reprovada crédito,37.0,,,0.513949025772172,False
PR-004740,2025-04-26,Correspondente,Goiânia,GO,Casa,1436587.61,473060.76,84.0,761.0,56.0,9547.16,1.0,CONS-013,2.0,Sem retorno,7.0,,,0.32929475147011744,False
PR-004741,2025-06-15,Correspondente,Belo Horizonte,MG,Sala comercial,199252.57,101979.12,84.0,604.0,44.0,6854.33,0.0,CONS-020,2.0,Sem retorno,35.0,,,0.5118083044048064,False
PR-004742,2024-10-15,Organico,Florianópolis,SC,Apartamento,1097846.45,570788.93,180.0,693.0,36.0,5098.86,0.0,CONS-010,5.0,Documentação pendente,23.0,,,0.5199169064125498,False
PR-004744,2024-09-13,Organico,Rio de Janeiro,RJ,Apartamento,1221129.99,711814.19,120.0,742.0,28.0,12356.83,1.0,CONS-010,6.0,Contratada,50.0,2024-02-11,1.21,0.5829143464079528,True
PR-004745,2025-07-02,Correspondente,Goiânia,GO,Apartamento,204181.92,106499.04,60.0,630.0,51.0,3920.74,0.0,CONS-030,2.0,Reprovada crédito,27.0,,,0.5215889830010414,False
PR-004746,2024-08-31,Parceria,Santos,SP,Apartamento,257648.18,128065.73,84.0,698.0,46.0,10070.59,0.0,CONS-017,3.0,Sem retorno,45.0,,,0.4970566064157721,False
PR-004747,2025-07-14,Indicação,Florianópolis,SC,Casa,732185.33,273855.77,180.0,603.0,32.0,5686.93,0.0,CONS-027,3.0,Sem retorno,38.0,,,0.3740252075249856,False
PR-004748,2025-08-06,Organico,Brasília,DF,Apartamento,930013.5,512524.27,84.0,634.0,42.0,5689.82,0.0,CONS-029,3.0,Desistiu,27.0,,,0.5510933658489904,False
PR-004749,2025-12-01,Organico,Belo Horizonte,MG,Casa,1284071.59,476785.01,84.0,703.0,43.0,3281.63,0.0,CONS-030,6.0,Contratada,42.0,2025-02-23,1.48,0.3713071870081636,True
PR-004750,2025-01-18,Mídia paga,São Paulo,SP,Apartamento,566117.32,349570.58,180.0,832.0,42.0,6175.7,0.0,CONS-011,3.0,Reprovada crédito,13.0,,,0.6174878733616559,False
PR-004751,2025-05-13,Organico,Campinas,SP,Sala comercial,1389087.03,805630.95,240.0,712.0,21.0,2495.15,0.0,CONS-014,3.0,Desistiu,47.0,,,0.5799715443315312,False
PR-004752,2024-12-31,Correspondente,Florianópolis,SC,Sala comercial,814995.38,408517.56,240.0,629.0,43.0,4247.56,1.0,CONS-009,2.0,Desistiu,21.0,,,0.5012513813268488,False
PR-004753,2024-09-19,Organico,São Paulo,SP,Apartamento,611529.29,386017.68,84.0,604.0,47.0,2944.81,0.0,CONS-016,2.0,Desistiu,27.0,,,0.631233346157467,False
PR-004754,2024-03-06,Organico,Campinas,SP,Casa,688816.63,458582.01,60.0,705.0,25.0,9086.79,0.0,CONS-017,3.0,Sem retorno,50.0,,,0.6657533950653892,False
PR-004755,2024-11-10,Organico,Curitiba,PR,Apartamento,2891713.69,1531482.42,60.0,641.0,44.0,2832.33,0.0,CONS-009,3.0,Sem retorno,18.0,,,0.5296106683369473,False
PR-004756,2024-01-05,Correspondente,Curitiba,PR,Sala comercial,1243406.58,544053.62,60.0,622.0,31.0,2954.69,0.0,CONS-022,4.0,Sem retorno,35.0,,,0.4375508612798237,False
PR-004757,2024-11-21,Mídia paga,Recife,PE,Sala comercial,506899.49,265492.57,60.0,585.0,45.0,6879.59,0.0,CONS-021,6.0,Contratada,38.0,2024-12-29,1.49,0.5237578163671066,True
PR-004758,2024-08-25,Indicação,Recife,PE,Sala comercial,477055.35,300706.5,240.0,693.0,37.0,3848.68,0.0,CONS-030,6.0,Contratada,9.0,2024-03-09,1.51,0.6303388065975992,True
PR-004761,2024-01-09,Organico,Belo Horizonte,MG,Casa,320670.94,182779.73,84.0,575.0,47.0,7530.25,0.0,CONS-014,4.0,Problema garantia,24.0,,,0.5699915620667093,False
PR-004762,2024-10-24,Organico,Florianópolis,SC,Apartamento,592795.99,258099.29,60.0,825.0,38.0,3687.77,1.0,CONS-025,6.0,Contratada,36.0,2024-11-29,1.39,0.4353931105370669,True
PR-004763,2025-03-27,Organico,Brasília,DF,Apartamento,1912517.74,1375873.02,60.0,756.0,45.0,6366.32,0.0,CONS-002,2.0,Desistiu,42.0,,,0.7194040563513936,False
PR-004764,2025-04-30,Organico,Goiânia,GO,Casa,854941.3,402758.67,60.0,683.0,31.0,3469.48,0.0,CONS-013,3.0,Sem retorno,32.0,,,0.4710951149511668,False
PR-004765,2025-06-14,Correspondente,São Paulo,SP,Casa,372384.82,212448.82,180.0,718.0,42.0,7480.48,0.0,CONS-030,3.0,Reprovada crédito,22.0,,,0.5705088086028856,False
PR-004766,2025-07-31,Indicação,Florianópolis,SC,Casa,792917.4,197104.56,84.0,570.0,36.0,4310.43,1.0,CONS-015,4.0,Problema garantia,40.0,,,0.2485814537554605,False
PR-004767,2024-09-08,Organico,São Paulo,SP,Sala comercial,284515.31,160503.31,60.0,714.0,39.0,4663.62,0.0,CONS-026,6.0,Contratada,39.0,2024-09-17,1.19,0.5641289039946568,True
PR-004768,2024-12-06,Parceria,Recife,PE,Apartamento,507923.48,246889.93,240.0,658.0,47.0,2132.68,0.0,CONS-002,3.0,Desistiu,24.0,,,0.48607701695538863,False
PR-004770,2024-10-02,Correspondente,Belo Horizonte,MG,Apartamento,538942.47,290653.57,120.0,698.0,39.0,2670.17,0.0,CONS-028,6.0,Contratada,33.0,2024-03-14,1.29,0.5393035178689852,True
PR-004771,2024-07-25,Indicação,Salvador,BA,Casa,559361.0,302192.51,60.0,700.0,42.0,1800.0,0.0,CONS-018,6.0,Contratada,23.0,2024-08-17,1.61,0.5402459413509344,True
PR-004772,2024-09-24,Mídia paga,Belo Horizonte,MG,Apartamento,1299226.71,757067.36,120.0,641.0,41.0,8309.87,0.0,CONS-009,3.0,Desistiu,25.0,,,0.5827061237064622,False
PR-004773,2024-04-17,Mídia paga,Rio de Janeiro,RJ,Apartamento,1096040.39,357247.42,60.0,635.0,51.0,3715.56,0.0,CONS-019,6.0,Contratada,33.0,2024-05-20,1.2,0.3259436634447386,True
PR-004774,2025-01-10,Indicação,Belo Horizonte,MG,Casa,581316.75,379879.25,84.0,629.0,53.0,2119.04,0.0,CONS-010,2.0,Desistiu,18.0,,,0.653480654049621,False
PR-004775,2024-07-10,Mídia paga,Goiânia,GO,Apartamento,892004.69,466015.86,120.0,640.0,24.0,4817.24,0.0,CONS-021,3.0,Sem retorno,31.0,,,0.5224365580409672,False
PR-004776,2024-07-13,Indicação,Goiânia,GO,Apartamento,1206060.28,636028.38,120.0,814.0,39.0,1800.0,0.0,CONS-007,3.0,Desistiu,26.0,,,0.5273603571456644,False
PR-004777,2024-11-18,Indicação,Goiânia,GO,Apartamento,1401115.02,544715.79,60.0,812.0,43.0,5762.48,1.0,CONS-002,4.0,Sem retorno,23.0,,,0.3887730716069263,False
PR-004779,2024-03-26,Organico,Curitiba,PR,Apartamento,307576.15,211771.79,240.0,735.0,39.0,1900.93,0.0,CONS-009,6.0,Contratada,41.0,2024-06-05,1.32,0.6885182417427359,True
PR-004780,2024-09-12,Organico,Curitiba,PR,Casa,1012649.46,317894.64,240.0,710.0,41.0,8456.39,0.0,CONS-024,2.0,Desistiu,14.0,,,0.31392367502965934,False
PR-004781,2025-03-07,Organico,Recife,PE,Apartamento,1367223.76,367170.93,120.0,746.0,40.0,5342.81,0.0,CONS-015,3.0,Desistiu,22.0,,,0.26855218636633404,False
PR-004782,2025-04-28,Parceria,Curitiba,PR,Sala comercial,737436.91,470282.05,84.0,733.0,24.0,7311.21,0.0,CONS-010,6.0,Contratada,35.0,2025-02-06,1.41,0.6377251309539144,True
PR-004783,2024-06-18,Organico,Goiânia,GO,Sala comercial,782507.41,474797.68,60.0,710.0,30.0,11285.47,0.0,CONS-011,5.0,Desistiu,35.0,,,0.6067644522369443,False
PR-004784,2025-02-02,Indicação,Recife,PE,Casa,522525.86,185957.93,60.0,676.0,65.0,4935.57,0.0,CONS-019,4.0,Sem retorno,31.0,,,0.35588273085661254,False
PR-004785,2025-09-15,Correspondente,Rio de Janeiro,RJ,Sala comercial,726296.85,382521.54,180.0,777.0,50.0,9736.45,0.0,CONS-012,3.0,Reprovada crédito,34.0,,,0.5266738248968036,False
PR-004786,2024-08-26,Organico,Salvador,BA,Apartamento,703650.36,354770.86,84.0,657.0,38.0,4674.62,1.0,CONS-025,4.0,Problema garantia,29.0,,,0.5041862836537169,False
PR-004787,2024-08-06,Correspondente,São Paulo,SP,Casa,563422.81,170971.14,60.0,637.0,42.0,2646.85,0.0,CONS-011,1.0,Desistiu,25.0,,,0.303450866676839,False
PR-004788,2025-06-22,Organico,Recife,PE,Apartamento,642646.0,318321.92,60.0,589.0,48.0,4861.16,1.0,CONS-013,5.0,Desistiu,50.0,,,0.49533011953703904,False
PR-004789,2025-02-19,Correspondente,Florianópolis,SC,Casa,1291085.21,592828.01,120.0,563.0,52.0,4402.05,0.0,CONS-001,1.0,Desistiu,33.0,,,0.4591703207567532,False
PR-004791,2025-02-27,Mídia paga,Santos,SP,Casa,328778.04,138368.32,60.0,819.0,46.0,14785.47,0.0,CONS-001,6.0,Contratada,50.0,2025-04-18,1.17,0.4208563321321583,True
PR-004792,2024-10-14,Parceria,Salvador,BA,Apartamento,2070549.23,1120813.22,120.0,725.0,32.0,5006.26,0.0,CONS-010,6.0,Contratada,43.0,2024-11-26,1.32,0.5413120363238115,True
PR-004793,2025-01-19,Organico,Porto Alegre,RS,Apartamento,761374.49,306276.07,120.0,618.0,44.0,12397.46,0.0,CONS-025,1.0,Desistiu,23.0,,,0.4022673126334979,False
PR-004794,2025-07-30,Mídia paga,Goiânia,GO,Apartamento,457883.15,198266.67,84.0,662.0,69.0,1800.0,1.0,CONS-009,3.0,Sem retorno,32.0,,,0.43300713293336957,False
PR-004795,2025-01-02,Organico,Salvador,BA,Casa,526122.75,328258.59,84.0,671.0,37.0,9448.28,0.0,CONS-012,3.0,Desistiu,24.0,,,0.6239201593164333,False
PR-004796,2025-09-17,Mídia paga,Curitiba,PR,Sala comercial,1224953.54,483557.6,84.0,605.0,42.0,5877.44,0.0,CONS-005,5.0,Desistiu,41.0,,,0.3947558696797594,False
PR-004797,2025-03-18,Parceria,Brasília,DF,Imóvel rural,420074.25,271641.7,84.0,825.0,33.0,4910.41,0.0,CONS-002,2.0,Desistiu,37.0,,,0.6466516336100107,False
PR-004798,2024-10-23,Mídia paga,Recife,PE,Casa,793368.26,399611.83,84.0,665.0,38.0,6642.15,0.0,CONS-009,6.0,Contratada,20.0,2024-12-11,1.28,0.5036902156887396,True
PR-004799,2024-06-10,Correspondente,Belo Horizonte,MG,Casa,695902.45,332943.52,180.0,701.0,40.0,3630.42,0.0,CONS-015,4.0,Problema garantia,25.0,,,0.4784341828369767,False
PR-004800,2025-05-08,Indicação,Campinas,SP,Casa,930108.95,522844.55,84.0,694.0,39.0,4257.02,0.0,CONS-019,5.0,Desistiu,50.0,,,0.5621325867254584,False
PR-004801,2025-10-08,Organico,Salvador,BA,Casa,399280.57,197123.15,60.0,659.0,44.0,7498.89,0.0,CONS-026,2.0,Reprovada crédito,20.0,,,0.4936958239665907,False
PR-004802,2025-07-26,Parceria,Campinas,SP,Casa,480468.43,165845.72,180.0,835.0,34.0,2266.82,0.0,CONS-025,3.0,Reprovada crédito,14.0,,,0.3451750617621224,False
PR-004803,2024-06-24,Organico,Porto Alegre,RS,Apartamento,1280592.32,428707.07,240.0,725.0,41.0,7218.26,1.0,CONS-005,6.0,Contratada,46.0,2024-09-08,1.42,0.3347724824712364,True
PR-004804,2025-04-13,Indicação,Campinas,SP,Apartamento,519964.75,226088.74,240.0,639.0,45.0,4752.46,1.0,CONS-001,2.0,Sem retorno,21.0,,,0.43481551393628126,False
PR-004805,2025-07-13,Mídia paga,Curitiba,PR,Casa,895886.05,392838.52,180.0,699.0,21.0,8037.36,1.0,CONS-014,2.0,Sem retorno,28.0,,,0.4384916139725582,False
PR-004806,2024-10-19,Organico,Santos,SP,Casa,773831.52,241984.77,84.0,600.0,24.0,6225.62,0.0,CONS-020,3.0,Reprovada crédito,32.0,,,0.3127098906490653,False
PR-004807,2025-02-06,Indicação,São Paulo,SP,Sala comercial,485093.02,296747.73,60.0,616.0,46.0,6877.49,0.0,CONS-021,2.0,Sem retorno,21.0,,,0.6117336629580858,False
PR-004808,2025-06-24,Correspondente,Florianópolis,SC,Casa,1769139.27,1154251.62,60.0,572.0,28.0,5501.02,0.0,CONS-013,5.0,Desistiu,34.0,,,0.6524368316124711,False
PR-004809,2025-06-03,Parceria,Campinas,SP,Apartamento,706202.3,347483.2,60.0,618.0,48.0,3123.54,0.0,CONS-027,6.0,Contratada,32.0,2025-07-04,1.32,0.49204484324109393,True
PR-004810,2024-11-25,Parceria,Florianópolis,SC,Sala comercial,975793.73,561488.77,60.0,648.0,29.0,1800.0,0.0,CONS-008,2.0,Desistiu,10.0,,,0.5754174809055189,False
PR-004811,2024-07-19,Organico,Campinas,SP,Casa,990027.0,469844.2,60.0,729.0,59.0,23465.2,1.0,CONS-008,3.0,Sem retorno,25.0,,,0.47457715799670114,False
PR-004812,2024-10-22,Correspondente,Recife,PE,Apartamento,899655.75,440592.15,84.0,612.0,21.0,5198.05,0.0,CONS-026,2.0,Desistiu,48.0,,,0.4897341566482513,False
PR-004813,2025-02-07,Mídia paga,São Paulo,SP,Apartamento,685468.49,340924.94,84.0,651.0,62.0,8013.86,1.0,CONS-009,3.0,Sem retorno,29.0,,,0.49736048406834865,False
PR-004815,2025-08-21,Mídia paga,São Paulo,SP,Sala comercial,398092.19,175490.74,240.0,748.0,35.0,6435.03,0.0,CONS-011,3.0,Reprovada crédito,22.0,,,0.44082939682891037,False
PR-004816,2024-10-14,Parceria,Florianópolis,SC,Sala comercial,531547.71,261939.28,60.0,678.0,37.0,10659.29,0.0,CONS-003,4.0,Problema garantia,40.0,,,0.4927860191515076,False
PR-004817,2025-01-24,Correspondente,Brasília,DF,Apartamento,409324.79,188964.41,84.0,675.0,31.0,6243.09,0.0,CONS-006,3.0,Sem retorno,28.0,,,0.4616490733434445,False
PR-004818,2025-12-10,Parceria,Santos,SP,Sala comercial,955411.75,437051.21,180.0,731.0,44.0,4203.94,0.0,CONS-022,4.0,Problema garantia,30.0,,,0.45744801652271916,False
PR-004819,2024-04-17,Correspondente,Campinas,SP,Sala comercial,547065.31,249298.0,60.0,672.0,52.0,4766.32,0.0,CONS-004,2.0,Reprovada crédito,28.0,,,0.4557006182680455,False
PR-004820,2025-09-02,Organico,Curitiba,PR,Apartamento,1068079.08,296569.76,180.0,665.0,50.0,9411.87,1.0,CONS-021,3.0,Reprovada crédito,16.0,,,0.27766648139948585,False
PR-004821,2024-08-15,Organico,São Paulo,SP,Apartamento,835157.59,379357.64,60.0,738.0,33.0,1946.52,0.0,CONS-012,4.0,Problema garantia,32.0,,,0.45423479896770147,False
PR-004822,2024-02-12,Parceria,Santos,SP,Apartamento,2867302.93,1487322.45,240.0,646.0,53.0,7858.29,0.0,CONS-016,1.0,Desistiu,12.0,,,0.5187182820616725,False
PR-004823,2025-01-13,Indicação,Santos,SP,Casa,1829020.36,1056101.2,60.0,658.0,28.0,2715.4,0.0,CONS-027,3.0,Desistiu,37.0,,,0.577413583302047,False
PR-004824,2025-02-27,Organico,Florianópolis,SC,Apartamento,478170.85,150726.0,120.0,533.0,39.0,6339.87,0.0,CONS-008,3.0,Desistiu,34.0,,,0.31521369401752536,False
PR-004825,2025-01-06,Mídia paga,Campinas,SP,Apartamento,1389953.27,871395.2,60.0,636.0,30.0,8322.13,1.0,CONS-030,6.0,Contratada,37.0,2025-08-07,1.29,0.626924097959063,True
PR-004826,2024-12-18,Mídia paga,Rio de Janeiro,RJ,Sala comercial,870709.09,400147.22,60.0,599.0,42.0,3571.96,0.0,CONS-027,6.0,Contratada,56.0,2025-12-02,1.26,0.4595647669188799,True
PR-004827,2025-09-26,Indicação,Rio de Janeiro,RJ,Apartamento,388054.03,113229.97,180.0,591.0,38.0,9887.46,0.0,CONS-014,4.0,Sem retorno,30.0,,,0.2917891871912785,False
PR-004829,2025-02-26,Correspondente,Santos,SP,Apartamento,810375.94,505517.65,60.0,529.0,41.0,9487.5,0.0,CONS-002,4.0,Problema garantia,42.0,,,0.6238063410421588,False
PR-004830,2024-07-24,Parceria,Curitiba,PR,Apartamento,2008126.79,747409.78,84.0,708.0,48.0,6276.02,0.0,CONS-021,6.0,Contratada,57.0,2024-09-19,1.38,0.3721925247558696,True
PR-004831,2024-01-05,Parceria,São Paulo,SP,Apartamento,881495.37,384402.08,120.0,598.0,34.0,3526.64,1.0,CONS-021,4.0,Problema garantia,36.0,,,0.43607952245965853,False
PR-004832,2025-05-24,Indicação,Santos,SP,Apartamento,503084.3,341876.53,180.0,681.0,52.0,3993.2,0.0,CONS-014,4.0,Problema garantia,34.0,,,0.6795611192796118,False
PR-004833,2025-02-24,Mídia paga,Campinas,SP,Apartamento,1063031.51,486133.66,120.0,732.0,59.0,6742.2,1.0,CONS-009,1.0,Sem retorno,41.0,,,0.45730879604876434,False
PR-004834,2024-06-15,Correspondente,Curitiba,PR,Casa,487388.99,293519.98,120.0,470.0,53.0,6709.69,0.0,CONS-029,5.0,Documentação pendente,47.0,,,0.6022294020223969,False
PR-004835,2024-01-20,Organico,Porto Alegre,RS,Casa,603417.33,310489.18,180.0,700.0,46.0,11035.17,0.0,CONS-022,4.0,Problema garantia,28.0,,,0.5145513139306092,False
PR-004836,2024-12-13,Organico,São Paulo,SP,Apartamento,333720.16,151716.7,60.0,681.0,38.0,3596.54,0.0,CONS-014,5.0,Desistiu,33.0,,,0.4546225196583869,False
PR-004837,2025-04-02,Parceria,São Paulo,SP,Apartamento,405605.54,172172.66,240.0,552.0,21.0,5639.14,1.0,CONS-029,4.0,Problema garantia,14.0,,,0.42448300878730605,False
PR-004838,2024-05-20,Indicação,Santos,SP,Apartamento,1123772.38,724275.63,60.0,629.0,47.0,5355.98,0.0,CONS-003,4.0,Problema garantia,37.0,,,0.6445038540634004,False
PR-004839,2025-03-14,Parceria,Florianópolis,SC,Casa,371781.15,216311.96,120.0,741.0,29.0,3752.62,0.0,CONS-004,3.0,Reprovada crédito,35.0,,,0.5818260554630055,False
PR-004840,2024-12-22,Indicação,São Paulo,SP,Apartamento,883635.94,347105.0,84.0,725.0,32.0,3455.28,0.0,CONS-014,5.0,Desistiu,44.0,,,0.39281448873616437,False
PR-004841,2025-03-26,Organico,Brasília,DF,Apartamento,624418.44,300909.91,120.0,854.0,55.0,3519.38,0.0,CONS-028,6.0,Contratada,39.0,2025-04-05,1.2,0.4819042659918884,True
PR-004842,2024-11-15,Indicação,Goiânia,GO,Imóvel rural,1060375.31,427215.95,84.0,714.0,33.0,6007.24,0.0,CONS-006,3.0,Sem retorno,32.0,,,0.4028912649805096,False
PR-004843,2024-05-24,Organico,Goiânia,GO,Sala comercial,1103578.97,563287.72,120.0,867.0,21.0,1891.01,0.0,CONS-027,3.0,Desistiu,24.0,,,0.5104190414212043,False
PR-004844,2024-05-08,Indicação,Rio de Janeiro,RJ,Apartamento,485523.66,235296.15,120.0,664.0,50.0,6375.62,0.0,CONS-004,3.0,Reprovada crédito,34.0,,,0.4846234475988256,False
PR-004846,2024-05-25,Mídia paga,Curitiba,PR,Apartamento,385784.64,128798.4,120.0,596.0,37.0,9544.45,0.0,CONS-003,6.0,Contratada,29.0,2024-06-23,1.33,0.3338608815529825,True
PR-004847,2025-07-13,Mídia paga,Salvador,BA,Apartamento,1270179.12,716780.46,84.0,680.0,25.0,9369.55,0.0,CONS-026,3.0,Desistiu,30.0,,,0.5643144724344075,False
PR-004848,2025-02-05,Correspondente,Rio de Janeiro,RJ,Apartamento,392210.61,199778.7,60.0,771.0,38.0,4302.47,0.0,CONS-008,3.0,Sem retorno,41.0,,,0.5093658736055101,False
PR-004849,2025-09-08,Mídia paga,Recife,PE,Apartamento,575839.47,200689.98,180.0,598.0,36.0,2213.84,0.0,CONS-005,4.0,Problema garantia,52.0,,,0.3485172351940377,False
PR-004850,2025-01-04,Mídia paga,Florianópolis,SC,Sala comercial,1169159.7,534641.66,84.0,667.0,37.0,7161.89,0.0,CONS-027,6.0,Contratada,39.0,2025-10-05,1.25,0.4572871097079381,True
PR-004851,2024-07-09,Parceria,Florianópolis,SC,Casa,1139497.34,459420.64,120.0,564.0,45.0,6508.97,0.0,CONS-001,3.0,Sem retorno,45.0,,,0.40317833475591963,False
PR-004852,2025-08-21,Correspondente,Rio de Janeiro,RJ,Casa,490476.27,235911.76,180.0,639.0,21.0,8814.59,0.0,CONS-015,3.0,Desistiu,37.0,,,0.48098506376261585,False
PR-004853,2024-03-12,Organico,Rio de Janeiro,RJ,Casa,590397.79,459973.53,240.0,704.0,55.0,1800.0,0.0,CONS-026,2.0,Desistiu,8.0,,,0.7790908736294558,False
PR-004854,2024-12-10,Correspondente,Brasília,DF,Apartamento,1460572.43,888869.0,120.0,779.0,44.0,4813.32,0.0,CONS-018,5.0,Desistiu,46.0,,,0.60857577600585,False
PR-004855,2024-04-11,Parceria,Belo Horizonte,MG,Apartamento,1149509.12,264387.1,60.0,714.0,37.0,1960.1,0.0,CONS-001,3.0,Reprovada crédito,30.0,,,0.23000000208784768,False
PR-004856,2025-10-03,Organico,Goiânia,GO,Casa,775681.31,297179.05,60.0,650.0,47.0,6370.8,0.0,CONS-001,6.0,Contratada,35.0,2025-04-14,1.37,0.3831200341800165,True
PR-004857,2024-12-15,Correspondente,Rio de Janeiro,RJ,Sala comercial,489641.13,246633.46,240.0,744.0,39.0,3408.65,0.0,CONS-028,3.0,Desistiu,21.0,,,0.5037024973780286,False
PR-004858,2025-06-16,Mídia paga,Recife,PE,Sala comercial,775193.38,383373.77,240.0,773.0,30.0,3357.43,1.0,CONS-009,6.0,Contratada,46.0,2025-01-08,1.14,0.4945524302594019,True
PR-004859,2024-05-10,Parceria,Santos,SP,Apartamento,551918.35,243130.19,180.0,777.0,58.0,9782.71,0.0,CONS-014,6.0,Contratada,17.0,2024-10-22,1.16,0.44051840276736587,True
PR-004860,2024-12-12,Indicação,Rio de Janeiro,RJ,Apartamento,788293.15,484030.06,60.0,564.0,40.0,6566.73,0.0,CONS-002,2.0,Reprovada crédito,25.0,,,0.6140229177432278,False
PR-004862,2024-07-29,Correspondente,Brasília,DF,Apartamento,547521.87,219811.62,120.0,706.0,46.0,2188.04,0.0,CONS-010,6.0,Contratada,26.0,2024-08-24,1.07,0.40146637430208953,True
PR-004863,2025-08-04,Correspondente,Porto Alegre,RS,Apartamento,694936.79,316154.34,180.0,623.0,47.0,15480.53,1.0,CONS-012,2.0,Reprovada crédito,32.0,,,0.454939707538005,False
PR-004864,2024-08-30,Mídia paga,Salvador,BA,Sala comercial,618945.19,283257.83,60.0,783.0,41.0,2352.15,0.0,CONS-005,6.0,Contratada,37.0,2024-06-10,1.36,0.45764606394307716,True
PR-004865,2025-11-22,Correspondente,Santos,SP,Casa,986025.63,464831.21,84.0,728.0,66.0,2664.29,0.0,CONS-030,4.0,Sem retorno,40.0,,,0.47141899343934907,False
PR-004866,2025-03-27,Parceria,Belo Horizonte,MG,Casa,734801.18,461207.14,84.0,564.0,39.0,5335.73,0.0,CONS-013,5.0,Desistiu,29.0,,,0.6276624923220727,False
PR-004867,2024-06-18,Indicação,Goiânia,GO,Casa,1068332.75,431343.26,120.0,614.0,57.0,6316.98,0.0,CONS-016,3.0,Reprovada crédito,20.0,,,0.40375366195597767,False
PR-004868,2025-03-17,Mídia paga,São Paulo,SP,Apartamento,1040044.66,428781.76,120.0,587.0,39.0,5037.24,1.0,CONS-009,3.0,Reprovada crédito,10.0,,,0.4122724499157565,False
PR-004869,2025-11-23,Parceria,Salvador,BA,Apartamento,353617.52,169494.66,84.0,718.0,43.0,11375.18,0.0,CONS-008,2.0,Sem retorno,31.0,,,0.47931635287753843,False
PR-004870,2025-07-31,Indicação,Porto Alegre,RS,Casa,876002.42,466804.67,60.0,550.0,31.0,10140.64,0.0,CONS-024,1.0,Desistiu,16.0,,,0.5328805712660017,False
PR-004871,2024-03-29,Correspondente,Belo Horizonte,MG,Apartamento,992972.26,557938.28,120.0,638.0,40.0,1800.0,0.0,CONS-004,2.0,Reprovada crédito,33.0,,,0.5618870762814663,False
PR-004872,2024-02-05,Indicação,Curitiba,PR,Apartamento,1187017.41,543385.17,84.0,788.0,40.0,5908.57,0.0,CONS-022,6.0,Contratada,41.0,2024-12-06,1.38,0.45777354689346983,True
PR-004873,2024-03-12,Parceria,Campinas,SP,Casa,847470.9,449683.09,84.0,717.0,30.0,8526.74,0.0,CONS-017,2.0,Reprovada crédito,24.0,,,0.530617735665024,False
PR-004874,2025-04-10,Mídia paga,Goiânia,GO,Casa,987017.88,405615.2,120.0,751.0,30.0,4599.8,0.0,CONS-002,2.0,Reprovada crédito,44.0,,,0.4109502048736949,False
PR-004875,2025-10-13,Mídia paga,Brasília,DF,Casa,513435.46,405614.01,84.0,579.0,44.0,6731.8,0.0,CONS-030,3.0,Sem retorno,28.0,,,0.7899999933779408,False
PR-004876,2025-03-15,Organico,São Paulo,SP,Casa,695997.23,507790.75,60.0,703.0,29.0,3981.65,0.0,CONS-027,2.0,Reprovada crédito,25.0,,,0.7295873145931917,False
PR-004877,2025-12-07,Indicação,Recife,PE,Apartamento,565552.62,288271.31,180.0,672.0,40.0,4586.2,0.0,CONS-006,6.0,Contratada,26.0,2025-07-08,1.47,0.5097161604520548,True
PR-004878,2025-05-15,Mídia paga,Campinas,SP,Casa,1121817.4,493745.14,60.0,652.0,36.0,6700.86,0.0,CONS-023,4.0,Sem retorno,41.0,,,0.44012968598989466,False
PR-004879,2024-09-07,Mídia paga,Brasília,DF,Casa,811089.06,470408.25,240.0,501.0,45.0,6830.76,0.0,CONS-029,2.0,Desistiu,28.0,,,0.5799711439826348,False
PR-004880,2024-10-22,Organico,Recife,PE,Casa,488878.66,276197.55,120.0,633.0,41.0,4654.68,0.0,CONS-028,6.0,Contratada,34.0,2024-11-25,1.26,0.5649613546232515,True
PR-004881,2024-07-16,Organico,Florianópolis,SC,Sala comercial,1246279.69,598629.86,180.0,776.0,55.0,3990.38,0.0,CONS-008,3.0,Reprovada crédito,33.0,,,0.48033347955786715,False
PR-004882,2024-03-09,Indicação,Florianópolis,SC,Apartamento,461777.52,221396.97,84.0,616.0,41.0,4397.92,1.0,CONS-013,4.0,Problema garantia,35.0,,,0.4794451016151674,False
PR-004883,2025-04-04,Organico,Goiânia,GO,Apartamento,1106466.03,519515.24,84.0,705.0,24.0,3735.06,0.0,CONS-030,3.0,Desistiu,43.0,,,0.4695266062528824,False
PR-004884,2024-07-15,Mídia paga,Santos,SP,Casa,641158.03,255368.39,240.0,667.0,37.0,1886.53,0.0,CONS-005,6.0,Contratada,54.0,2024-07-09,1.25,0.3982924303388979,True
PR-004886,2024-11-02,Parceria,Curitiba,PR,Apartamento,469166.96,170248.23,60.0,695.0,45.0,2744.25,0.0,CONS-012,6.0,Contratada,40.0,2024-03-22,1.19,0.3628734427505296,True
PR-004887,2024-09-26,Indicação,Belo Horizonte,MG,Casa,824763.84,308191.46,180.0,694.0,21.0,4850.97,1.0,CONS-022,3.0,Reprovada crédito,26.0,,,0.37367237147545174,False
PR-004888,2024-11-23,Indicação,Santos,SP,Sala comercial,959465.72,462483.51,60.0,660.0,50.0,8788.48,0.0,CONS-009,6.0,Contratada,24.0,2024-12-17,1.4,0.4820219215335802,True
PR-004889,2025-03-21,Parceria,São Paulo,SP,Apartamento,586394.54,318016.62,60.0,792.0,34.0,5050.43,0.0,CONS-022,3.0,Reprovada crédito,15.0,,,0.5423253429337865,False
PR-004890,2024-12-12,Parceria,Belo Horizonte,MG,Apartamento,897740.76,341689.15,120.0,718.0,32.0,2292.06,1.0,CONS-016,4.0,Sem retorno,42.0,,,0.3806100438171037,False
PR-004891,2024-03-08,Mídia paga,Rio de Janeiro,RJ,Apartamento,602991.8,362630.75,120.0,524.0,41.0,3436.4,0.0,CONS-024,3.0,Sem retorno,45.0,,,0.6013858729090511,False
PR-004893,2025-03-08,Parceria,Brasília,DF,Casa,1080410.32,470749.59,84.0,617.0,34.0,3477.93,0.0,CONS-023,5.0,Documentação pendente,32.0,,,0.43571371106488505,False
PR-004894,2024-12-16,Correspondente,São Paulo,SP,Apartamento,581884.27,270377.01,120.0,587.0,44.0,5149.34,0.0,CONS-029,3.0,Desistiu,30.0,,,0.46465770590430294,False
PR-004895,2024-12-11,Indicação,Florianópolis,SC,Casa,423676.83,163487.54,240.0,746.0,41.0,4897.47,0.0,CONS-004,5.0,Documentação pendente,40.0,,,0.3858779343680418,False
PR-004896,2025-05-08,Organico,São Paulo,SP,Casa,848811.14,534955.72,84.0,745.0,46.0,4278.87,0.0,CONS-013,2.0,Desistiu,16.0,,,0.6302411629517491,False
PR-004897,2025-01-13,Organico,Rio de Janeiro,RJ,Apartamento,388969.9,198306.93,120.0,637.0,37.0,5314.57,0.0,CONS-008,2.0,Sem retorno,18.0,,,0.5098259016957353,False
PR-004899,2025-04-23,Mídia paga,Rio de Janeiro,RJ,Apartamento,664300.88,316321.27,60.0,681.0,34.0,2633.83,1.0,CONS-017,6.0,Contratada,24.0,2025-05-17,1.23,0.4761716859384561,True
PR-004900,2024-11-20,Mídia paga,Rio de Janeiro,RJ,Casa,790270.87,368995.16,120.0,545.0,47.0,4701.36,1.0,CONS-011,2.0,Reprovada crédito,23.0,,,0.46692238573844935,False
PR-004901,2025-02-27,Organico,Florianópolis,SC,Casa,1110624.49,709338.48,240.0,693.0,52.0,3024.71,0.0,CONS-007,4.0,Sem retorno,38.0,,,0.6386843495590485,False
PR-004902,2024-06-08,Organico,Florianópolis,SC,Apartamento,469638.86,180450.88,60.0,678.0,42.0,5208.58,0.0,CONS-024,3.0,Desistiu,41.0,,,0.38423328086606806,False
PR-004903,2025-01-21,Correspondente,Belo Horizonte,MG,Casa,673859.82,400409.32,180.0,668.0,35.0,5757.92,0.0,CONS-017,3.0,Sem retorno,33.0,,,0.5942026933732301,False
PR-004904,2025-04-11,Organico,Campinas,SP,Apartamento,1031277.3,237193.78,120.0,769.0,55.0,5705.02,0.0,CONS-001,6.0,Contratada,42.0,2025-12-16,1.05,0.2300000009696713,True
PR-004905,2025-08-21,Parceria,Florianópolis,SC,Apartamento,1053991.38,556257.76,120.0,646.0,49.0,4700.93,0.0,CONS-019,4.0,Sem retorno,47.0,,,0.5277631018196753,False
PR-004906,2024-10-25,Indicação,Curitiba,PR,Casa,608140.44,367176.62,240.0,678.0,42.0,5789.12,0.0,CONS-030,3.0,Desistiu,15.0,,,0.6037694516746823,False
PR-004907,2025-11-18,Indicação,Salvador,BA,Casa,1348408.06,678361.41,84.0,734.0,41.0,8497.52,0.0,CONS-016,4.0,Sem retorno,13.0,,,0.5030831764681086,False
PR-004908,2024-08-16,Organico,Santos,SP,Apartamento,1519781.12,878486.54,240.0,577.0,39.0,7551.6,0.0,CONS-010,3.0,Desistiu,28.0,,,0.578034908079395,False
PR-004909,2025-05-19,Indicação,Santos,SP,Apartamento,906104.89,488851.97,84.0,736.0,48.0,4648.0,0.0,CONS-009,6.0,Contratada,52.0,2025-10-07,1.58,0.5395092504136028,True
PR-004910,2024-07-23,Correspondente,Curitiba,PR,Apartamento,854331.38,249916.57,180.0,630.0,50.0,2691.56,0.0,CONS-020,3.0,Reprovada crédito,25.0,,,0.29252884284784203,False
PR-004911,2024-04-08,Indicação,Goiânia,GO,Apartamento,1275091.95,767892.28,180.0,560.0,43.0,3061.1,0.0,CONS-006,3.0,Desistiu,36.0,,,0.6022250238502408,False
PR-004912,2025-06-06,Correspondente,Belo Horizonte,MG,Casa,3076745.98,1698427.62,180.0,701.0,44.0,5078.75,1.0,CONS-017,4.0,Sem retorno,31.0,,,0.5520207488822331,False
PR-004913,2024-04-09,Parceria,Belo Horizonte,MG,Casa,563157.56,317949.63,84.0,634.0,35.0,5694.76,0.0,CONS-017,4.0,Sem retorno,16.0,,,0.5645837907245709,False
PR-004914,2025-05-02,Parceria,Brasília,DF,Sala comercial,1153391.13,483693.14,84.0,698.0,43.0,7196.64,0.0,CONS-003,3.0,Desistiu,28.0,,,0.41936610003234553,False
PR-004915,2025-09-01,Correspondente,Florianópolis,SC,Casa,418886.21,183286.06,84.0,802.0,41.0,6030.12,0.0,CONS-004,6.0,Contratada,42.0,2025-02-20,1.26,0.4375557266494879,True
PR-004916,2025-12-08,Indicação,Brasília,DF,Apartamento,1733464.43,1182515.41,84.0,646.0,29.0,3525.72,0.0,CONS-007,3.0,Reprovada crédito,32.0,,,0.6821688345805861,False
PR-004918,2025-01-23,Organico,Porto Alegre,RS,Apartamento,620946.19,339934.48,120.0,624.0,40.0,6874.4,0.0,CONS-013,4.0,Problema garantia,43.0,,,0.5474459550190653,False
PR-004919,2025-01-15,Organico,Porto Alegre,RS,Apartamento,1203019.61,514681.88,240.0,732.0,61.0,2020.5,0.0,CONS-005,6.0,Contratada,65.0,2025-03-21,1.24,0.4278250127610139,True
PR-004920,2025-07-31,Correspondente,São Paulo,SP,Apartamento,779387.12,366949.71,120.0,616.0,25.0,5919.15,0.0,CONS-028,2.0,Desistiu,35.0,,,0.47081828860605246,False
PR-004921,2025-06-29,Indicação,Florianópolis,SC,Apartamento,1010229.2,569516.2,120.0,668.0,24.0,4518.8,0.0,CONS-006,3.0,Reprovada crédito,39.0,,,0.5637494936792561,False
PR-004923,2024-05-18,Mídia paga,Goiânia,GO,Casa,1084038.32,622729.04,240.0,789.0,27.0,9360.35,0.0,CONS-005,6.0,Contratada,39.0,2024-06-26,1.59,0.5744529769021449,True
PR-004924,2025-10-04,Indicação,Goiânia,GO,Casa,1258133.24,680820.54,84.0,714.0,48.0,4402.32,1.0,CONS-002,6.0,Contratada,53.0,2025-02-06,1.26,0.5411354841876684,True
PR-004925,2024-09-11,Correspondente,Brasília,DF,Sala comercial,1129571.86,527982.34,60.0,628.0,45.0,7347.57,1.0,CONS-013,3.0,Sem retorno,42.0,,,0.46741810653817095,False
PR-004926,2025-06-26,Correspondente,Curitiba,PR,Apartamento,1875609.2,836200.38,180.0,596.0,21.0,9492.66,0.0,CONS-030,3.0,Sem retorno,36.0,,,0.4458286832886083,False
PR-004927,2025-02-21,Parceria,Curitiba,PR,Casa,1541362.92,722106.23,84.0,811.0,49.0,5533.88,0.0,CONS-003,3.0,Sem retorno,27.0,,,0.4684855335692129,False
PR-004928,2024-06-23,Organico,Santos,SP,Casa,512307.71,353126.58,60.0,664.0,38.0,4387.54,1.0,CONS-004,3.0,Desistiu,20.0,,,0.6892860933129428,False
PR-004929,2025-07-05,Mídia paga,Recife,PE,Apartamento,2206971.86,1007447.19,84.0,643.0,38.0,4544.76,0.0,CONS-006,4.0,Sem retorno,37.0,,,0.45648393088256234,False
PR-004930,2025-06-17,Indicação,Rio de Janeiro,RJ,Casa,868637.2,490319.59,240.0,690.0,22.0,2512.15,1.0,CONS-021,6.0,Contratada,68.0,2025-08-24,1.29,0.5644699421116204,True
PR-004931,2024-10-28,Correspondente,Curitiba,PR,Apartamento,783443.52,400859.77,180.0,571.0,47.0,10607.42,0.0,CONS-007,2.0,Sem retorno,39.0,,,0.5116639039914453,False
PR-004932,2024-09-12,Indicação,Florianópolis,SC,Sala comercial,283963.28,132914.13,120.0,708.0,45.0,3049.73,0.0,CONS-019,3.0,Reprovada crédito,24.0,,,0.46806801921713254,False
PR-004933,2025-04-10,Correspondente,Curitiba,PR,Apartamento,579940.01,229542.49,120.0,593.0,50.0,7416.68,0.0,CONS-021,6.0,Contratada,22.0,2025-10-26,1.29,0.3958038521949882,True
PR-004934,2024-06-19,Indicação,Goiânia,GO,Casa,1235652.91,703798.96,120.0,674.0,21.0,4892.93,0.0,CONS-018,2.0,Desistiu,26.0,,,0.5695765811776383,False
PR-004935,2025-11-26,Organico,Porto Alegre,RS,Casa,191521.12,106216.75,180.0,659.0,42.0,11826.46,0.0,CONS-016,2.0,Sem retorno,25.0,,,0.5545954931758962,False
PR-004936,2024-12-15,Correspondente,Brasília,DF,Casa,719174.71,382910.01,240.0,743.0,41.0,4008.17,0.0,CONS-019,3.0,Sem retorno,31.0,,,0.5324297485377372,False
PR-004937,2024-07-18,Mídia paga,Brasília,DF,Casa,421143.23,172706.27,60.0,590.0,44.0,4984.8,0.0,CONS-027,2.0,Reprovada crédito,25.0,,,0.410089151854584,False
PR-004938,2025-02-11,Mídia paga,Belo Horizonte,MG,Casa,1422321.95,844762.74,240.0,634.0,38.0,1824.95,1.0,CONS-030,3.0,Reprovada crédito,26.0,,,0.5939321543902208,False
PR-004939,2025-03-28,Organico,Rio de Janeiro,RJ,Apartamento,1027985.46,591425.08,120.0,518.0,42.0,6027.16,0.0,CONS-020,2.0,Sem retorno,24.0,,,0.5753243630508159,False
PR-004940,2024-09-30,Parceria,São Paulo,SP,Casa,575610.05,271024.14,180.0,695.0,43.0,2721.25,1.0,CONS-026,5.0,Documentação pendente,48.0,,,0.47084678247018097,False
PR-004942,2025-09-28,Correspondente,Salvador,BA,Imóvel rural,794836.44,404766.43,60.0,762.0,39.0,4633.23,1.0,CONS-001,2.0,Sem retorno,23.0,,,0.5092449334607759,False
PR-004944,2025-11-29,Indicação,Curitiba,PR,Casa,731814.8,168317.4,84.0,701.0,55.0,3922.03,0.0,CONS-026,5.0,Documentação pendente,33.0,,,0.22999999453413622,False
PR-004945,2024-09-20,Correspondente,São Paulo,SP,Apartamento,896378.42,585929.74,84.0,680.0,45.0,4547.28,0.0,CONS-024,3.0,Sem retorno,38.0,,,0.6536633713248027,False
PR-004946,2025-07-25,Indicação,Rio de Janeiro,RJ,Apartamento,860045.55,395177.19,180.0,705.0,28.0,4329.8,0.0,CONS-017,4.0,Problema garantia,45.0,,,0.4594840238403652,False
PR-004948,2025-11-09,Indicação,Campinas,SP,Casa,285909.28,110288.6,240.0,683.0,48.0,2260.92,0.0,CONS-017,6.0,Contratada,42.0,2025-10-23,1.24,0.3857468354997081,True
PR-004949,2025-04-14,Parceria,Brasília,DF,Imóvel rural,1513715.15,497731.46,240.0,646.0,31.0,4480.27,1.0,CONS-022,3.0,Reprovada crédito,41.0,,,0.3288144800559075,False
PR-004950,2025-02-03,Organico,Salvador,BA,Sala comercial,672182.54,310750.36,120.0,608.0,38.0,5281.89,0.0,CONS-005,5.0,Documentação pendente,34.0,,,0.4623005530610777,False
PR-004952,2024-11-11,Indicação,Rio de Janeiro,RJ,Casa,371004.62,210678.26,180.0,553.0,45.0,3966.67,0.0,CONS-026,4.0,Sem retorno,37.0,,,0.5678588584692018,False
PR-004953,2024-10-19,Indicação,Rio de Janeiro,RJ,Apartamento,871669.92,320873.18,120.0,525.0,38.0,6219.67,0.0,CONS-017,4.0,Problema garantia,23.0,,,0.3681131729313316,False
PR-004954,2025-01-18,Parceria,Brasília,DF,Casa,1401556.95,810699.29,84.0,722.0,49.0,7290.82,0.0,CONS-006,5.0,Documentação pendente,31.0,,,0.578427647909705,False
PR-004955,2025-08-21,Mídia paga,Recife,PE,Apartamento,1070820.42,498593.57,84.0,623.0,38.0,2755.75,1.0,CONS-017,5.0,Desistiu,53.0,,,0.46561828733150235,False
PR-004956,2024-12-29,Organico,Recife,PE,Casa,621857.4,349060.03,60.0,860.0,56.0,9471.18,0.0,CONS-011,6.0,Contratada,15.0,2025-01-13,1.35,0.5613184469622778,True
PR-004957,2025-07-14,Mídia paga,Campinas,SP,Casa,860836.28,457562.95,240.0,680.0,43.0,3075.5,0.0,CONS-028,2.0,Desistiu,15.0,,,0.5315330692149731,False
PR-004958,2025-04-24,Correspondente,Brasília,DF,Apartamento,1073305.45,541893.71,240.0,637.0,40.0,9004.27,1.0,CONS-020,2.0,Reprovada crédito,22.0,,,0.5048830321321857,False
PR-004959,2025-03-27,Parceria,Recife,PE,Sala comercial,1083010.14,345567.83,84.0,598.0,25.0,2428.9,0.0,CONS-007,3.0,Desistiu,27.0,,,0.3190808813664478,False
PR-004960,2025-06-04,Organico,Recife,PE,Apartamento,743373.22,415736.34,60.0,588.0,21.0,6520.63,1.0,CONS-015,2.0,Desistiu,17.0,,,0.5592565467989283,False
PR-004961,2025-06-09,Correspondente,Porto Alegre,RS,Sala comercial,1441953.78,722413.46,240.0,551.0,38.0,3216.92,0.0,CONS-023,3.0,Reprovada crédito,45.0,,,0.5009962663297016,False
PR-004962,2025-10-01,Organico,Brasília,DF,Casa,936830.71,567080.65,60.0,606.0,21.0,6880.83,1.0,CONS-025,4.0,Problema garantia,41.0,,,0.6053181689571214,False
PR-004963,2024-06-22,Correspondente,Belo Horizonte,MG,Apartamento,851901.51,430500.18,84.0,669.0,43.0,4738.17,0.0,CONS-014,2.0,Desistiu,12.0,,,0.5053403180374689,False
PR-004964,2024-03-07,Correspondente,Campinas,SP,Sala comercial,390088.21,212639.34,84.0,635.0,47.0,4829.96,0.0,CONS-023,2.0,Reprovada crédito,36.0,,,0.5451057851761272,False
PR-004966,2025-09-23,Organico,Campinas,SP,Sala comercial,634743.4,284767.09,240.0,729.0,35.0,4369.12,0.0,CONS-021,4.0,Sem retorno,27.0,,,0.44863340052058837,False
PR-004967,2024-09-05,Correspondente,Belo Horizonte,MG,Casa,522424.28,233402.06,60.0,641.0,28.0,2837.98,0.0,CONS-021,5.0,Desistiu,43.0,,,0.4467672520886663,False
PR-004968,2024-05-16,Parceria,Brasília,DF,Apartamento,587126.85,226234.48,180.0,652.0,27.0,2696.27,0.0,CONS-023,4.0,Problema garantia,35.0,,,0.38532470453361145,False
PR-004969,2024-09-15,Parceria,Rio de Janeiro,RJ,Apartamento,530772.17,219476.8,240.0,612.0,21.0,12568.29,0.0,CONS-002,3.0,Sem retorno,25.0,,,0.41350472463543064,False
PR-004970,2025-09-18,Correspondente,Santos,SP,Apartamento,2483021.21,910265.67,180.0,700.0,46.0,7213.47,0.0,CONS-030,6.0,Contratada,45.0,2025-02-11,1.5,0.3665960106720152,True
PR-004971,2025-01-12,Parceria,Santos,SP,Sala comercial,392120.29,166987.42,120.0,626.0,35.0,6249.9,0.0,CONS-012,3.0,Desistiu,40.0,,,0.42585763669612714,False
PR-004972,2025-03-24,Organico,Campinas,SP,Casa,1148004.86,592198.59,180.0,767.0,21.0,4076.84,0.0,CONS-015,5.0,Desistiu,34.0,,,0.5158502464876323,False
PR-004973,2025-04-22,Indicação,Florianópolis,SC,Casa,608854.95,261299.29,180.0,647.0,43.0,2371.95,0.0,CONS-019,6.0,Contratada,9.0,2025-01-05,1.38,0.42916509096296257,True
PR-004974,2025-03-14,Correspondente,Porto Alegre,RS,Casa,729626.37,429769.62,120.0,867.0,34.0,2383.82,0.0,CONS-027,4.0,Sem retorno,31.0,,,0.5890269837697889,False
PR-004975,2024-01-04,Mídia paga,Rio de Janeiro,RJ,Casa,630280.88,201572.93,120.0,712.0,29.0,8469.11,1.0,CONS-012,3.0,Desistiu,10.0,,,0.31981444526764,False
PR-004976,2025-10-04,Correspondente,Recife,PE,Apartamento,1406020.51,937609.9,84.0,635.0,57.0,1800.0,0.0,CONS-021,4.0,Sem retorno,53.0,,,0.6668536435503348,False
PR-004977,2025-11-01,Organico,São Paulo,SP,Apartamento,634083.81,259853.71,84.0,755.0,34.0,7720.68,0.0,CONS-015,3.0,Sem retorno,9.0,,,0.40980972215644484,False
PR-004978,2025-08-03,Correspondente,São Paulo,SP,Apartamento,269210.78,111526.46,180.0,697.0,46.0,2879.67,0.0,CONS-018,3.0,Reprovada crédito,24.0,,,0.414271895055614,False
PR-004979,2025-05-06,Mídia paga,Campinas,SP,Imóvel rural,896596.28,406796.63,240.0,750.0,47.0,6200.46,0.0,CONS-018,5.0,Documentação pendente,36.0,,,0.45371215459426173,False
PR-004980,2024-06-22,Organico,Belo Horizonte,MG,Sala comercial,716676.92,451239.54,84.0,814.0,42.0,5488.19,0.0,CONS-030,4.0,Problema garantia,22.0,,,0.6296275593750109,False
PR-004981,2025-05-25,Indicação,Florianópolis,SC,Casa,706209.9,343402.41,60.0,661.0,49.0,7976.21,0.0,CONS-002,5.0,Desistiu,34.0,,,0.4862611101883448,False
PR-004983,2024-12-13,Correspondente,Recife,PE,Casa,742868.85,384998.45,240.0,611.0,50.0,4477.38,0.0,CONS-022,6.0,Contratada,11.0,2024-12-24,1.45,0.5182589766686273,True
PR-004984,2025-08-15,Correspondente,São Paulo,SP,Casa,767755.98,437925.63,120.0,694.0,47.0,7372.63,0.0,CONS-025,3.0,Desistiu,29.0,,,0.570396898764631,False
PR-004985,2025-04-26,Mídia paga,Brasília,DF,Apartamento,385865.19,149006.85,240.0,607.0,33.0,4082.38,1.0,CONS-011,6.0,Contratada,55.0,2025-06-20,1.44,0.38616297572735186,True
PR-004986,2025-04-14,Organico,Brasília,DF,Apartamento,587937.81,373316.79,240.0,744.0,48.0,2437.89,0.0,CONS-010,3.0,Sem retorno,22.0,,,0.6349596567024665,False
PR-004987,2025-09-23,Mídia paga,Salvador,BA,Apartamento,973824.32,502458.05,60.0,641.0,32.0,4763.32,0.0,CONS-017,3.0,Desistiu,37.0,,,0.5159637520656704,False
PR-004990,2025-02-19,Mídia paga,Rio de Janeiro,RJ,Apartamento,950933.35,352273.46,60.0,794.0,31.0,2032.58,0.0,CONS-027,4.0,Problema garantia,53.0,,,0.3704502108375945,False
PR-004991,2024-04-19,Mídia paga,Salvador,BA,Apartamento,1627913.35,555666.86,120.0,725.0,40.0,3485.66,1.0,CONS-016,5.0,Documentação pendente,45.0,,,0.3413368776661239,False
PR-004992,2024-04-06,Organico,Rio de Janeiro,RJ,Sala comercial,398360.19,164007.24,240.0,730.0,33.0,3976.8,1.0,CONS-003,4.0,Problema garantia,25.0,,,0.41170589862405677,False
PR-004993,2025-09-22,Organico,Porto Alegre,RS,Apartamento,843880.61,437238.25,120.0,722.0,31.0,4453.32,0.0,CONS-023,1.0,Desistiu,15.0,,,0.5181280916029105,False
PR-004995,2025-12-06,Mídia paga,Brasília,DF,Casa,717868.05,441340.26,60.0,659.0,39.0,4125.16,1.0,CONS-025,2.0,Desistiu,24.0,,,0.6147930110554439,False
PR-004996,2024-12-23,Parceria,Rio de Janeiro,RJ,Apartamento,597834.71,275665.67,84.0,656.0,53.0,5604.19,0.0,CONS-023,4.0,Problema garantia,40.0,,,0.461106833358672,False
PR-004998,2025-03-31,Correspondente,Porto Alegre,RS,Imóvel rural,1581893.04,739495.08,60.0,738.0,55.0,3441.53,0.0,CONS-024,5.0,Desistiu,44.0,,,0.46747476681482836,False
PR-004999,2024-06-11,Indicação,Rio de Janeiro,RJ,Apartamento,1534095.61,776875.25,60.0,740.0,27.0,6093.68,1.0,CONS-017,3.0,Reprovada crédito,21.0,,,0.5064060185922832,False
PR-005000,2024-06-10,Mídia paga,Santos,SP,Apartamento,654308.14,169371.59,120.0,629.0,45.0,16682.69,1.0,CONS-004,1.0,Desistiu,15.0,,,0.2588560032280815,False
PR-005001,2025-09-03,Indicação,Brasília,DF,Casa,454713.61,104584.13,84.0,622.0,39.0,3351.95,0.0,CONS-024,3.0,Sem retorno,32.0,,,0.2299999993402441,False
PR-005002,2024-01-12,Correspondente,Brasília,DF,Apartamento,611063.13,307853.58,240.0,619.0,39.0,1948.62,1.0,CONS-008,3.0,Reprovada crédito,31.0,,,0.503799959261165,False
PR-005003,2024-12-07,Indicação,Campinas,SP,Apartamento,465929.1,252051.3,84.0,806.0,39.0,6243.91,0.0,CONS-002,4.0,Problema garantia,35.0,,,0.5409649236332309,False
PR-005004,2025-07-20,Organico,Santos,SP,Casa,1386328.23,489570.4,240.0,747.0,42.0,9316.33,0.0,CONS-022,6.0,Contratada,27.0,2025-08-16,1.43,0.3531417664343458,True
PR-005005,2024-06-26,Parceria,São Paulo,SP,Casa,233907.27,91779.35,120.0,670.0,24.0,11910.52,0.0,CONS-027,3.0,Sem retorno,21.0,,,0.3923749355887913,False
PR-005006,2024-11-24,Organico,Belo Horizonte,MG,Casa,544253.48,271223.43,60.0,541.0,48.0,5959.06,0.0,CONS-008,6.0,Contratada,17.0,2024-11-12,1.28,0.4983402770341496,True
PR-005007,2025-10-09,Indicação,Salvador,BA,Apartamento,572275.57,211677.77,60.0,738.0,52.0,3629.46,0.0,CONS-028,3.0,Sem retorno,35.0,,,0.3698878321854627,False
PR-005009,2024-08-27,Correspondente,Recife,PE,Casa,580810.12,237121.62,180.0,683.0,27.0,6445.43,0.0,CONS-027,6.0,Contratada,28.0,2024-09-24,1.09,0.4082601384424913,True
PR-005010,2025-10-09,Organico,Santos,SP,Casa,989660.85,288027.02,180.0,642.0,30.0,5219.01,0.0,CONS-002,4.0,Problema garantia,33.0,,,0.29103608574594014,False
PR-005011,2025-05-21,Parceria,Florianópolis,SC,Casa,747247.32,336864.68,240.0,672.0,45.0,7571.41,0.0,CONS-025,6.0,Contratada,22.0,2025-12-06,1.35,0.45080747830584394,True
PR-005012,2024-12-28,Correspondente,Recife,PE,Apartamento,691461.61,341395.15,84.0,677.0,37.0,11992.21,0.0,CONS-015,3.0,Desistiu,20.0,,,0.4937297241997282,False
PR-005013,2025-01-15,Mídia paga,Campinas,SP,Casa,632296.81,407548.83,240.0,639.0,45.0,4924.21,1.0,CONS-001,1.0,Sem retorno,5.0,,,0.6445530383112323,False
PR-005014,2025-10-05,Correspondente,Goiânia,GO,Apartamento,1048633.99,369180.89,84.0,708.0,42.0,3416.28,0.0,CONS-004,2.0,Reprovada crédito,18.0,,,0.3520588627877683,False
PR-005015,2024-05-19,Correspondente,Salvador,BA,Apartamento,517612.87,247605.54,240.0,653.0,55.0,2781.09,0.0,CONS-023,3.0,Sem retorno,44.0,,,0.4783604781697179,False
PR-005016,2025-09-03,Organico,Recife,PE,Casa,841854.1,328810.14,60.0,735.0,36.0,6363.15,0.0,CONS-002,6.0,Contratada,27.0,2025-05-04,1.11,0.39057853373880347,True
PR-005017,2025-04-09,Mídia paga,Curitiba,PR,Apartamento,544470.88,213583.57,180.0,659.0,37.0,6716.74,0.0,CONS-026,3.0,Desistiu,26.0,,,0.39227730599660354,False
PR-005018,2024-11-29,Correspondente,Florianópolis,SC,Sala comercial,837170.19,406612.39,240.0,681.0,53.0,1800.0,0.0,CONS-030,4.0,Problema garantia,17.0,,,0.4856986009021655,False
PR-005019,2024-10-25,Organico,Campinas,SP,Apartamento,436450.71,232921.88,180.0,791.0,55.0,5115.12,0.0,CONS-011,6.0,Contratada,42.0,2024-06-12,1.48,0.5336728172581046,True
PR-005020,2025-04-09,Parceria,Belo Horizonte,MG,Apartamento,2095918.94,1026573.27,240.0,739.0,46.0,5949.86,1.0,CONS-020,2.0,Sem retorno,44.0,,,0.48979626568955004,False
PR-005021,2025-10-06,Mídia paga,Belo Horizonte,MG,Apartamento,581350.49,224260.21,240.0,605.0,52.0,1988.1,0.0,CONS-006,4.0,Sem retorno,18.0,,,0.3857573251550884,False
PR-005022,2025-05-25,Correspondente,Brasília,DF,Apartamento,1077953.54,360969.07,120.0,633.0,46.0,15834.45,0.0,CONS-017,5.0,Desistiu,28.0,,,0.3348651464143807,False
PR-005024,2025-07-29,Parceria,São Paulo,SP,Sala comercial,747744.25,393080.0,180.0,675.0,26.0,9777.14,1.0,CONS-016,6.0,Contratada,38.0,2025-05-09,1.33,0.5256877602201555,True
PR-005025,2024-06-25,Correspondente,Recife,PE,Casa,771304.76,405438.4,120.0,718.0,54.0,3839.78,0.0,CONS-030,3.0,Reprovada crédito,43.0,,,0.5256526616016217,False
PR-005026,2024-10-22,Organico,Campinas,SP,Apartamento,751201.39,416776.87,84.0,723.0,44.0,1800.0,0.0,CONS-019,3.0,Desistiu,31.0,,,0.5548137630576003,False
PR-005027,2025-03-17,Correspondente,Salvador,BA,Casa,690688.06,347361.87,120.0,590.0,35.0,3526.42,0.0,CONS-002,4.0,Problema garantia,51.0,,,0.5029214925186342,False
PR-005028,2025-04-18,Mídia paga,Campinas,SP,Casa,1278778.21,570209.13,120.0,806.0,43.0,12749.27,1.0,CONS-015,6.0,Contratada,46.0,2025-03-06,1.29,0.4459015062510332,True
PR-005029,2025-01-29,Organico,Salvador,BA,Sala comercial,600312.71,315610.11,120.0,677.0,26.0,4669.34,0.0,CONS-006,6.0,Contratada,30.0,2025-02-28,1.28,0.5257428415933423,True
PR-005030,2025-03-09,Parceria,Campinas,SP,Apartamento,1011612.7,628792.92,60.0,688.0,35.0,3715.27,1.0,CONS-016,3.0,Reprovada crédito,21.0,,,0.6215747587985008,False
PR-005031,2024-12-04,Parceria,Campinas,SP,Casa,629560.6,344595.0,240.0,851.0,64.0,7223.45,1.0,CONS-014,5.0,Documentação pendente,19.0,,,0.547357950926408,False
PR-005034,2025-04-23,Indicação,Campinas,SP,Apartamento,643410.55,366062.49,180.0,674.0,48.0,4542.98,0.0,CONS-017,5.0,Documentação pendente,26.0,,,0.5689407641823715,False
PR-005035,2024-05-19,Organico,Belo Horizonte,MG,Apartamento,735842.3,369243.81,240.0,595.0,35.0,3049.55,1.0,CONS-015,6.0,Contratada,34.0,2024-06-22,1.29,0.5017974775301719,True
PR-005036,2024-11-24,Organico,Goiânia,GO,Apartamento,475405.59,224624.11,84.0,748.0,61.0,6594.09,1.0,CONS-003,3.0,Desistiu,32.0,,,0.47248941687875395,False
PR-005037,2024-05-10,Mídia paga,Curitiba,PR,Apartamento,631882.3,174931.3,120.0,522.0,43.0,19329.82,0.0,CONS-018,6.0,Contratada,35.0,2024-09-11,1.21,0.276841589011118,True
PR-005038,2025-02-27,Mídia paga,Florianópolis,SC,Apartamento,630887.35,238709.81,240.0,850.0,44.0,7715.3,0.0,CONS-030,5.0,Documentação pendente,40.0,,,0.3783715270245948,False
PR-005039,2024-09-07,Indicação,Campinas,SP,Casa,1329331.32,584589.14,60.0,512.0,43.0,9347.13,0.0,CONS-004,3.0,Desistiu,7.0,,,0.4397618044536858,False
PR-005040,2024-04-14,Mídia paga,Rio de Janeiro,RJ,Apartamento,469057.51,245918.68,120.0,594.0,21.0,3765.09,0.0,CONS-026,3.0,Sem retorno,25.0,,,0.5242825767782718,False
PR-005041,2024-09-26,Indicação,Florianópolis,SC,Casa,477002.66,214338.98,180.0,701.0,34.0,4219.94,0.0,CONS-026,3.0,Reprovada crédito,13.0,,,0.44934546067311243,False
PR-005042,2025-07-01,Correspondente,Rio de Janeiro,RJ,Sala comercial,852412.61,323612.98,60.0,679.0,48.0,10370.45,1.0,CONS-004,6.0,Contratada,34.0,2025-10-02,1.11,0.3796435859858995,True
PR-005043,2024-03-25,Parceria,São Paulo,SP,Apartamento,1294875.75,493953.52,180.0,780.0,38.0,9202.1,1.0,CONS-022,5.0,Documentação pendente,36.0,,,0.3814678898728314,False
PR-005044,2024-11-19,Parceria,Campinas,SP,Apartamento,719572.33,347652.0,60.0,583.0,33.0,17997.43,0.0,CONS-024,4.0,Sem retorno,33.0,,,0.48313697665389665,False
PR-005045,2025-05-07,Correspondente,Recife,PE,Casa,633506.95,294030.58,240.0,680.0,21.0,5579.12,0.0,CONS-006,3.0,Desistiu,16.0,,,0.4641315774041627,False
PR-005046,2025-03-25,Indicação,Belo Horizonte,MG,Casa,540212.09,285599.06,60.0,753.0,45.0,5350.42,0.0,CONS-006,4.0,Sem retorno,40.0,,,0.5286795043776232,False
PR-005047,2025-10-19,Correspondente,Curitiba,PR,Apartamento,705335.08,386730.45,84.0,615.0,26.0,3176.65,0.0,CONS-024,5.0,Documentação pendente,32.0,,,0.5482932310696925,False
PR-005048,2024-08-23,Mídia paga,Santos,SP,Sala comercial,647642.34,281820.8,60.0,671.0,50.0,4525.02,0.0,CONS-019,6.0,Contratada,17.0,2024-09-09,1.28,0.435148819948986,True
PR-005049,2025-07-25,Mídia paga,Porto Alegre,RS,Imóvel rural,455165.43,237146.88,84.0,623.0,45.0,4992.49,0.0,CONS-022,2.0,Desistiu,33.0,,,0.5210125030804734,False
PR-005050,2024-03-22,Mídia paga,Florianópolis,SC,Sala comercial,667410.35,254395.92,60.0,706.0,41.0,2484.61,1.0,CONS-003,2.0,Reprovada crédito,34.0,,,0.38116867681179956,False
PR-005051,2025-04-07,Correspondente,Rio de Janeiro,RJ,Apartamento,432665.1,143607.66,84.0,725.0,48.0,9880.51,0.0,CONS-004,2.0,Desistiu,9.0,,,0.33191412942712506,False
PR-005052,2025-04-24,Correspondente,Recife,PE,Imóvel rural,792342.22,329757.74,120.0,667.0,40.0,2907.25,0.0,CONS-029,6.0,Contratada,26.0,2025-05-20,1.13,0.41618095272015165,True
PR-005053,2025-01-10,Indicação,Recife,PE,Casa,585551.69,220307.32,120.0,662.0,33.0,4513.03,0.0,CONS-024,5.0,Documentação pendente,28.0,,,0.3762388936150112,False
PR-005054,2025-10-18,Organico,Brasília,DF,Casa,288993.56,169065.22,240.0,686.0,45.0,2688.09,0.0,CONS-027,3.0,Sem retorno,28.0,,,0.5850137975392946,False
PR-005055,2025-04-23,Mídia paga,Goiânia,GO,Apartamento,628631.74,394791.64,240.0,847.0,38.0,4337.02,1.0,CONS-004,6.0,Contratada,36.0,2025-05-29,1.42,0.6280173508260973,True
PR-005056,2025-07-24,Parceria,Porto Alegre,RS,Casa,791435.6,354964.02,240.0,705.0,41.0,7438.88,0.0,CONS-029,5.0,Documentação pendente,34.0,,,0.44850651145841813,False
PR-005057,2024-12-05,Correspondente,Belo Horizonte,MG,Sala comercial,1015959.03,635322.08,84.0,566.0,45.0,6862.4,0.0,CONS-009,3.0,Sem retorno,23.0,,,0.6253422246761269,False
PR-005058,2024-12-13,Mídia paga,Belo Horizonte,MG,Sala comercial,431470.94,216432.81,120.0,657.0,35.0,8106.48,1.0,CONS-025,3.0,Sem retorno,36.0,,,0.5016161922747335,False
PR-005059,2025-10-24,Correspondente,Campinas,SP,Casa,993450.1,478175.01,84.0,709.0,41.0,2968.56,0.0,CONS-026,6.0,Contratada,42.0,2025-05-12,1.26,0.48132765802731314,True
PR-005060,2025-06-21,Correspondente,Rio de Janeiro,RJ,Sala comercial,1060352.28,562652.04,84.0,585.0,33.0,8355.14,0.0,CONS-008,2.0,Sem retorno,16.0,,,0.5306274627900078,False
PR-005061,2024-04-19,Mídia paga,Brasília,DF,Apartamento,1173513.96,344403.55,120.0,537.0,34.0,1994.4,0.0,CONS-016,4.0,Sem retorno,24.0,,,0.2934805735076215,False
PR-005062,2024-01-28,Parceria,Santos,SP,Apartamento,428082.18,139321.94,84.0,699.0,29.0,9186.38,1.0,CONS-029,1.0,Sem retorno,9.0,,,0.3254560607965508,False
PR-005064,2025-04-03,Indicação,Brasília,DF,Apartamento,591561.6,429434.15,84.0,698.0,52.0,20230.64,0.0,CONS-018,5.0,Desistiu,24.0,,,0.7259331065437649,False
PR-005065,2025-09-04,Correspondente,Campinas,SP,Casa,2134649.36,726923.7,120.0,677.0,44.0,4683.54,1.0,CONS-011,5.0,Desistiu,61.0,,,0.3405354123358227,False
PR-005066,2024-10-21,Correspondente,Rio de Janeiro,RJ,Casa,1099278.29,663080.07,60.0,682.0,44.0,4027.07,1.0,CONS-005,2.0,Reprovada crédito,24.0,,,0.6031958204141373,False
PR-005067,2025-05-13,Correspondente,Rio de Janeiro,RJ,Sala comercial,711098.17,387198.01,180.0,662.0,28.0,3592.94,0.0,CONS-020,4.0,Problema garantia,19.0,,,0.5445071107411231,False
PR-005068,2025-02-24,Mídia paga,Porto Alegre,RS,Apartamento,749146.96,299825.22,84.0,858.0,28.0,6323.99,1.0,CONS-015,3.0,Desistiu,9.0,,,0.4002221673568561,False
PR-005069,2025-03-30,Indicação,São Paulo,SP,Casa,394643.71,156133.85,180.0,747.0,21.0,3749.28,0.0,CONS-019,6.0,Contratada,10.0,2025-09-04,1.19,0.39563243007217824,True
PR-005070,2025-02-06,Parceria,Goiânia,GO,Casa,829860.67,384656.59,180.0,738.0,41.0,5075.59,0.0,CONS-016,3.0,Sem retorno,58.0,,,0.4635194845419051,False
PR-005071,2025-04-17,Organico,Campinas,SP,Casa,1307784.49,712379.95,84.0,609.0,50.0,2766.18,0.0,CONS-005,4.0,Problema garantia,52.0,,,0.5447227394476899,False
PR-005072,2025-06-25,Mídia paga,Salvador,BA,Casa,755459.75,351049.05,240.0,683.0,31.0,5427.12,0.0,CONS-023,4.0,Problema garantia,34.0,,,0.4646826650923494,False
PR-005073,2025-08-11,Mídia paga,Porto Alegre,RS,Sala comercial,1208502.72,671719.55,120.0,723.0,42.0,2519.6,0.0,CONS-017,3.0,Reprovada crédito,34.0,,,0.5558279173753122,False
PR-005074,2025-04-29,Organico,Florianópolis,SC,Casa,392952.68,273384.16,84.0,625.0,43.0,1800.0,0.0,CONS-027,3.0,Desistiu,4.0,,,0.6957177642865293,False
PR-005075,2024-12-15,Indicação,Belo Horizonte,MG,Sala comercial,931042.2,583853.3,180.0,687.0,58.0,4546.99,1.0,CONS-025,3.0,Reprovada crédito,22.0,,,0.6270964946594259,False
PR-005076,2024-11-30,Indicação,Porto Alegre,RS,Casa,630899.87,264275.56,120.0,700.0,35.0,4281.72,0.0,CONS-012,4.0,Sem retorno,46.0,,,0.4188866927488826,False
PR-005077,2024-05-26,Mídia paga,Santos,SP,Sala comercial,575873.52,321945.33,60.0,571.0,37.0,4220.86,0.0,CONS-014,4.0,Problema garantia,34.0,,,0.5590556238807438,False
PR-005078,2025-01-19,Organico,Goiânia,GO,Casa,640408.59,401248.6,84.0,706.0,35.0,8664.05,0.0,CONS-029,2.0,Reprovada crédito,34.0,,,0.6265509336781382,False
PR-005079,2024-09-06,Organico,Brasília,DF,Casa,695285.77,362105.46,180.0,656.0,54.0,6973.81,0.0,CONS-028,5.0,Desistiu,34.0,,,0.5208009075174946,False
PR-005080,2024-12-25,Parceria,Porto Alegre,RS,Apartamento,1201555.5,451695.08,120.0,675.0,42.0,7161.51,1.0,CONS-016,2.0,Desistiu,37.0,,,0.3759252735308523,False
PR-005081,2024-12-18,Parceria,Curitiba,PR,Casa,652387.71,258960.93,60.0,651.0,40.0,4716.1,0.0,CONS-028,4.0,Sem retorno,44.0,,,0.39694329925375205,False
PR-005082,2025-02-06,Mídia paga,São Paulo,SP,Sala comercial,688729.37,378618.9,84.0,760.0,37.0,7380.08,0.0,CONS-002,3.0,Desistiu,24.0,,,0.5497353771917699,False
PR-005083,2025-11-03,Parceria,Salvador,BA,Apartamento,416576.33,233820.64,240.0,725.0,40.0,8034.21,0.0,CONS-017,5.0,Documentação pendente,47.0,,,0.5612912284286532,False
PR-005084,2024-11-09,Indicação,Belo Horizonte,MG,Apartamento,1346934.89,863074.27,180.0,753.0,39.0,3590.71,0.0,CONS-001,6.0,Contratada,57.0,2024-07-11,1.47,0.6407691094853145,True
PR-005085,2024-04-15,Correspondente,Florianópolis,SC,Apartamento,972804.03,375468.56,180.0,655.0,34.0,2203.27,0.0,CONS-013,3.0,Reprovada crédito,33.0,,,0.38596525962171435,False
PR-005086,2025-07-26,Indicação,Campinas,SP,Casa,884092.73,378844.7,60.0,581.0,21.0,11683.43,0.0,CONS-012,2.0,Sem retorno,19.0,,,0.42851240276571445,False
PR-005087,2024-10-30,Organico,Curitiba,PR,Apartamento,323243.3,202025.72,84.0,770.0,45.0,4853.87,0.0,CONS-005,2.0,Reprovada crédito,26.0,,,0.6249958467816658,False
PR-005088,2025-04-19,Organico,Salvador,BA,Apartamento,1163088.99,633868.96,84.0,714.0,28.0,3780.75,0.0,CONS-003,4.0,Problema garantia,38.0,,,0.5449874991938493,False
PR-005090,2025-01-14,Correspondente,Campinas,SP,Casa,603072.52,184804.45,84.0,629.0,42.0,5533.71,0.0,CONS-024,2.0,Sem retorno,29.0,,,0.3064381875665633,False
PR-005091,2025-10-29,Mídia paga,Florianópolis,SC,Apartamento,1189567.43,794226.88,180.0,648.0,36.0,6250.79,1.0,CONS-010,1.0,Sem retorno,17.0,,,0.6676602435223029,False
PR-005093,2025-12-02,Organico,Salvador,BA,Sala comercial,650903.62,357730.26,60.0,669.0,38.0,5771.42,0.0,CONS-020,4.0,Sem retorno,22.0,,,0.5495902142931699,False
PR-005094,2025-07-16,Parceria,Santos,SP,Sala comercial,1239305.73,674511.62,180.0,597.0,34.0,9524.88,0.0,CONS-016,4.0,Problema garantia,21.0,,,0.5442657156115949,False
PR-005095,2025-04-15,Mídia paga,Campinas,SP,Apartamento,673721.89,256565.64,240.0,548.0,43.0,8396.56,0.0,CONS-008,2.0,Desistiu,41.0,,,0.38081832252771247,False
PR-005096,2024-10-03,Mídia paga,São Paulo,SP,Apartamento,265630.9,125081.86,60.0,646.0,32.0,9767.89,0.0,CONS-006,3.0,Reprovada crédito,38.0,,,0.47088595490961327,False
PR-005097,2025-02-25,Correspondente,Goiânia,GO,Casa,476078.86,215994.82,84.0,517.0,43.0,11364.36,0.0,CONS-020,3.0,Sem retorno,33.0,,,0.4536954654949393,False
PR-005098,2025-01-05,Organico,Rio de Janeiro,RJ,Apartamento,371937.85,219779.2,84.0,655.0,58.0,3067.64,0.0,CONS-001,4.0,Sem retorno,40.0,,,0.5909030231798136,False
PR-005099,2025-12-09,Organico,Goiânia,GO,Apartamento,795087.88,441307.11,120.0,608.0,46.0,8137.22,0.0,CONS-026,5.0,Documentação pendente,38.0,,,0.555041928195409,False
PR-005100,2024-12-27,Correspondente,Porto Alegre,RS,Apartamento,303854.0,119486.23,120.0,795.0,38.0,2264.62,0.0,CONS-022,4.0,Problema garantia,34.0,,,0.3932356658131866,False
PR-005101,2024-10-03,Mídia paga,São Paulo,SP,Apartamento,516124.56,299561.18,60.0,633.0,43.0,26349.08,0.0,CONS-002,2.0,Sem retorno,24.0,,,0.5804048154577259,False
PR-005102,2024-09-30,Correspondente,Belo Horizonte,MG,Casa,1262240.82,708447.3,240.0,587.0,44.0,9527.23,0.0,CONS-013,2.0,Desistiu,25.0,,,0.561261598242402,False
PR-005103,2025-10-10,Correspondente,Campinas,SP,Apartamento,626176.89,313798.6,84.0,591.0,44.0,8668.57,0.0,CONS-028,1.0,Sem retorno,14.0,,,0.5011341124390585,False
PR-005104,2024-08-26,Organico,Brasília,DF,Apartamento,571976.37,302866.3,84.0,732.0,36.0,5076.21,0.0,CONS-025,6.0,Contratada,20.0,2024-09-15,1.37,0.5295084130835684,True
PR-005105,2025-04-22,Parceria,Recife,PE,Imóvel rural,1080397.93,491457.26,120.0,661.0,57.0,4407.02,0.0,CONS-005,5.0,Desistiu,38.0,,,0.4548854143028579,False
PR-005107,2024-10-30,Correspondente,São Paulo,SP,Apartamento,630295.86,396108.65,60.0,593.0,41.0,7099.33,1.0,CONS-018,5.0,Documentação pendente,55.0,,,0.6284487573819698,False
PR-005108,2025-10-04,Mídia paga,Brasília,DF,Apartamento,913070.6,509470.91,84.0,691.0,44.0,2395.82,0.0,CONS-024,4.0,Sem retorno,32.0,,,0.5579753745219701,False
PR-005109,2025-01-03,Mídia paga,Rio de Janeiro,RJ,Casa,1261082.73,732389.14,240.0,773.0,55.0,7804.95,0.0,CONS-014,2.0,Desistiu,8.0,,,0.5807621677603975,False
PR-005110,2025-02-20,Correspondente,Curitiba,PR,Casa,714658.93,237783.23,180.0,672.0,45.0,4187.97,1.0,CONS-008,2.0,Reprovada crédito,44.0,,,0.3327226737375268,False
PR-005111,2025-06-14,Correspondente,São Paulo,SP,Apartamento,393549.77,147524.28,180.0,695.0,59.0,4230.86,0.0,CONS-006,5.0,Documentação pendente,31.0,,,0.3748554598316751,False
PR-005112,2024-12-22,Indicação,Rio de Janeiro,RJ,Apartamento,610866.34,269979.31,84.0,740.0,58.0,4843.24,0.0,CONS-010,6.0,Contratada,38.0,2025-01-29,1.43,0.44196134624147076,True
PR-005113,2025-03-25,Mídia paga,Campinas,SP,Imóvel rural,920502.16,301843.66,180.0,749.0,38.0,8602.41,0.0,CONS-014,5.0,Documentação pendente,28.0,,,0.32791195188504496,False
PR-005114,2024-06-25,Mídia paga,Santos,SP,Casa,214200.09,98087.61,84.0,619.0,32.0,7126.28,0.0,CONS-021,2.0,Desistiu,37.0,,,0.4579251577345276,False
PR-005115,2025-04-27,Mídia paga,Recife,PE,Apartamento,704360.79,416421.46,120.0,725.0,22.0,4353.43,1.0,CONS-018,5.0,Documentação pendente,28.0,,,0.5912047716341507,False
PR-005116,2024-09-24,Organico,Rio de Janeiro,RJ,Casa,607417.62,184094.85,60.0,536.0,37.0,3639.39,0.0,CONS-027,5.0,Documentação pendente,49.0,,,0.3030778889818837,False
PR-005117,2025-01-08,Correspondente,Belo Horizonte,MG,Apartamento,871456.03,351802.51,240.0,725.0,47.0,6129.18,0.0,CONS-009,3.0,Sem retorno,22.0,,,0.40369507799492765,False
PR-005118,2025-02-22,Correspondente,Porto Alegre,RS,Casa,700824.75,421838.86,180.0,812.0,34.0,6450.32,1.0,CONS-006,3.0,Desistiu,24.0,,,0.6019177547596599,False
PR-005119,2024-10-19,Correspondente,Rio de Janeiro,RJ,Casa,559880.58,229194.71,240.0,678.0,39.0,6227.31,0.0,CONS-020,6.0,Contratada,43.0,2024-01-12,1.5,0.4093635646373018,True
PR-005120,2024-11-16,Organico,Rio de Janeiro,RJ,Apartamento,764719.86,427614.87,84.0,682.0,45.0,5022.61,0.0,CONS-010,5.0,Desistiu,48.0,,,0.5591784552319591,False
PR-005121,2025-05-06,Organico,Salvador,BA,Sala comercial,493333.27,222046.75,84.0,836.0,32.0,6366.3,1.0,CONS-021,5.0,Desistiu,41.0,,,0.4500948212959568,False
PR-005122,2025-08-19,Indicação,Santos,SP,Apartamento,718279.42,313971.13,120.0,657.0,39.0,4481.72,1.0,CONS-026,4.0,Sem retorno,20.0,,,0.4371155865777137,False
PR-005123,2025-02-12,Parceria,Brasília,DF,Apartamento,1321888.35,548240.92,120.0,616.0,48.0,12596.74,0.0,CONS-020,2.0,Sem retorno,19.0,,,0.414740715431829,False
PR-005124,2024-10-24,Parceria,Belo Horizonte,MG,Apartamento,810944.25,382847.47,180.0,720.0,34.0,6423.24,0.0,CONS-017,3.0,Sem retorno,32.0,,,0.4721008503358893,False
PR-005125,2025-07-30,Correspondente,Florianópolis,SC,Apartamento,1031663.98,485472.08,84.0,642.0,38.0,7611.52,0.0,CONS-021,6.0,Contratada,44.0,2025-12-09,1.47,0.47057190074621,True
PR-005126,2025-02-21,Organico,Belo Horizonte,MG,Apartamento,183943.0,107133.79,60.0,667.0,41.0,4535.94,0.0,CONS-029,3.0,Reprovada crédito,31.0,,,0.5824292851589894,False
PR-005127,2024-10-22,Correspondente,Santos,SP,Apartamento,556944.85,295884.95,120.0,651.0,33.0,2721.87,0.0,CONS-022,6.0,Contratada,17.0,2024-08-11,1.24,0.5312643612738317,True
PR-005129,2025-09-28,Correspondente,Santos,SP,Apartamento,712123.93,295285.5,60.0,578.0,24.0,4747.57,0.0,CONS-025,4.0,Problema garantia,32.0,,,0.4146546514733748,False
PR-005130,2025-05-08,Organico,Santos,SP,Casa,472780.7,230333.71,180.0,675.0,45.0,7171.32,0.0,CONS-028,2.0,Sem retorno,31.0,,,0.4871893247757364,False
PR-005131,2025-08-28,Organico,São Paulo,SP,Apartamento,852386.37,279540.85,120.0,769.0,32.0,5719.65,1.0,CONS-015,4.0,Sem retorno,25.0,,,0.32795086810221985,False
PR-005132,2025-09-07,Indicação,Rio de Janeiro,RJ,Apartamento,409649.28,252744.35,240.0,662.0,28.0,10844.16,0.0,CONS-003,6.0,Contratada,50.0,2025-08-28,1.41,0.6169774056480705,True
PR-005133,2024-04-06,Indicação,Salvador,BA,Casa,454566.7,221089.72,120.0,758.0,29.0,2792.0,0.0,CONS-010,4.0,Sem retorno,22.0,,,0.4863746508488193,False
PR-005134,2024-10-24,Indicação,Belo Horizonte,MG,Apartamento,175897.13,89226.51,240.0,631.0,61.0,2823.02,0.0,CONS-007,6.0,Contratada,48.0,2024-11-12,1.5,0.5072652976202624,True
PR-005135,2024-11-10,Parceria,Campinas,SP,Sala comercial,471164.1,184779.2,240.0,692.0,48.0,10908.62,0.0,CONS-029,6.0,Contratada,39.0,2024-11-19,1.32,0.39217588946186693,True
PR-005137,2024-10-29,Mídia paga,Porto Alegre,RS,Imóvel rural,572834.4,377310.79,84.0,671.0,37.0,2676.85,0.0,CONS-014,2.0,Reprovada crédito,23.0,,,0.6586734141664676,False
PR-005138,2025-12-03,Organico,Campinas,SP,Casa,998325.69,411986.07,180.0,580.0,25.0,5581.6,0.0,CONS-019,3.0,Reprovada crédito,2.0,,,0.41267701926011746,False
PR-005140,2025-10-06,Correspondente,Campinas,SP,Sala comercial,619943.3,301996.94,84.0,639.0,36.0,3965.51,0.0,CONS-021,3.0,Desistiu,36.0,,,0.48713638811807464,False
PR-005141,2024-11-21,Mídia paga,Belo Horizonte,MG,Casa,276138.32,170484.63,180.0,738.0,58.0,6066.45,1.0,CONS-018,6.0,Contratada,51.0,2025-11-01,1.22,0.6173885247074727,True
PR-005142,2024-11-21,Parceria,Porto Alegre,RS,Apartamento,819827.43,558858.13,120.0,780.0,42.0,2484.07,1.0,CONS-014,5.0,Documentação pendente,45.0,,,0.6816777647949642,False
PR-005143,2024-04-02,Mídia paga,Campinas,SP,Sala comercial,572400.39,229156.04,180.0,556.0,32.0,2321.74,0.0,CONS-014,5.0,Documentação pendente,25.0,,,0.4003422150009367,False
PR-005144,2024-09-10,Correspondente,Florianópolis,SC,Casa,1003359.17,446908.86,120.0,770.0,28.0,7134.75,1.0,CONS-019,5.0,Desistiu,42.0,,,0.44541264321130386,False
PR-005146,2024-11-16,Parceria,Rio de Janeiro,RJ,Casa,295043.98,156700.47,120.0,592.0,40.0,7237.6,0.0,CONS-009,6.0,Contratada,43.0,2024-12-29,1.32,0.5311088536698835,True
PR-005147,2025-01-03,Organico,Brasília,DF,Apartamento,799485.17,386200.93,180.0,766.0,30.0,6943.33,0.0,CONS-026,4.0,Problema garantia,54.0,,,0.48306203103179507,False
PR-005148,2025-02-04,Parceria,Campinas,SP,Apartamento,1297416.96,747443.14,180.0,694.0,37.0,7635.77,0.0,CONS-026,6.0,Contratada,39.0,2025-11-05,1.6,0.576100947531933,True
PR-005149,2025-08-06,Parceria,Recife,PE,Apartamento,860022.33,456249.98,180.0,781.0,54.0,8593.45,0.0,CONS-011,5.0,Documentação pendente,29.0,,,0.5305094578183801,False
PR-005150,2024-01-08,Indicação,Porto Alegre,RS,Apartamento,428517.25,242919.46,60.0,751.0,28.0,27004.35,1.0,CONS-018,2.0,Reprovada crédito,28.0,,,0.5668837368857379,False
PR-005152,2024-05-13,Organico,Recife,PE,Apartamento,1218400.83,634820.64,240.0,561.0,26.0,21851.38,0.0,CONS-003,3.0,Desistiu,29.0,,,0.5210277474942298,False
PR-005153,2025-01-03,Correspondente,Florianópolis,SC,Apartamento,590308.05,241365.46,240.0,574.0,42.0,13875.25,0.0,CONS-003,6.0,Contratada,51.0,2025-04-21,1.48,0.40888051585947366,True
PR-005154,2024-08-16,Mídia paga,Brasília,DF,Casa,474060.39,254970.98,84.0,710.0,33.0,7818.24,0.0,CONS-015,2.0,Reprovada crédito,33.0,,,0.5378449357475321,False
PR-005155,2025-10-16,Indicação,Belo Horizonte,MG,Apartamento,537702.56,284261.28,180.0,677.0,35.0,8461.33,1.0,CONS-021,6.0,Contratada,24.0,2025-09-11,1.15,0.5286589671434705,True
PR-005156,2024-09-20,Mídia paga,Porto Alegre,RS,Casa,455607.51,230916.07,240.0,632.0,49.0,2522.03,0.0,CONS-002,5.0,Documentação pendente,49.0,,,0.5068311319100074,False
PR-005157,2025-07-17,Organico,Rio de Janeiro,RJ,Apartamento,649038.69,188988.35,60.0,606.0,36.0,4371.71,0.0,CONS-014,3.0,Sem retorno,34.0,,,0.2911819478743248,False
PR-005158,2025-06-04,Indicação,Campinas,SP,Apartamento,707107.86,421788.97,60.0,764.0,42.0,8066.37,1.0,CONS-024,5.0,Desistiu,46.0,,,0.5964987717715371,False
PR-005159,2025-05-17,Mídia paga,Florianópolis,SC,Sala comercial,861356.47,490847.55,240.0,725.0,47.0,3350.47,0.0,CONS-004,6.0,Contratada,41.0,2025-06-27,1.33,0.5698541394830412,True
PR-005160,2024-12-15,Correspondente,Campinas,SP,Sala comercial,910763.73,663609.31,84.0,734.0,35.0,6518.94,0.0,CONS-026,4.0,Sem retorno,25.0,,,0.7286294876938062,False
PR-005161,2025-07-26,Correspondente,Florianópolis,SC,Apartamento,392795.55,221352.71,84.0,528.0,32.0,5341.96,0.0,CONS-016,1.0,Desistiu,21.0,,,0.5635316133291225,False
PR-005162,2025-08-03,Mídia paga,Porto Alegre,RS,Apartamento,440162.95,188013.0,180.0,609.0,54.0,3097.68,1.0,CONS-016,3.0,Reprovada crédito,50.0,,,0.4271440837989658,False
PR-005163,2024-11-29,Indicação,Recife,PE,Apartamento,315301.16,171240.77,60.0,625.0,21.0,5709.95,0.0,CONS-001,3.0,Sem retorno,21.0,,,0.5431022518280618,False
PR-005164,2025-02-16,Correspondente,Belo Horizonte,MG,Apartamento,458628.82,270010.01,84.0,727.0,56.0,4675.76,0.0,CONS-009,3.0,Reprovada crédito,20.0,,,0.5887331938712443,False
PR-005166,2025-06-04,Mídia paga,Recife,PE,Apartamento,1077653.73,247860.36,180.0,724.0,32.0,3143.49,1.0,CONS-025,6.0,Contratada,17.0,2025-04-23,1.37,0.2300000019486779,True
PR-005167,2025-08-01,Indicação,Recife,PE,Casa,800152.23,385717.09,120.0,795.0,51.0,2177.68,0.0,CONS-016,6.0,Contratada,39.0,2025-02-16,1.26,0.4820546335289224,True
PR-005169,2024-05-26,Mídia paga,Porto Alegre,RS,Casa,631201.84,288176.13,60.0,654.0,31.0,5453.6,0.0,CONS-011,3.0,Desistiu,51.0,,,0.4565514732973529,False
PR-005170,2025-02-01,Organico,Salvador,BA,Casa,689551.91,229864.17,120.0,736.0,43.0,3455.66,0.0,CONS-027,4.0,Sem retorno,15.0,,,0.3333529596053182,False
PR-005171,2024-01-12,Correspondente,Recife,PE,Apartamento,1280707.59,607941.2,84.0,767.0,33.0,7437.93,0.0,CONS-022,5.0,Documentação pendente,32.0,,,0.47469165073035907,False
PR-005172,2024-09-24,Organico,Recife,PE,Sala comercial,700284.61,327994.42,84.0,587.0,50.0,6350.11,0.0,CONS-021,6.0,Contratada,37.0,2024-10-31,1.28,0.46837302336260106,True
PR-005174,2025-04-18,Organico,Belo Horizonte,MG,Apartamento,568840.23,216629.26,120.0,596.0,42.0,11858.0,0.0,CONS-011,3.0,Desistiu,25.0,,,0.3808261943779891,False
PR-005175,2024-07-23,Mídia paga,Campinas,SP,Casa,564190.61,220381.67,180.0,564.0,54.0,11899.17,0.0,CONS-025,5.0,Documentação pendente,29.0,,,0.39061562899815017,False
PR-005176,2025-01-22,Organico,Porto Alegre,RS,Casa,505332.85,268139.87,180.0,823.0,54.0,4097.33,0.0,CONS-025,4.0,Problema garantia,24.0,,,0.530620303033931,False
PR-005177,2024-12-09,Organico,Campinas,SP,Apartamento,244707.84,105045.99,84.0,740.0,47.0,5892.7,0.0,CONS-001,6.0,Contratada,37.0,2024-10-19,1.09,0.42927104419703105,True
PR-005178,2024-05-22,Indicação,Brasília,DF,Casa,833531.88,522654.42,180.0,685.0,58.0,2805.95,0.0,CONS-019,4.0,Sem retorno,36.0,,,0.6270359089324814,False
PR-005179,2025-02-17,Correspondente,Campinas,SP,Casa,713022.22,404788.8,60.0,631.0,36.0,2802.39,0.0,CONS-015,3.0,Desistiu,29.0,,,0.5677085350860455,False
PR-005180,2024-08-31,Organico,Goiânia,GO,Apartamento,426736.12,122717.77,84.0,761.0,47.0,8002.12,0.0,CONS-008,6.0,Contratada,38.0,2024-08-10,1.39,0.2875729619512874,True
PR-005181,2025-08-26,Indicação,Santos,SP,Casa,620217.24,361103.75,240.0,672.0,21.0,2752.67,0.0,CONS-014,4.0,Problema garantia,42.0,,,0.5822214003596546,False
PR-005182,2024-04-12,Indicação,Goiânia,GO,Apartamento,613156.82,252434.65,60.0,648.0,57.0,3441.64,0.0,CONS-007,4.0,Sem retorno,34.0,,,0.41169671732592,False
PR-005183,2025-03-04,Correspondente,Belo Horizonte,MG,Casa,977904.83,325980.75,240.0,577.0,59.0,4328.21,1.0,CONS-020,3.0,Sem retorno,43.0,,,0.33334608849411246,False
PR-005184,2025-10-25,Organico,Santos,SP,Apartamento,1160348.55,577146.5,84.0,745.0,27.0,4025.58,0.0,CONS-014,6.0,Contratada,72.0,2026-05-01,1.35,0.49739063318517523,True
PR-005185,2025-09-25,Correspondente,Brasília,DF,Sala comercial,1016429.11,571957.99,120.0,638.0,42.0,3004.84,1.0,CONS-016,5.0,Documentação pendente,21.0,,,0.5627131143459675,False
PR-005186,2025-01-15,Indicação,Salvador,BA,Apartamento,1040205.38,347690.7,120.0,768.0,37.0,7587.25,0.0,CONS-022,3.0,Sem retorno,38.0,,,0.3342519724325979,False
PR-005187,2024-07-24,Correspondente,São Paulo,SP,Apartamento,836911.44,285968.27,240.0,652.0,50.0,2037.09,1.0,CONS-006,5.0,Documentação pendente,24.0,,,0.34169477955755995,False
PR-005188,2024-06-20,Parceria,Campinas,SP,Sala comercial,644638.4,311607.92,84.0,727.0,53.0,2619.55,0.0,CONS-020,4.0,Sem retorno,22.0,,,0.48338404910411786,False
PR-005189,2024-12-18,Correspondente,Florianópolis,SC,Apartamento,678640.62,377147.59,60.0,616.0,40.0,9276.17,0.0,CONS-017,5.0,Documentação pendente,49.0,,,0.5557397816829768,False
PR-005190,2025-02-14,Indicação,São Paulo,SP,Imóvel rural,1248367.86,776163.85,120.0,677.0,40.0,7409.6,1.0,CONS-014,4.0,Sem retorno,47.0,,,0.6217428971617388,False
PR-005191,2025-02-17,Mídia paga,Goiânia,GO,Casa,774376.7,400091.33,60.0,608.0,34.0,4659.6,0.0,CONS-029,6.0,Contratada,32.0,2025-03-21,1.08,0.51666240732708,True
PR-005192,2024-11-16,Mídia paga,Recife,PE,Apartamento,447491.29,231625.69,180.0,691.0,43.0,6670.7,1.0,CONS-019,6.0,Contratada,62.0,2025-01-17,1.18,0.5176093818496446,True
PR-005193,2024-11-17,Indicação,Salvador,BA,Sala comercial,1269233.62,767858.63,120.0,670.0,37.0,5036.54,0.0,CONS-009,3.0,Reprovada crédito,27.0,,,0.6049781678490362,False
PR-005194,2024-07-31,Mídia paga,Santos,SP,Sala comercial,721670.83,288714.31,84.0,558.0,41.0,7291.19,0.0,CONS-027,4.0,Sem retorno,40.0,,,0.4000637104869543,False
PR-005195,2024-10-31,Correspondente,Santos,SP,Apartamento,593013.02,336532.09,60.0,618.0,45.0,3146.45,0.0,CONS-030,3.0,Reprovada crédito,19.0,,,0.5674952802891242,False
PR-005196,2025-04-15,Correspondente,Rio de Janeiro,RJ,Imóvel rural,1849241.45,926206.93,180.0,649.0,42.0,9993.53,0.0,CONS-012,4.0,Problema garantia,50.0,,,0.5008577598128141,False
PR-005197,2024-12-15,Correspondente,Rio de Janeiro,RJ,Imóvel rural,817012.64,332851.75,240.0,850.0,28.0,9172.81,0.0,CONS-011,1.0,Desistiu,30.0,,,0.40740097974494005,False
PR-005198,2024-10-19,Mídia paga,Santos,SP,Apartamento,672326.58,286100.76,180.0,677.0,35.0,6912.24,0.0,CONS-030,1.0,Desistiu,11.0,,,0.4255383745203113,False
PR-005199,2025-05-18,Mídia paga,Goiânia,GO,Casa,1425148.18,406618.84,180.0,723.0,50.0,4850.24,1.0,CONS-021,4.0,Sem retorno,45.0,,,0.28531688543432726,False
PR-005200,2024-12-20,Organico,Porto Alegre,RS,Casa,1783688.36,1002059.66,180.0,799.0,39.0,1800.0,0.0,CONS-021,6.0,Contratada,36.0,2025-01-25,1.38,0.5617907715672933,True
PR-005201,2025-01-02,Correspondente,São Paulo,SP,Apartamento,891409.25,309834.83,240.0,612.0,36.0,6761.46,0.0,CONS-022,5.0,Documentação pendente,24.0,,,0.3475786570534241,False
PR-005202,2024-09-14,Organico,Rio de Janeiro,RJ,Apartamento,1139712.06,576925.43,180.0,544.0,35.0,6049.07,0.0,CONS-023,2.0,Reprovada crédito,25.0,,,0.5062027947655481,False
PR-005203,2025-03-25,Parceria,São Paulo,SP,Apartamento,1439542.09,657788.38,60.0,742.0,55.0,3439.14,1.0,CONS-016,6.0,Contratada,35.0,2025-04-29,1.4,0.45694279074535427,True
PR-005204,2025-02-05,Mídia paga,São Paulo,SP,Casa,453247.56,189268.41,84.0,625.0,52.0,4454.11,0.0,CONS-019,4.0,Problema garantia,43.0,,,0.4175828547207182,False
PR-005205,2025-05-15,Organico,Recife,PE,Casa,1037736.09,528651.57,84.0,631.0,43.0,3315.45,0.0,CONS-002,4.0,Sem retorno,42.0,,,0.5094277582655914,False
PR-005206,2025-04-29,Indicação,Florianópolis,SC,Sala comercial,698855.57,160736.78,60.0,602.0,35.0,13163.51,1.0,CONS-012,4.0,Sem retorno,25.0,,,0.2299999984259981,False
PR-005207,2025-03-08,Parceria,Salvador,BA,Apartamento,787046.03,447728.5,180.0,593.0,51.0,2731.29,0.0,CONS-011,3.0,Desistiu,17.0,,,0.5688720645728942,False
PR-005209,2025-10-17,Mídia paga,Rio de Janeiro,RJ,Apartamento,1097713.56,633471.75,84.0,598.0,50.0,4646.85,0.0,CONS-014,3.0,Desistiu,31.0,,,0.577082923162578,False
PR-005210,2025-02-21,Organico,Porto Alegre,RS,Apartamento,450690.82,196295.98,84.0,611.0,24.0,1800.0,0.0,CONS-013,4.0,Problema garantia,39.0,,,0.435544660084268,False
PR-005211,2024-12-31,Mídia paga,Campinas,SP,Imóvel rural,874849.86,360328.44,120.0,704.0,46.0,4192.61,1.0,CONS-013,6.0,Contratada,62.0,2025-03-03,1.35,0.4118746044035487,True
PR-005212,2025-04-28,Indicação,Goiânia,GO,Casa,1494185.62,995040.26,84.0,702.0,33.0,4721.05,1.0,CONS-022,5.0,Desistiu,38.0,,,0.665941531414283,False
PR-005213,2025-06-25,Organico,São Paulo,SP,Casa,1044632.24,595395.84,180.0,616.0,52.0,5768.7,0.0,CONS-021,1.0,Sem retorno,20.0,,,0.5699573660487446,False
PR-005214,2025-07-27,Mídia paga,São Paulo,SP,Casa,378251.27,165047.31,60.0,661.0,29.0,10500.17,0.0,CONS-019,5.0,Desistiu,38.0,,,0.43634304254946715,False
PR-005215,2025-10-01,Indicação,Curitiba,PR,Apartamento,761660.55,411164.46,180.0,652.0,48.0,2603.78,0.0,CONS-016,6.0,Contratada,38.0,2025-02-17,1.21,0.539826383288461,True
PR-005216,2025-12-07,Indicação,Recife,PE,Apartamento,319797.49,150721.28,180.0,660.0,47.0,5060.43,0.0,CONS-005,3.0,Sem retorno,14.0,,,0.47130226069003855,False
PR-005217,2025-11-03,Correspondente,São Paulo,SP,Apartamento,852954.25,413562.98,180.0,651.0,37.0,2936.74,0.0,CONS-002,3.0,Sem retorno,27.0,,,0.4848595103430225,False
PR-005218,2025-01-11,Mídia paga,Goiânia,GO,Apartamento,1328407.28,809608.08,120.0,594.0,30.0,8935.64,0.0,CONS-007,4.0,Sem retorno,22.0,,,0.6094577259468196,False
PR-005219,2025-05-28,Correspondente,Recife,PE,Apartamento,624005.88,332074.7,180.0,604.0,42.0,3523.46,0.0,CONS-028,2.0,Desistiu,33.0,,,0.5321659789487881,False
PR-005220,2025-11-04,Mídia paga,Brasília,DF,Casa,504421.46,234195.18,60.0,616.0,38.0,11987.09,1.0,CONS-003,3.0,Reprovada crédito,38.0,,,0.46428472729927067,False
PR-005221,2024-06-14,Correspondente,Porto Alegre,RS,Casa,366036.54,160057.66,240.0,600.0,39.0,5080.4,0.0,CONS-028,6.0,Contratada,25.0,2024-09-07,1.36,0.4372723553774167,True
PR-005222,2025-08-22,Correspondente,São Paulo,SP,Apartamento,839796.23,432299.15,60.0,620.0,41.0,10492.7,0.0,CONS-006,6.0,Contratada,55.0,2025-10-16,1.18,0.5147667190646951,True
PR-005223,2025-06-11,Indicação,Santos,SP,Apartamento,667624.07,312957.56,60.0,622.0,36.0,1940.93,1.0,CONS-007,2.0,Sem retorno,50.0,,,0.4687631469009199,False
PR-005224,2025-04-22,Correspondente,Belo Horizonte,MG,Casa,796060.84,459763.83,84.0,696.0,43.0,7506.82,0.0,CONS-028,1.0,Desistiu,24.0,,,0.5775486079682051,False
PR-005225,2025-04-29,Correspondente,Belo Horizonte,MG,Sala comercial,385097.65,98847.25,180.0,701.0,28.0,7441.06,0.0,CONS-029,4.0,Sem retorno,31.0,,,0.2566810002605832,False
PR-005226,2025-07-05,Organico,Campinas,SP,Imóvel rural,417640.53,227059.68,240.0,653.0,47.0,9905.28,0.0,CONS-010,2.0,Desistiu,19.0,,,0.5436725214384724,False
PR-005227,2025-08-16,Indicação,Florianópolis,SC,Apartamento,483864.24,212555.67,240.0,770.0,44.0,5487.97,0.0,CONS-020,5.0,Documentação pendente,51.0,,,0.43928782585793075,False
PR-005228,2025-10-23,Parceria,Campinas,SP,Apartamento,639452.15,274536.81,120.0,688.0,43.0,10968.18,0.0,CONS-013,5.0,Desistiu,35.0,,,0.42933127990890324,False
PR-005229,2024-06-17,Indicação,Campinas,SP,Apartamento,725090.23,253561.28,120.0,735.0,39.0,9952.92,0.0,CONS-011,4.0,Sem retorno,32.0,,,0.3496961750539654,False
PR-005231,2025-09-27,Mídia paga,Florianópolis,SC,Apartamento,680599.88,409874.15,240.0,573.0,29.0,5502.14,0.0,CONS-008,6.0,Contratada,36.0,2025-02-11,1.71,0.6022248343622982,True
PR-005232,2024-08-25,Indicação,Santos,SP,Casa,1780739.37,1212142.48,60.0,522.0,49.0,12756.17,0.0,CONS-022,3.0,Sem retorno,21.0,,,0.680696176218084,False
PR-005233,2025-01-30,Indicação,Porto Alegre,RS,Imóvel rural,219401.16,121329.97,84.0,601.0,39.0,3696.89,0.0,CONS-007,2.0,Sem retorno,4.0,,,0.5530051436373444,False
PR-005234,2025-04-26,Organico,Salvador,BA,Casa,774453.64,367370.83,120.0,601.0,31.0,2656.48,0.0,CONS-022,5.0,Documentação pendente,32.0,,,0.4743612929496981,False
PR-005235,2025-03-19,Correspondente,Santos,SP,Sala comercial,785661.07,463496.24,120.0,572.0,51.0,4145.83,0.0,CONS-002,4.0,Sem retorno,20.0,,,0.5899442618430871,False
PR-005236,2025-08-31,Mídia paga,Goiânia,GO,Apartamento,411752.16,267822.96,84.0,765.0,36.0,11288.24,0.0,CONS-028,6.0,Contratada,44.0,2025-10-14,1.31,0.6504470067625147,True
PR-005237,2024-09-16,Correspondente,Recife,PE,Apartamento,557589.52,368577.68,240.0,690.0,35.0,4980.29,0.0,CONS-001,3.0,Desistiu,14.0,,,0.661019740830136,False
PR-005238,2024-09-07,Parceria,Goiânia,GO,Apartamento,580319.77,321228.1,84.0,707.0,39.0,5847.15,0.0,CONS-014,3.0,Desistiu,31.0,,,0.5535363718523668,False
PR-005239,2024-10-19,Mídia paga,Curitiba,PR,Apartamento,592126.87,250899.8,180.0,635.0,42.0,2974.82,1.0,CONS-015,6.0,Contratada,39.0,2024-11-27,1.48,0.42372642200817534,True
PR-005240,2025-04-26,Organico,Santos,SP,Apartamento,426776.58,260627.28,60.0,647.0,28.0,8447.94,0.0,CONS-002,2.0,Reprovada crédito,28.0,,,0.610687868579855,False
PR-005241,2024-01-04,Parceria,Recife,PE,Apartamento,1091796.03,755376.16,180.0,701.0,31.0,8040.82,0.0,CONS-015,6.0,Contratada,30.0,2024-01-05,1.13,0.6918656408743308,True
PR-005242,2024-06-16,Mídia paga,Rio de Janeiro,RJ,Casa,670428.16,263719.86,240.0,585.0,64.0,16246.34,0.0,CONS-008,4.0,Problema garantia,44.0,,,0.3933603564623538,False
PR-005243,2025-04-27,Organico,Santos,SP,Apartamento,1368346.43,463427.53,180.0,728.0,49.0,2879.05,0.0,CONS-003,2.0,Sem retorno,21.0,,,0.3386770483261319,False
PR-005244,2025-04-09,Correspondente,Recife,PE,Sala comercial,606210.66,285594.7,240.0,574.0,41.0,3500.29,0.0,CONS-013,4.0,Problema garantia,35.0,,,0.47111461220427897,False
PR-005245,2024-12-09,Correspondente,Florianópolis,SC,Casa,2524845.71,1596380.8,84.0,611.0,31.0,3037.97,0.0,CONS-022,3.0,Reprovada crédito,23.0,,,0.6322686545468159,False
PR-005246,2025-03-15,Indicação,São Paulo,SP,Casa,542531.52,348402.91,240.0,791.0,42.0,4333.01,0.0,CONS-028,1.0,Desistiu,15.0,,,0.6421800340743336,False
PR-005247,2024-07-26,Correspondente,Brasília,DF,Casa,1355455.79,734905.51,84.0,642.0,47.0,3987.72,0.0,CONS-029,3.0,Sem retorno,36.0,,,0.5421833123749465,False
PR-005248,2025-05-18,Indicação,Rio de Janeiro,RJ,Sala comercial,1150172.79,521491.48,180.0,707.0,49.0,5844.33,0.0,CONS-018,2.0,Sem retorno,52.0,,,0.4534027274284588,False
PR-005249,2024-08-15,Indicação,Salvador,BA,Casa,546911.35,204765.07,120.0,583.0,44.0,6000.94,0.0,CONS-025,3.0,Sem retorno,22.0,,,0.37440267056077736,False
PR-005250,2025-07-05,Indicação,Florianópolis,SC,Apartamento,574163.3,317324.87,180.0,690.0,49.0,5923.85,0.0,CONS-002,1.0,Desistiu,45.0,,,0.5526735512353367,False
PR-005251,2025-03-22,Indicação,Santos,SP,Apartamento,437200.8,157275.95,240.0,654.0,27.0,9156.13,0.0,CONS-008,3.0,Desistiu,39.0,,,0.35973390259121213,False
PR-005252,2024-02-03,Correspondente,Brasília,DF,Casa,553514.03,231038.0,240.0,644.0,51.0,6957.29,0.0,CONS-015,5.0,Documentação pendente,35.0,,,0.4174022472384304,False
PR-005253,2025-06-15,Organico,Florianópolis,SC,Casa,556748.34,167440.98,84.0,564.0,48.0,1800.0,1.0,CONS-006,5.0,Desistiu,55.0,,,0.3007480543184018,False
PR-005254,2025-01-03,Organico,Belo Horizonte,MG,Sala comercial,826406.42,371836.16,240.0,612.0,27.0,5583.06,0.0,CONS-027,4.0,Problema garantia,25.0,,,0.44994345518274165,False
PR-005255,2025-08-24,Correspondente,Campinas,SP,Apartamento,1147834.28,344911.54,60.0,712.0,25.0,8086.28,1.0,CONS-006,4.0,Problema garantia,43.0,,,0.3004889695400977,False
PR-005256,2024-12-21,Correspondente,Brasília,DF,Casa,858242.85,555291.59,180.0,573.0,53.0,6943.04,0.0,CONS-018,3.0,Reprovada crédito,20.0,,,0.6470098643991034,False
PR-005257,2025-07-30,Indicação,Salvador,BA,Casa,775407.86,373596.53,180.0,772.0,46.0,10902.81,1.0,CONS-001,6.0,Contratada,28.0,2025-08-27,1.28,0.4818064779482633,True
PR-005258,2025-02-23,Organico,Recife,PE,Imóvel rural,847326.9,440580.12,120.0,710.0,40.0,6206.83,0.0,CONS-022,4.0,Sem retorno,26.0,,,0.5199647503224553,False
PR-005259,2025-01-04,Correspondente,Santos,SP,Apartamento,531399.82,125829.25,84.0,784.0,33.0,5517.78,0.0,CONS-018,3.0,Reprovada crédito,35.0,,,0.2367882811853418,False
PR-005260,2025-02-03,Parceria,Campinas,SP,Apartamento,601006.67,284185.85,180.0,733.0,37.0,1989.3,0.0,CONS-010,3.0,Reprovada crédito,22.0,,,0.47284974391382373,False
PR-005261,2024-11-18,Mídia paga,Salvador,BA,Casa,850708.95,437993.67,180.0,725.0,47.0,4753.68,0.0,CONS-017,3.0,Sem retorno,32.0,,,0.5148572493565514,False
PR-005264,2025-05-01,Organico,Santos,SP,Casa,746753.46,313741.69,240.0,600.0,55.0,5646.4,0.0,CONS-029,4.0,Sem retorno,38.0,,,0.42014092576149564,False
PR-005265,2025-08-03,Correspondente,Recife,PE,Casa,382277.17,236931.55,60.0,796.0,41.0,2771.03,0.0,CONS-007,3.0,Sem retorno,45.0,,,0.6197899550213789,False
PR-005266,2025-01-28,Organico,Belo Horizonte,MG,Apartamento,451992.21,244762.97,240.0,731.0,25.0,6012.92,0.0,CONS-005,5.0,Documentação pendente,50.0,,,0.5415203284145096,False
PR-005267,2025-03-22,Indicação,Belo Horizonte,MG,Imóvel rural,503810.83,215178.99,60.0,651.0,53.0,4866.73,0.0,CONS-009,4.0,Problema garantia,31.0,,,0.4271027480691512,False
PR-005268,2024-08-17,Mídia paga,Campinas,SP,Apartamento,1091683.09,486931.06,60.0,666.0,44.0,1800.0,0.0,CONS-017,5.0,Desistiu,20.0,,,0.4460370087806343,False
PR-005269,2024-03-09,Correspondente,Santos,SP,Casa,491520.5,284829.14,180.0,519.0,49.0,8239.51,0.0,CONS-017,1.0,Sem retorno,10.0,,,0.5794857793316861,False
PR-005270,2025-06-02,Parceria,Curitiba,PR,Apartamento,1273557.75,666843.26,240.0,645.0,28.0,5741.38,0.0,CONS-018,5.0,Desistiu,46.0,,,0.523606613049153,False
PR-005271,2025-06-07,Parceria,Recife,PE,Casa,655088.3,364821.02,180.0,713.0,36.0,13318.94,0.0,CONS-019,1.0,Desistiu,17.0,,,0.556903580784453,False
PR-005272,2024-12-31,Parceria,Belo Horizonte,MG,Casa,575904.85,231333.54,60.0,516.0,41.0,2489.4,1.0,CONS-019,6.0,Contratada,49.0,2025-02-18,1.12,0.4016870842466425,True
PR-005273,2025-03-17,Mídia paga,Rio de Janeiro,RJ,Casa,1167495.08,734681.1,240.0,766.0,28.0,6623.53,0.0,CONS-013,1.0,Sem retorno,12.0,,,0.6292798253162659,False
PR-005274,2025-08-08,Organico,Campinas,SP,Casa,1038615.83,671780.32,180.0,773.0,34.0,8711.92,0.0,CONS-022,2.0,Sem retorno,5.0,,,0.646803467264696,False
PR-005275,2024-01-07,Correspondente,Curitiba,PR,Apartamento,664702.69,361150.02,120.0,797.0,47.0,9955.66,0.0,CONS-022,3.0,Reprovada crédito,23.0,,,0.5433256483436227,False
PR-005276,2024-11-28,Parceria,Salvador,BA,Casa,615619.77,271589.61,84.0,760.0,41.0,7668.1,0.0,CONS-030,6.0,Contratada,43.0,2025-10-01,1.28,0.4411645357003398,True
PR-005277,2024-12-29,Parceria,Belo Horizonte,MG,Apartamento,483681.29,155824.32,60.0,623.0,36.0,4305.71,0.0,CONS-025,3.0,Reprovada crédito,45.0,,,0.3221632161955241,False
PR-005278,2024-09-09,Correspondente,Santos,SP,Apartamento,1032328.65,600770.97,180.0,746.0,44.0,5170.86,0.0,CONS-023,5.0,Documentação pendente,32.0,,,0.5819570831440162,False
PR-005279,2025-02-17,Correspondente,Florianópolis,SC,Casa,198332.97,87312.95,60.0,745.0,46.0,1958.81,0.0,CONS-027,3.0,Sem retorno,30.0,,,0.44023416782393765,False
PR-005280,2025-07-13,Mídia paga,Recife,PE,Casa,930437.52,308915.75,240.0,563.0,38.0,3555.63,0.0,CONS-029,4.0,Sem retorno,39.0,,,0.3320112778771002,False
PR-005281,2024-04-08,Organico,Porto Alegre,RS,Apartamento,1154759.23,628933.68,240.0,689.0,60.0,2529.72,1.0,CONS-024,4.0,Problema garantia,39.0,,,0.5446448607299723,False
PR-005282,2025-06-14,Mídia paga,Curitiba,PR,Casa,418999.81,282044.41,180.0,635.0,47.0,9212.44,0.0,CONS-002,2.0,Reprovada crédito,30.0,,,0.6731373219477116,False
PR-005285,2024-03-25,Organico,Rio de Janeiro,RJ,Apartamento,649488.64,400837.0,60.0,696.0,43.0,9569.39,1.0,CONS-020,3.0,Desistiu,23.0,,,0.6171578305049339,False
PR-005286,2025-09-05,Parceria,Porto Alegre,RS,Casa,792149.29,468932.17,240.0,675.0,39.0,1854.84,0.0,CONS-022,3.0,Desistiu,26.0,,,0.5919744875363077,False
PR-005287,2025-09-28,Organico,Brasília,DF,Apartamento,816144.6,467718.01,60.0,797.0,41.0,4530.17,0.0,CONS-012,2.0,Desistiu,24.0,,,0.5730822822328299,False
PR-005288,2025-07-30,Indicação,Brasília,DF,Casa,751823.29,322893.99,180.0,607.0,33.0,5110.69,1.0,CONS-030,1.0,Desistiu,37.0,,,0.4294812282285109,False
PR-005289,2025-10-21,Indicação,Recife,PE,Sala comercial,498539.51,240143.04,84.0,711.0,43.0,2093.69,0.0,CONS-029,2.0,Sem retorno,19.0,,,0.48169309589925985,False
PR-005290,2025-06-14,Parceria,Santos,SP,Casa,691555.03,546328.47,180.0,714.0,29.0,10512.97,0.0,CONS-016,4.0,Sem retorno,37.0,,,0.7899999946497388,False
PR-005291,2025-07-04,Indicação,São Paulo,SP,Apartamento,522630.59,227103.15,84.0,650.0,38.0,5462.82,0.0,CONS-016,2.0,Desistiu,39.0,,,0.4345385714984651,False
PR-005292,2025-08-10,Mídia paga,Brasília,DF,Apartamento,677229.46,308580.92,240.0,693.0,51.0,3799.08,0.0,CONS-005,3.0,Reprovada crédito,24.0,,,0.45565194402499853,False
PR-005294,2025-09-06,Correspondente,Curitiba,PR,Casa,522098.65,232856.51,84.0,727.0,31.0,17028.87,1.0,CONS-023,3.0,Sem retorno,33.0,,,0.4460009808491173,False
PR-005295,2025-02-17,Correspondente,São Paulo,SP,Sala comercial,597683.95,276260.18,84.0,664.0,49.0,2879.86,0.0,CONS-005,2.0,Sem retorno,24.0,,,0.4622178326856527,False
PR-005296,2024-02-09,Organico,Rio de Janeiro,RJ,Apartamento,633044.51,304290.5,120.0,601.0,59.0,4176.82,0.0,CONS-021,3.0,Reprovada crédito,22.0,,,0.4806778910380251,False
PR-005297,2025-02-06,Correspondente,Rio de Janeiro,RJ,Casa,389446.8,210634.08,60.0,619.0,62.0,1800.0,0.0,CONS-015,3.0,Sem retorno,19.0,,,0.5408545660151785,False
PR-005298,2025-07-26,Organico,Campinas,SP,Apartamento,1367951.81,550684.84,84.0,889.0,52.0,8321.62,0.0,CONS-019,6.0,Contratada,29.0,2025-08-24,1.49,0.4025615785398171,True
PR-005299,2024-04-07,Indicação,Rio de Janeiro,RJ,Imóvel rural,817104.44,462662.21,84.0,662.0,38.0,5839.67,0.0,CONS-022,3.0,Reprovada crédito,17.0,,,0.566221632573677,False
PR-005300,2024-10-09,Mídia paga,Brasília,DF,Casa,1136431.24,592081.9,60.0,516.0,38.0,6107.0,1.0,CONS-003,2.0,Desistiu,12.0,,,0.5210010770207267,False
PR-005301,2025-07-17,Organico,Rio de Janeiro,RJ,Apartamento,1005428.07,486709.9,240.0,711.0,44.0,4058.44,1.0,CONS-001,3.0,Sem retorno,21.0,,,0.4840822675658936,False
PR-005302,2025-07-14,Correspondente,Curitiba,PR,Casa,982380.19,534053.76,240.0,664.0,35.0,4596.33,0.0,CONS-021,3.0,Sem retorno,30.0,,,0.5436324606667812,False
PR-005303,2025-07-25,Correspondente,Brasília,DF,Apartamento,482654.48,215795.36,120.0,610.0,40.0,3978.57,0.0,CONS-009,5.0,Desistiu,40.0,,,0.44710112293995485,False
PR-005304,2024-05-30,Organico,Goiânia,GO,Casa,825893.63,416355.3,240.0,573.0,39.0,8244.08,1.0,CONS-022,3.0,Reprovada crédito,22.0,,,0.5041270266244818,False
PR-005305,2025-06-27,Correspondente,Florianópolis,SC,Casa,473675.54,230166.96,84.0,728.0,47.0,6550.63,0.0,CONS-009,5.0,Desistiu,45.0,,,0.4859169211059537,False
PR-005306,2024-01-09,Correspondente,Rio de Janeiro,RJ,Sala comercial,366806.59,112164.45,240.0,576.0,34.0,2605.11,0.0,CONS-029,4.0,Problema garantia,30.0,,,0.30578635460175346,False
PR-005308,2024-04-21,Organico,Brasília,DF,Sala comercial,221544.12,110360.81,84.0,830.0,37.0,8873.69,1.0,CONS-009,3.0,Sem retorno,12.0,,,0.49814371060716933,False
PR-005310,2024-11-23,Indicação,Porto Alegre,RS,Sala comercial,835961.32,498957.03,120.0,646.0,51.0,5214.68,0.0,CONS-011,6.0,Contratada,25.0,2024-12-18,1.47,0.5968661684011888,True
PR-005311,2024-10-22,Mídia paga,Recife,PE,Apartamento,304795.91,104243.87,60.0,644.0,46.0,8754.03,0.0,CONS-012,4.0,Problema garantia,19.0,,,0.34201203684130804,False
PR-005312,2024-11-17,Organico,Santos,SP,Apartamento,1243689.39,545504.07,84.0,750.0,42.0,3733.56,0.0,CONS-009,4.0,Sem retorno,33.0,,,0.43861761174950603,False
PR-005313,2025-10-04,Correspondente,Belo Horizonte,MG,Casa,1002710.98,525293.99,84.0,435.0,41.0,8946.5,1.0,CONS-009,3.0,Desistiu,31.0,,,0.5238737786635188,False
PR-005314,2025-08-07,Correspondente,Porto Alegre,RS,Casa,894885.98,644547.77,180.0,702.0,40.0,3547.36,0.0,CONS-011,3.0,Reprovada crédito,18.0,,,0.7202568644555143,False
PR-005315,2025-01-16,Parceria,Campinas,SP,Casa,363285.75,129604.51,84.0,632.0,32.0,6590.14,0.0,CONS-021,3.0,Desistiu,14.0,,,0.3567563825445947,False
PR-005316,2025-08-01,Correspondente,Brasília,DF,Sala comercial,601137.86,252438.22,240.0,765.0,45.0,5031.66,1.0,CONS-021,4.0,Sem retorno,28.0,,,0.4199339898505145,False
PR-005317,2025-07-15,Correspondente,Porto Alegre,RS,Apartamento,720289.42,340753.19,180.0,657.0,37.0,8006.55,0.0,CONS-018,1.0,Desistiu,14.0,,,0.4730781551671271,False
PR-005318,2025-04-30,Organico,Curitiba,PR,Sala comercial,423026.66,241199.42,60.0,681.0,52.0,5394.73,0.0,CONS-010,6.0,Contratada,39.0,2025-08-06,1.22,0.5701754589178848,True
PR-005319,2024-07-06,Mídia paga,Santos,SP,Sala comercial,678164.77,270491.49,240.0,655.0,57.0,5671.94,0.0,CONS-022,2.0,Desistiu,30.0,,,0.3988580680768775,False
PR-005320,2024-06-25,Correspondente,Porto Alegre,RS,Apartamento,915429.01,559156.02,240.0,597.0,23.0,7556.08,0.0,CONS-030,3.0,Desistiu,52.0,,,0.6108130875162019,False
PR-005322,2025-10-04,Correspondente,Goiânia,GO,Sala comercial,664144.59,331810.63,240.0,648.0,29.0,5949.13,0.0,CONS-025,4.0,Sem retorno,29.0,,,0.49960601199808014,False
PR-005323,2025-07-03,Organico,Porto Alegre,RS,Apartamento,1658457.08,809406.78,180.0,791.0,46.0,8417.56,1.0,CONS-010,6.0,Contratada,45.0,2025-04-21,1.32,0.4880480717655955,True
PR-005324,2025-01-25,Correspondente,Goiânia,GO,Apartamento,643272.76,255817.14,84.0,689.0,56.0,4561.34,0.0,CONS-020,2.0,Reprovada crédito,20.0,,,0.3976806665962352,False
PR-005325,2025-06-17,Parceria,Brasília,DF,Apartamento,637145.69,284769.47,120.0,789.0,52.0,1800.0,0.0,CONS-007,6.0,Contratada,35.0,2025-07-22,1.18,0.4469456114503419,True
PR-005326,2024-09-13,Indicação,Curitiba,PR,Casa,814395.74,398343.97,84.0,721.0,35.0,5152.51,0.0,CONS-008,6.0,Contratada,36.0,2024-10-19,1.16,0.48912825845577235,True
PR-005327,2024-09-21,Correspondente,Goiânia,GO,Casa,933398.23,526195.4,180.0,737.0,36.0,6478.09,0.0,CONS-014,4.0,Problema garantia,42.0,,,0.5637415875536854,False
PR-005328,2025-12-09,Mídia paga,Santos,SP,Sala comercial,863462.34,431048.92,60.0,657.0,49.0,9024.71,1.0,CONS-019,1.0,Sem retorno,27.0,,,0.49920986710317905,False
PR-005329,2025-04-08,Indicação,Santos,SP,Casa,347391.9,225360.24,60.0,634.0,29.0,8812.14,1.0,CONS-007,1.0,Sem retorno,2.0,,,0.6487204796657607,False
PR-005330,2025-03-16,Mídia paga,Santos,SP,Apartamento,1005808.5,283401.77,240.0,696.0,33.0,5600.84,0.0,CONS-010,3.0,Sem retorno,15.0,,,0.2817651372005705,False
PR-005331,2024-05-22,Indicação,Recife,PE,Casa,870955.6,406515.46,240.0,631.0,34.0,5141.6,1.0,CONS-025,5.0,Desistiu,42.0,,,0.4667464793842534,False
PR-005332,2024-02-24,Organico,Brasília,DF,Apartamento,778413.05,456587.13,84.0,656.0,27.0,8146.88,0.0,CONS-027,3.0,Desistiu,38.0,,,0.5865615048463023,False
PR-005333,2025-05-28,Correspondente,Curitiba,PR,Casa,937767.81,366978.73,180.0,720.0,37.0,3195.11,0.0,CONS-015,4.0,Sem retorno,45.0,,,0.3913321891481858,False
PR-005335,2025-05-01,Indicação,Salvador,BA,Apartamento,1106387.44,485471.35,120.0,762.0,50.0,6304.78,0.0,CONS-016,6.0,Contratada,34.0,2025-08-02,1.39,0.43878964316514657,True
PR-005336,2025-01-13,Mídia paga,Santos,SP,Casa,753641.95,472662.54,180.0,647.0,38.0,1975.52,0.0,CONS-029,4.0,Sem retorno,35.0,,,0.6271712183749857,False
PR-005337,2025-02-19,Parceria,Goiânia,GO,Imóvel rural,666187.86,327371.34,180.0,670.0,35.0,3460.35,1.0,CONS-030,3.0,Desistiu,26.0,,,0.49140994553698414,False
PR-005338,2025-07-01,Parceria,Santos,SP,Sala comercial,468486.27,284795.07,60.0,803.0,46.0,7379.97,1.0,CONS-028,6.0,Contratada,59.0,2025-07-03,1.36,0.6079048378514913,True
PR-005339,2025-09-04,Indicação,Recife,PE,Apartamento,740981.09,308459.61,60.0,571.0,34.0,9733.19,0.0,CONS-030,3.0,Reprovada crédito,13.0,,,0.41628540075159004,False
PR-005340,2024-08-28,Mídia paga,Brasília,DF,Apartamento,362381.25,226613.82,180.0,724.0,26.0,3271.17,1.0,CONS-010,2.0,Desistiu,32.0,,,0.6253464272779014,False
PR-005341,2025-03-31,Mídia paga,São Paulo,SP,Casa,368791.2,159986.1,60.0,803.0,26.0,3276.47,1.0,CONS-020,4.0,Sem retorno,48.0,,,0.4338121408536863,False
PR-005342,2024-10-12,Indicação,Brasília,DF,Apartamento,973942.39,447046.82,120.0,667.0,51.0,3887.5,0.0,CONS-001,4.0,Problema garantia,47.0,,,0.45900745730966697,False
PR-005343,2024-12-21,Parceria,Porto Alegre,RS,Apartamento,852180.45,424725.35,60.0,772.0,49.0,5666.59,0.0,CONS-022,2.0,Sem retorno,14.0,,,0.49839837325533576,False
PR-005344,2025-06-03,Mídia paga,Santos,SP,Casa,347076.57,133892.92,60.0,729.0,59.0,7210.72,0.0,CONS-008,4.0,Sem retorno,38.0,,,0.3857734332225307,False
PR-005345,2025-07-20,Organico,Recife,PE,Apartamento,712745.03,333827.39,120.0,570.0,48.0,5516.29,0.0,CONS-014,3.0,Sem retorno,25.0,,,0.46836859739309583,False
PR-005346,2024-02-08,Organico,Salvador,BA,Apartamento,1797541.23,1008277.45,240.0,752.0,46.0,3762.34,0.0,CONS-026,6.0,Contratada,26.0,2024-08-28,1.31,0.5609203467338548,True
PR-005347,2024-12-29,Organico,Salvador,BA,Apartamento,694197.86,381856.85,84.0,620.0,31.0,2395.4,0.0,CONS-025,3.0,Sem retorno,23.0,,,0.5500691834457686,False
PR-005348,2024-05-07,Correspondente,São Paulo,SP,Apartamento,1800501.84,927387.25,240.0,612.0,36.0,15953.71,0.0,CONS-001,2.0,Desistiu,20.0,,,0.5150715369443888,False
PR-005349,2025-04-01,Organico,Curitiba,PR,Apartamento,1252715.26,406225.3,84.0,775.0,63.0,10219.83,0.0,CONS-005,5.0,Desistiu,43.0,,,0.3242758454143841,False
PR-005350,2025-02-23,Mídia paga,Curitiba,PR,Apartamento,887958.29,548333.41,60.0,775.0,49.0,2322.43,0.0,CONS-016,2.0,Sem retorno,41.0,,,0.6175215842627022,False
PR-005351,2024-01-03,Mídia paga,Santos,SP,Apartamento,762017.01,392365.9,60.0,756.0,35.0,4511.9,0.0,CONS-012,3.0,Reprovada crédito,25.0,,,0.5149043851396441,False
PR-005352,2025-06-25,Mídia paga,Campinas,SP,Apartamento,1757034.32,705346.65,180.0,763.0,47.0,3237.13,0.0,CONS-014,6.0,Contratada,48.0,2025-12-08,1.16,0.4014415893708895,True
PR-005353,2024-09-13,Organico,Curitiba,PR,Apartamento,725680.64,281689.2,180.0,621.0,21.0,4686.85,0.0,CONS-022,4.0,Sem retorno,43.0,,,0.3881724059773732,False
PR-005354,2025-04-10,Mídia paga,Porto Alegre,RS,Apartamento,981905.28,506906.7,120.0,674.0,48.0,6110.14,1.0,CONS-029,5.0,Documentação pendente,38.0,,,0.5162480641717295,False
PR-005355,2024-10-31,Organico,Porto Alegre,RS,Casa,533376.67,279935.21,84.0,724.0,43.0,6522.94,0.0,CONS-003,3.0,Desistiu,8.0,,,0.5248358725551306,False
PR-005356,2024-06-21,Parceria,Rio de Janeiro,RJ,Apartamento,610546.17,331171.11,240.0,670.0,45.0,9795.04,0.0,CONS-028,6.0,Contratada,35.0,2024-07-26,1.35,0.5424177994597853,True
PR-005358,2024-08-20,Indicação,São Paulo,SP,Casa,2673899.98,1078205.99,60.0,680.0,43.0,3403.99,0.0,CONS-010,3.0,Sem retorno,25.0,,,0.4032334784639177,False
PR-005359,2024-10-12,Mídia paga,Brasília,DF,Apartamento,1312555.42,660090.83,240.0,705.0,40.0,9110.6,1.0,CONS-005,4.0,Problema garantia,42.0,,,0.502905111618068,False
PR-005360,2025-01-29,Indicação,Campinas,SP,Apartamento,658137.85,365928.26,240.0,698.0,27.0,7547.75,0.0,CONS-005,2.0,Reprovada crédito,34.0,,,0.5560054933780211,False
PR-005362,2024-07-31,Mídia paga,Porto Alegre,RS,Sala comercial,582320.38,297232.48,120.0,665.0,53.0,2976.54,0.0,CONS-006,5.0,Documentação pendente,33.0,,,0.5104277476944907,False
PR-005363,2025-12-03,Indicação,Brasília,DF,Casa,502973.57,253528.65,60.0,623.0,48.0,7534.76,0.0,CONS-024,3.0,Desistiu,25.0,,,0.5040595870673682,False
PR-005364,2025-07-29,Parceria,Campinas,SP,Casa,1358817.45,843630.58,180.0,766.0,48.0,5652.79,0.0,CONS-019,6.0,Contratada,51.0,2025-09-18,1.46,0.6208564513209629,True
PR-005365,2024-06-26,Mídia paga,Belo Horizonte,MG,Casa,956949.98,548135.8,180.0,630.0,49.0,9510.26,0.0,CONS-004,6.0,Contratada,55.0,2024-08-20,1.17,0.5727946198400047,True
PR-005366,2025-05-06,Correspondente,Belo Horizonte,MG,Apartamento,838153.7,429541.54,84.0,524.0,21.0,7221.72,0.0,CONS-020,3.0,Sem retorno,52.0,,,0.5124854069128371,False
PR-005369,2025-10-03,Mídia paga,Santos,SP,Casa,774961.77,251830.37,60.0,791.0,48.0,8510.02,0.0,CONS-025,3.0,Reprovada crédito,32.0,,,0.32495844278873265,False
PR-005370,2025-01-18,Organico,Campinas,SP,Casa,648713.72,415967.51,60.0,670.0,57.0,14463.34,0.0,CONS-004,6.0,Contratada,32.0,2025-02-19,1.31,0.6412189185701206,True
PR-005371,2025-04-03,Organico,Porto Alegre,RS,Casa,766435.96,274321.1,60.0,770.0,59.0,6813.36,0.0,CONS-026,3.0,Sem retorno,37.0,,,0.35791783569236496,False
PR-005372,2025-09-23,Mídia paga,São Paulo,SP,Casa,861287.04,404198.48,240.0,712.0,62.0,10025.15,0.0,CONS-025,6.0,Contratada,27.0,2025-10-20,1.33,0.4692959039532279,True
PR-005373,2024-11-08,Correspondente,Florianópolis,SC,Apartamento,2003620.04,1214754.4,180.0,549.0,37.0,14444.17,1.0,CONS-004,4.0,Problema garantia,26.0,,,0.6062798213976738,False
PR-005374,2024-07-17,Correspondente,Brasília,DF,Sala comercial,1074688.22,614448.35,240.0,726.0,23.0,10688.56,1.0,CONS-003,3.0,Sem retorno,26.0,,,0.5717456826687837,False
PR-005375,2024-01-11,Correspondente,São Paulo,SP,Casa,1120877.84,371138.27,240.0,725.0,43.0,3875.91,1.0,CONS-023,4.0,Problema garantia,37.0,,,0.3311139329866669,False
PR-005376,2025-10-03,Organico,São Paulo,SP,Casa,1816584.97,825938.88,180.0,600.0,50.0,4024.32,0.0,CONS-023,4.0,Sem retorno,23.0,,,0.45466570165446213,False
PR-005377,2025-01-04,Correspondente,Curitiba,PR,Apartamento,903657.55,574188.95,60.0,809.0,46.0,5393.7,0.0,CONS-013,1.0,Desistiu,2.0,,,0.6354054696936908,False
PR-005378,2025-01-06,Mídia paga,Salvador,BA,Casa,689231.17,362684.88,120.0,687.0,45.0,9729.17,1.0,CONS-017,3.0,Desistiu,15.0,,,0.5262165958048589,False
PR-005379,2024-09-26,Mídia paga,Salvador,BA,Apartamento,717119.96,373399.34,240.0,609.0,29.0,6823.63,0.0,CONS-015,3.0,Desistiu,35.0,,,0.5206929953532461,False
PR-005380,2025-01-26,Correspondente,Santos,SP,Apartamento,1142988.02,660264.58,120.0,663.0,41.0,5550.85,0.0,CONS-026,3.0,Desistiu,31.0,,,0.5776653547077422,False
PR-005381,2025-10-23,Mídia paga,Porto Alegre,RS,Apartamento,1241359.4,980673.93,180.0,532.0,67.0,9944.88,1.0,CONS-030,3.0,Desistiu,25.0,,,0.790000003222274,False
PR-005382,2024-04-24,Correspondente,Curitiba,PR,Sala comercial,1496468.84,556488.41,120.0,709.0,41.0,4441.04,0.0,CONS-028,4.0,Problema garantia,34.0,,,0.37186768954039834,False
PR-005383,2025-11-14,Organico,Porto Alegre,RS,Sala comercial,282063.43,180764.77,60.0,649.0,42.0,1812.56,1.0,CONS-008,4.0,Problema garantia,35.0,,,0.6408656733699933,False
PR-005384,2024-07-12,Parceria,Florianópolis,SC,Apartamento,992303.46,457026.02,120.0,549.0,25.0,5314.47,0.0,CONS-003,6.0,Contratada,47.0,2025-01-23,1.42,0.4605708217524506,True
PR-005385,2024-09-18,Correspondente,Brasília,DF,Casa,775640.27,371233.79,120.0,591.0,41.0,1800.0,0.0,CONS-011,3.0,Desistiu,35.0,,,0.47861593106814837,False
PR-005386,2025-07-29,Mídia paga,Porto Alegre,RS,Apartamento,1055103.09,375961.67,240.0,705.0,43.0,9559.68,0.0,CONS-012,2.0,Desistiu,29.0,,,0.35632695379557644,False
PR-005387,2025-04-23,Correspondente,Brasília,DF,Apartamento,567541.94,295923.25,240.0,724.0,49.0,2152.5,0.0,CONS-015,1.0,Sem retorno,29.0,,,0.5214121268289001,False
PR-005388,2024-04-20,Mídia paga,Santos,SP,Imóvel rural,1707387.34,820416.86,84.0,602.0,25.0,3775.4,0.0,CONS-030,4.0,Sem retorno,46.0,,,0.48051009913192866,False
PR-005389,2025-04-20,Correspondente,Goiânia,GO,Apartamento,520803.88,275512.01,84.0,752.0,50.0,2849.56,0.0,CONS-014,5.0,Desistiu,38.0,,,0.5290129750953468,False
PR-005391,2025-03-21,Parceria,Goiânia,GO,Apartamento,917928.29,290223.59,120.0,535.0,50.0,4964.03,0.0,CONS-011,5.0,Documentação pendente,27.0,,,0.31617239948013803,False
PR-005392,2024-10-19,Parceria,Curitiba,PR,Apartamento,271141.6,113277.01,120.0,567.0,44.0,9876.82,0.0,CONS-024,5.0,Documentação pendente,39.0,,,0.417778053976225,False
PR-005393,2025-07-15,Correspondente,Porto Alegre,RS,Apartamento,669271.06,352898.91,84.0,535.0,32.0,19560.85,0.0,CONS-017,3.0,Sem retorno,28.0,,,0.5272884651549103,False
PR-005394,2025-07-23,Parceria,Rio de Janeiro,RJ,Apartamento,638764.02,320160.68,84.0,632.0,44.0,3572.62,1.0,CONS-018,3.0,Sem retorno,26.0,,,0.5012190260810244,False
PR-005396,2024-12-13,Parceria,Santos,SP,Casa,770259.19,409897.15,240.0,794.0,36.0,6526.05,0.0,CONS-009,6.0,Contratada,36.0,2025-01-18,1.62,0.5321548321935634,True
PR-005397,2024-08-17,Mídia paga,Campinas,SP,Apartamento,822586.86,370456.44,180.0,510.0,34.0,8813.7,1.0,CONS-017,3.0,Reprovada crédito,15.0,,,0.45035540684420855,False
PR-005398,2024-12-08,Correspondente,Recife,PE,Apartamento,469608.25,150813.94,84.0,655.0,30.0,6717.92,0.0,CONS-002,3.0,Reprovada crédito,6.0,,,0.3211484040154746,False
PR-005399,2024-11-14,Parceria,Brasília,DF,Apartamento,877666.47,406050.64,240.0,638.0,25.0,1800.0,1.0,CONS-028,6.0,Contratada,26.0,2024-10-12,1.18,0.4626480034038443,True
PR-005401,2024-05-15,Parceria,Belo Horizonte,MG,Apartamento,629689.48,235612.25,180.0,732.0,21.0,5996.06,1.0,CONS-001,3.0,Reprovada crédito,40.0,,,0.37417212369499964,False
PR-005403,2025-08-21,Mídia paga,Florianópolis,SC,Apartamento,1038504.04,485529.34,180.0,765.0,50.0,11656.67,0.0,CONS-002,5.0,Documentação pendente,36.0,,,0.4675276371577717,False
PR-005404,2024-08-22,Correspondente,Salvador,BA,Casa,320682.01,188483.47,240.0,814.0,59.0,3755.16,0.0,CONS-023,6.0,Contratada,19.0,2024-10-09,1.14,0.5877581657917137,True
PR-005405,2024-08-30,Mídia paga,Brasília,DF,Casa,591361.08,311665.31,120.0,728.0,31.0,3756.91,1.0,CONS-016,5.0,Documentação pendente,23.0,,,0.5270304734968355,False
PR-005406,2025-09-08,Parceria,Florianópolis,SC,Apartamento,992480.53,506654.72,240.0,620.0,40.0,5232.83,0.0,CONS-012,2.0,Desistiu,30.0,,,0.5104933595019743,False
PR-005407,2025-01-22,Correspondente,Goiânia,GO,Sala comercial,962325.6,489873.33,180.0,649.0,41.0,6735.08,0.0,CONS-016,3.0,Desistiu,33.0,,,0.5090515413909804,False
PR-005408,2024-09-15,Correspondente,Salvador,BA,Casa,1392762.73,564572.51,120.0,687.0,42.0,6516.49,0.0,CONS-010,3.0,Reprovada crédito,26.0,,,0.40536158660707416,False
PR-005409,2025-11-02,Mídia paga,Porto Alegre,RS,Sala comercial,924334.28,562113.96,84.0,670.0,42.0,3160.28,0.0,CONS-007,4.0,Problema garantia,42.0,,,0.6081284359593371,False
PR-005410,2025-01-14,Organico,Campinas,SP,Casa,568037.73,269566.34,84.0,719.0,38.0,4837.59,0.0,CONS-011,3.0,Sem retorno,24.0,,,0.47455710380365057,False
PR-005411,2025-02-22,Correspondente,Recife,PE,Casa,338253.28,178633.75,60.0,641.0,39.0,5868.91,0.0,CONS-020,3.0,Sem retorno,56.0,,,0.5281064828107506,False
PR-005412,2025-03-15,Organico,Florianópolis,SC,Imóvel rural,824148.72,461887.2,60.0,675.0,63.0,3785.51,1.0,CONS-029,6.0,Contratada,29.0,2025-04-13,1.31,0.5604415669055459,True
PR-005413,2025-03-05,Parceria,Recife,PE,Apartamento,468149.41,253676.68,120.0,689.0,35.0,4743.77,0.0,CONS-029,3.0,Desistiu,28.0,,,0.5418711944975003,False
PR-005414,2025-08-09,Correspondente,Rio de Janeiro,RJ,Apartamento,713971.74,515815.58,240.0,634.0,26.0,3133.72,0.0,CONS-008,3.0,Reprovada crédito,14.0,,,0.72245937913453,False
PR-005415,2025-03-30,Organico,Santos,SP,Casa,1020709.43,583174.25,240.0,638.0,26.0,3589.95,0.0,CONS-011,3.0,Sem retorno,21.0,,,0.5713420811640781,False
PR-005417,2024-08-13,Correspondente,Salvador,BA,Apartamento,613526.56,285273.63,240.0,488.0,41.0,8119.28,0.0,CONS-014,4.0,Problema garantia,40.0,,,0.4649735620247638,False
PR-005418,2024-04-22,Indicação,Florianópolis,SC,Apartamento,819145.33,302621.0,240.0,644.0,50.0,8372.44,0.0,CONS-005,2.0,Sem retorno,27.0,,,0.3694350549492848,False
PR-005419,2025-12-01,Parceria,Goiânia,GO,Casa,1129800.16,620061.86,240.0,532.0,48.0,8608.93,0.0,CONS-009,3.0,Reprovada crédito,23.0,,,0.5488243690813427,False
PR-005421,2024-09-28,Mídia paga,Curitiba,PR,Imóvel rural,1074574.72,424100.31,180.0,692.0,52.0,2491.73,0.0,CONS-007,4.0,Sem retorno,24.0,,,0.39466805063123017,False
PR-005422,2024-10-07,Parceria,Belo Horizonte,MG,Sala comercial,1242019.1,462059.42,120.0,648.0,52.0,1888.19,0.0,CONS-005,3.0,Sem retorno,28.0,,,0.3720227973949837,False
PR-005423,2025-06-13,Correspondente,Goiânia,GO,Casa,1009621.4,486676.3,60.0,637.0,33.0,10281.53,0.0,CONS-027,2.0,Desistiu,27.0,,,0.4820384155882591,False
PR-005424,2024-04-09,Correspondente,São Paulo,SP,Sala comercial,526785.22,249208.0,84.0,672.0,40.0,10378.02,0.0,CONS-002,4.0,Problema garantia,37.0,,,0.47307325744636497,False
PR-005425,2025-10-17,Mídia paga,São Paulo,SP,Casa,733198.01,231151.35,60.0,589.0,44.0,5636.78,0.0,CONS-023,5.0,Documentação pendente,27.0,,,0.3152645627066009,False
PR-005426,2024-12-26,Parceria,Recife,PE,Apartamento,213254.51,89596.32,120.0,674.0,51.0,3744.1,0.0,CONS-015,5.0,Documentação pendente,47.0,,,0.4201379844205874,False
PR-005427,2024-05-20,Indicação,Rio de Janeiro,RJ,Apartamento,343427.9,201001.23,60.0,663.0,60.0,8411.89,0.0,CONS-010,6.0,Contratada,9.0,2024-05-29,1.42,0.5852792682248589,True
PR-005428,2024-12-14,Organico,Santos,SP,Casa,337482.48,110487.86,84.0,696.0,35.0,7120.86,0.0,CONS-024,6.0,Contratada,49.0,2025-01-02,0.99,0.32738843213431407,True
PR-005429,2025-06-22,Mídia paga,Belo Horizonte,MG,Apartamento,405405.32,118374.9,180.0,572.0,27.0,4663.73,1.0,CONS-024,4.0,Problema garantia,22.0,,,0.2919914815128721,False
PR-005430,2025-04-06,Mídia paga,Salvador,BA,Casa,838808.76,392053.03,240.0,739.0,39.0,5206.44,0.0,CONS-017,3.0,Desistiu,34.0,,,0.4673926271347,False
PR-005432,2025-03-25,Organico,Recife,PE,Apartamento,413366.89,212334.9,180.0,589.0,36.0,3347.25,0.0,CONS-005,3.0,Sem retorno,33.0,,,0.5136717650511389,False
PR-005433,2025-01-15,Correspondente,Campinas,SP,Apartamento,975291.69,510229.72,84.0,625.0,51.0,9541.27,0.0,CONS-019,3.0,Desistiu,30.0,,,0.5231560211489139,False
PR-005435,2025-03-23,Organico,Curitiba,PR,Casa,1146763.84,600888.74,84.0,647.0,21.0,10720.99,0.0,CONS-012,3.0,Reprovada crédito,28.0,,,0.5239864730998145,False
PR-005436,2025-10-09,Correspondente,Recife,PE,Apartamento,763451.88,345226.35,84.0,606.0,31.0,2523.24,0.0,CONS-011,3.0,Reprovada crédito,16.0,,,0.45219136797462595,False
PR-005437,2025-02-01,Indicação,Rio de Janeiro,RJ,Apartamento,554319.06,287620.28,60.0,590.0,29.0,3411.12,0.0,CONS-029,2.0,Desistiu,18.0,,,0.5188713518167678,False
PR-005438,2024-08-17,Indicação,Goiânia,GO,Apartamento,559629.68,236421.09,84.0,789.0,42.0,3332.64,0.0,CONS-008,6.0,Contratada,28.0,2024-09-14,1.22,0.4224598845436503,True
PR-005439,2024-07-12,Correspondente,Brasília,DF,Apartamento,1042880.39,577229.54,60.0,698.0,48.0,4298.67,0.0,CONS-023,4.0,Sem retorno,34.0,,,0.5534954396831645,False
PR-005440,2025-03-31,Correspondente,Santos,SP,Casa,577792.32,304320.25,180.0,816.0,51.0,5075.07,0.0,CONS-008,6.0,Contratada,58.0,2025-05-28,1.34,0.5266948684953099,True
PR-005441,2025-01-18,Organico,São Paulo,SP,Apartamento,859492.08,361426.64,84.0,737.0,50.0,2965.1,0.0,CONS-005,4.0,Sem retorno,42.0,,,0.4205118911625108,False
PR-005442,2025-05-09,Organico,São Paulo,SP,Sala comercial,1000058.91,503620.87,240.0,566.0,43.0,4821.86,0.0,CONS-027,5.0,Desistiu,27.0,,,0.5035912034422052,False
PR-005443,2024-11-27,Organico,Porto Alegre,RS,Sala comercial,413091.79,147890.41,240.0,565.0,35.0,6357.89,0.0,CONS-002,5.0,Documentação pendente,51.0,,,0.35800859174664307,False
PR-005444,2024-07-10,Parceria,Recife,PE,Apartamento,1040947.78,524728.22,180.0,752.0,56.0,5222.21,0.0,CONS-027,5.0,Desistiu,51.0,,,0.5040869773505833,False
PR-005445,2025-11-06,Indicação,Campinas,SP,Apartamento,823449.8,356048.77,240.0,723.0,38.0,3663.83,0.0,CONS-025,6.0,Contratada,30.0,2025-11-07,1.36,0.432386734443314,True
PR-005446,2025-06-15,Mídia paga,Belo Horizonte,MG,Apartamento,465061.47,205541.33,60.0,570.0,34.0,8503.82,0.0,CONS-004,1.0,Desistiu,7.0,,,0.4419659405454509,False
PR-005447,2025-05-21,Indicação,Campinas,SP,Casa,495456.49,198583.04,180.0,555.0,40.0,5266.67,0.0,CONS-012,2.0,Desistiu,41.0,,,0.4008082324242034,False
PR-005448,2024-10-10,Indicação,Rio de Janeiro,RJ,Casa,982820.43,477277.97,120.0,658.0,45.0,8117.88,0.0,CONS-002,6.0,Contratada,46.0,2024-11-25,1.28,0.4856207252427587,True
PR-005449,2025-04-13,Mídia paga,Curitiba,PR,Apartamento,614604.43,202907.83,180.0,738.0,42.0,5540.89,0.0,CONS-001,5.0,Desistiu,33.0,,,0.33014378044753107,False
PR-005450,2025-01-26,Indicação,Campinas,SP,Casa,405226.36,226389.89,180.0,724.0,47.0,4254.63,1.0,CONS-001,6.0,Contratada,23.0,2025-02-18,1.35,0.558675131598053,True
PR-005452,2025-08-25,Mídia paga,Porto Alegre,RS,Sala comercial,297869.72,121795.7,120.0,684.0,34.0,5684.09,0.0,CONS-030,5.0,Documentação pendente,41.0,,,0.40888916134207937,False
PR-005453,2025-07-16,Mídia paga,Porto Alegre,RS,Sala comercial,840087.67,377957.19,180.0,698.0,41.0,2713.07,0.0,CONS-006,5.0,Documentação pendente,36.0,,,0.4499020798626886,False
PR-005454,2025-04-15,Organico,Rio de Janeiro,RJ,Casa,752765.44,391361.31,60.0,736.0,42.0,4939.22,0.0,CONS-021,1.0,Sem retorno,25.0,,,0.5198980840565688,False
PR-005457,2024-03-12,Mídia paga,Porto Alegre,RS,Apartamento,1277244.86,321754.13,180.0,505.0,33.0,3465.95,1.0,CONS-015,2.0,Desistiu,36.0,,,0.25191264422078,False
PR-005458,2024-08-26,Organico,Santos,SP,Casa,785738.97,306600.46,240.0,707.0,46.0,2076.33,1.0,CONS-007,3.0,Desistiu,24.0,,,0.39020650840316606,False
PR-005459,2025-06-13,Indicação,Salvador,BA,Casa,720721.43,381939.82,120.0,848.0,32.0,3597.82,0.0,CONS-024,3.0,Reprovada crédito,40.0,,,0.5299409787218343,False
PR-005460,2024-07-26,Organico,São Paulo,SP,Casa,562235.32,310890.89,60.0,729.0,37.0,6747.83,1.0,CONS-028,4.0,Sem retorno,24.0,,,0.5529551042791122,False
PR-005461,2024-05-08,Organico,Santos,SP,Apartamento,600279.62,262670.28,84.0,760.0,45.0,7386.07,0.0,CONS-007,4.0,Problema garantia,24.0,,,0.43757987319309627,False
PR-005463,2025-10-07,Mídia paga,Salvador,BA,Imóvel rural,1044698.79,498849.6,180.0,711.0,35.0,5725.42,0.0,CONS-007,3.0,Desistiu,8.0,,,0.4775056741474736,False
PR-005464,2024-03-26,Organico,Campinas,SP,Apartamento,734459.12,168925.6,180.0,613.0,38.0,11663.24,0.0,CONS-011,3.0,Reprovada crédito,29.0,,,0.2300000032677108,False
PR-005465,2025-06-10,Organico,São Paulo,SP,Casa,812406.87,516312.83,84.0,668.0,32.0,7622.26,0.0,CONS-024,3.0,Reprovada crédito,33.0,,,0.635534790590828,False
PR-005467,2024-05-20,Organico,Santos,SP,Sala comercial,310691.3,164321.72,240.0,596.0,33.0,6962.62,1.0,CONS-002,2.0,Desistiu,6.0,,,0.5288906383925137,False
PR-005468,2025-02-14,Correspondente,Rio de Janeiro,RJ,Casa,512544.22,295568.47,180.0,567.0,50.0,1946.33,0.0,CONS-016,5.0,Documentação pendente,41.0,,,0.576669209146481,False
PR-005469,2025-07-09,Parceria,Goiânia,GO,Sala comercial,425740.25,283246.23,240.0,607.0,38.0,1891.83,0.0,CONS-009,3.0,Desistiu,27.0,,,0.6653029165083639,False
PR-005470,2024-03-08,Mídia paga,Florianópolis,SC,Apartamento,316953.97,177458.14,180.0,636.0,50.0,4783.29,0.0,CONS-018,3.0,Sem retorno,19.0,,,0.5598861563399885,False
PR-005471,2025-10-03,Indicação,Florianópolis,SC,Apartamento,1499753.53,612426.14,120.0,674.0,30.0,3438.96,1.0,CONS-029,3.0,Sem retorno,20.0,,,0.4083511908786773,False
PR-005472,2025-05-20,Mídia paga,Recife,PE,Apartamento,323939.1,123003.84,240.0,630.0,36.0,6472.6,1.0,CONS-017,2.0,Desistiu,46.0,,,0.3797128534344882,False
PR-005473,2025-12-05,Correspondente,São Paulo,SP,Casa,1043773.31,549690.17,84.0,556.0,33.0,3806.88,0.0,CONS-006,6.0,Contratada,21.0,2025-02-06,1.5,0.5266375033099859,True
PR-005474,2024-05-12,Organico,Curitiba,PR,Casa,1576090.07,941676.66,180.0,587.0,42.0,4244.77,0.0,CONS-016,5.0,Documentação pendente,39.0,,,0.5974764246817442,False
PR-005475,2024-05-29,Indicação,Porto Alegre,RS,Casa,1060785.56,543482.99,240.0,588.0,39.0,6990.63,0.0,CONS-006,5.0,Documentação pendente,36.0,,,0.5123401095316569,False
PR-005476,2025-01-16,Parceria,São Paulo,SP,Casa,748272.82,454461.7,60.0,606.0,54.0,4283.26,0.0,CONS-010,2.0,Desistiu,7.0,,,0.6073475981661342,False
PR-005477,2025-09-22,Mídia paga,Brasília,DF,Sala comercial,654603.09,310846.09,180.0,627.0,54.0,4657.89,0.0,CONS-022,3.0,Sem retorno,18.0,,,0.4748619350391396,False
PR-005478,2024-06-14,Correspondente,Curitiba,PR,Apartamento,869195.82,268550.58,60.0,748.0,31.0,3463.43,0.0,CONS-030,3.0,Sem retorno,44.0,,,0.3089644172471976,False
PR-005479,2024-07-11,Organico,Florianópolis,SC,Apartamento,751133.56,340735.92,84.0,784.0,50.0,9254.27,1.0,CONS-017,4.0,Sem retorno,50.0,,,0.4536289391729481,False
PR-005480,2025-11-25,Correspondente,Salvador,BA,Apartamento,679680.31,408334.38,60.0,643.0,46.0,9041.38,0.0,CONS-001,4.0,Problema garantia,42.0,,,0.6007741786723231,False
PR-005481,2024-12-17,Correspondente,Belo Horizonte,MG,Casa,527787.23,313199.68,240.0,665.0,35.0,13429.19,0.0,CONS-015,4.0,Sem retorno,24.0,,,0.5934203447855303,False
PR-005482,2024-04-03,Indicação,Goiânia,GO,Sala comercial,442185.62,192545.0,84.0,744.0,43.0,7474.23,0.0,CONS-007,6.0,Contratada,46.0,2024-04-19,1.07,0.4354393071398387,True
PR-005483,2025-09-24,Mídia paga,Salvador,BA,Casa,1342354.03,756785.53,240.0,667.0,50.0,4964.42,0.0,CONS-003,2.0,Sem retorno,33.0,,,0.5637749156234142,False
PR-005484,2024-04-07,Mídia paga,Goiânia,GO,Casa,577454.36,191704.68,240.0,710.0,46.0,4227.83,0.0,CONS-025,5.0,Desistiu,34.0,,,0.3319823925132369,False
PR-005485,2024-09-21,Indicação,Salvador,BA,Sala comercial,1170724.35,646694.29,60.0,749.0,35.0,6314.1,0.0,CONS-018,2.0,Desistiu,14.0,,,0.5523881774561193,False
PR-005486,2024-10-19,Organico,Brasília,DF,Casa,399538.9,188853.47,240.0,577.0,36.0,5088.04,0.0,CONS-006,4.0,Problema garantia,34.0,,,0.47267855520451196,False
PR-005487,2024-11-18,Correspondente,Porto Alegre,RS,Apartamento,294937.72,148782.92,180.0,605.0,42.0,5310.77,0.0,CONS-015,4.0,Problema garantia,30.0,,,0.5044553812920234,False
PR-005488,2024-07-25,Mídia paga,Recife,PE,Apartamento,788739.86,451412.86,180.0,601.0,44.0,9068.59,1.0,CONS-019,2.0,Desistiu,10.0,,,0.5723216017002107,False
PR-005489,2025-06-16,Correspondente,Brasília,DF,Apartamento,821572.03,393935.2,240.0,671.0,44.0,3253.93,0.0,CONS-008,4.0,Problema garantia,31.0,,,0.47948954640045377,False
PR-005490,2025-04-07,Correspondente,Salvador,BA,Casa,455945.76,275839.93,60.0,792.0,36.0,2973.8,1.0,CONS-028,3.0,Reprovada crédito,18.0,,,0.6049840884582411,False
PR-005491,2024-08-21,Mídia paga,Goiânia,GO,Casa,1480822.86,824036.03,84.0,723.0,61.0,5351.23,0.0,CONS-026,1.0,Sem retorno,37.0,,,0.5564717106001457,False
PR-005492,2024-06-15,Organico,Recife,PE,Apartamento,944707.08,526759.87,60.0,604.0,43.0,2238.76,1.0,CONS-001,3.0,Desistiu,48.0,,,0.5575906872636119,False
PR-005493,2024-04-27,Correspondente,Curitiba,PR,Casa,731813.57,475798.43,60.0,714.0,55.0,4287.13,0.0,CONS-001,2.0,Reprovada crédito,49.0,,,0.6501634425827879,False
PR-005494,2024-10-25,Parceria,São Paulo,SP,Casa,957424.51,533653.1,240.0,639.0,38.0,4927.7,0.0,CONS-023,3.0,Sem retorno,30.0,,,0.5573839967811144,False
PR-005495,2025-06-29,Mídia paga,Brasília,DF,Casa,865406.87,512080.08,180.0,713.0,45.0,8800.25,0.0,CONS-014,2.0,Reprovada crédito,41.0,,,0.5917217643534538,False
PR-005496,2025-11-04,Mídia paga,Curitiba,PR,Apartamento,1311204.53,920049.91,180.0,674.0,48.0,7542.4,1.0,CONS-001,4.0,Problema garantia,24.0,,,0.701682986101337,False
PR-005497,2024-12-22,Correspondente,Santos,SP,Imóvel rural,2145230.15,1139902.19,84.0,671.0,43.0,11538.86,0.0,CONS-024,3.0,Sem retorno,31.0,,,0.5313659189434756,False
PR-005498,2024-10-11,Parceria,Goiânia,GO,Imóvel rural,1516105.67,348704.3,180.0,767.0,53.0,7870.13,0.0,CONS-027,3.0,Reprovada crédito,33.0,,,0.229999997295703,False
PR-005500,2024-06-09,Mídia paga,Florianópolis,SC,Sala comercial,503534.79,248131.6,120.0,574.0,41.0,5754.8,1.0,CONS-010,5.0,Documentação pendente,41.0,,,0.4927794562119531,False
PR-005501,2025-02-19,Organico,Goiânia,GO,Apartamento,903220.3,563013.4,180.0,683.0,53.0,2720.45,1.0,CONS-008,5.0,Desistiu,51.0,,,0.6233400644338928,False
PR-005502,2025-04-26,Correspondente,Brasília,DF,Apartamento,294580.55,176139.36,84.0,591.0,33.0,6635.44,0.0,CONS-029,2.0,Desistiu,14.0,,,0.5979327555739847,False
PR-005503,2025-05-05,Correspondente,Campinas,SP,Apartamento,728195.95,366103.74,240.0,811.0,29.0,2299.75,0.0,CONS-012,2.0,Desistiu,18.0,,,0.5027544303150822,False
PR-005504,2025-07-02,Parceria,Santos,SP,Sala comercial,735106.38,274022.41,60.0,819.0,42.0,8261.48,0.0,CONS-015,6.0,Contratada,38.0,2025-03-17,1.3,0.3727656533194556,True
PR-005505,2025-05-17,Organico,Belo Horizonte,MG,Apartamento,484148.93,314067.58,120.0,741.0,41.0,4010.24,0.0,CONS-010,6.0,Contratada,12.0,2025-05-29,1.32,0.6487003492912812,True
PR-005506,2024-09-23,Indicação,Curitiba,PR,Apartamento,1236409.11,441409.7,240.0,704.0,29.0,5590.62,1.0,CONS-006,4.0,Sem retorno,39.0,,,0.35700942061159674,False
PR-005507,2025-08-26,Mídia paga,Campinas,SP,Apartamento,1362795.87,369156.58,84.0,578.0,57.0,7059.59,0.0,CONS-002,3.0,Reprovada crédito,28.0,,,0.27088178657306905,False
PR-005508,2025-08-06,Mídia paga,São Paulo,SP,Casa,771662.25,325127.83,84.0,633.0,53.0,2454.87,0.0,CONS-006,3.0,Sem retorno,23.0,,,0.4213343726481372,False
PR-005509,2025-08-13,Indicação,Brasília,DF,Sala comercial,648613.67,308348.23,84.0,598.0,46.0,15312.04,0.0,CONS-027,4.0,Problema garantia,21.0,,,0.4753958238345485,False
PR-005510,2025-04-07,Organico,São Paulo,SP,Apartamento,178783.84,69973.94,84.0,719.0,46.0,4269.76,1.0,CONS-001,6.0,Contratada,17.0,2025-07-21,1.39,0.3913885058067888,True
PR-005511,2024-10-28,Parceria,Florianópolis,SC,Sala comercial,1034755.42,326881.02,180.0,657.0,25.0,3425.99,1.0,CONS-027,5.0,Desistiu,42.0,,,0.31590172294047997,False
PR-005512,2024-04-11,Correspondente,Campinas,SP,Apartamento,769324.8,441279.96,60.0,663.0,48.0,6944.85,0.0,CONS-011,2.0,Sem retorno,20.0,,,0.5735938318899898,False
PR-005513,2024-11-16,Organico,Campinas,SP,Casa,895300.84,408498.88,84.0,634.0,40.0,3046.0,0.0,CONS-003,5.0,Desistiu,27.0,,,0.45626996172593787,False
PR-005514,2025-04-03,Indicação,Santos,SP,Casa,2619085.99,1407545.03,60.0,589.0,32.0,10196.49,1.0,CONS-012,6.0,Contratada,28.0,2025-01-04,1.42,0.537418410611253,True
PR-005515,2025-02-08,Mídia paga,Florianópolis,SC,Imóvel rural,774009.16,324921.95,240.0,726.0,40.0,9099.62,0.0,CONS-012,4.0,Problema garantia,23.0,,,0.41979083296636954,False
PR-005516,2025-08-02,Parceria,São Paulo,SP,Apartamento,1114615.3,556235.51,180.0,655.0,29.0,4255.75,0.0,CONS-023,2.0,Reprovada crédito,18.0,,,0.49903810758743394,False
PR-005517,2024-06-28,Correspondente,Salvador,BA,Casa,500062.28,249848.43,240.0,584.0,49.0,2464.09,0.0,CONS-026,3.0,Desistiu,26.0,,,0.4996346255110463,False
PR-005518,2024-09-18,Mídia paga,Porto Alegre,RS,Apartamento,778286.38,386040.18,60.0,675.0,48.0,3002.84,0.0,CONS-026,3.0,Sem retorno,8.0,,,0.4960130228669812,False
PR-005519,2025-01-12,Organico,Florianópolis,SC,Sala comercial,1617774.19,703060.45,180.0,570.0,44.0,4699.95,0.0,CONS-013,3.0,Desistiu,27.0,,,0.4345850331559561,False
PR-005520,2024-08-31,Correspondente,Belo Horizonte,MG,Apartamento,1151653.1,667123.04,240.0,607.0,27.0,4920.13,0.0,CONS-008,3.0,Desistiu,30.0,,,0.579274297095193,False
PR-005521,2025-04-30,Indicação,Porto Alegre,RS,Casa,797001.36,231233.06,84.0,742.0,63.0,9034.15,0.0,CONS-013,2.0,Desistiu,26.0,,,0.2901288148366522,False
PR-005522,2024-12-06,Parceria,Recife,PE,Apartamento,449569.55,234638.96,84.0,576.0,68.0,8738.79,1.0,CONS-005,2.0,Sem retorno,26.0,,,0.5219191557791225,False
PR-005523,2024-11-20,Organico,Salvador,BA,Imóvel rural,499205.61,226686.62,240.0,480.0,57.0,2978.68,0.0,CONS-027,2.0,Reprovada crédito,24.0,,,0.4540946965720197,False
PR-005524,2025-10-03,Organico,Florianópolis,SC,Apartamento,629668.03,253759.9,60.0,640.0,32.0,1800.0,0.0,CONS-027,4.0,Sem retorno,34.0,,,0.4030058505590636,False
PR-005525,2024-07-31,Indicação,Porto Alegre,RS,Apartamento,830369.11,312795.98,180.0,481.0,44.0,4181.08,0.0,CONS-023,3.0,Desistiu,21.0,,,0.37669510610769225,False
PR-005526,2024-04-07,Organico,Porto Alegre,RS,Casa,724733.59,443189.46,120.0,730.0,34.0,6385.32,0.0,CONS-008,5.0,Desistiu,41.0,,,0.6115205174911239,False
PR-005527,2025-02-20,Mídia paga,São Paulo,SP,Sala comercial,616047.48,294782.79,84.0,743.0,42.0,4650.44,0.0,CONS-029,4.0,Sem retorno,45.0,,,0.47850660796469774,False
PR-005528,2024-07-08,Mídia paga,Rio de Janeiro,RJ,Casa,846743.19,250333.71,84.0,755.0,35.0,7447.65,1.0,CONS-026,4.0,Problema garantia,47.0,,,0.295643015446041,False
PR-005529,2024-06-11,Mídia paga,Santos,SP,Apartamento,344457.26,186470.38,180.0,630.0,38.0,6139.39,0.0,CONS-024,4.0,Problema garantia,42.0,,,0.5413454778105127,False
PR-005530,2024-10-24,Indicação,Porto Alegre,RS,Casa,749629.33,242796.94,120.0,652.0,40.0,5091.73,0.0,CONS-018,3.0,Reprovada crédito,38.0,,,0.32388932807631743,False
PR-005531,2024-09-10,Correspondente,Florianópolis,SC,Apartamento,605712.28,324517.79,60.0,587.0,34.0,14888.88,0.0,CONS-006,3.0,Reprovada crédito,50.0,,,0.5357622764392361,False
PR-005532,2025-01-02,Correspondente,Brasília,DF,Sala comercial,714754.12,333911.92,120.0,644.0,32.0,10462.41,0.0,CONS-018,4.0,Problema garantia,41.0,,,0.46717033264530183,False
PR-005533,2025-03-24,Correspondente,Rio de Janeiro,RJ,Apartamento,468227.04,226287.78,120.0,626.0,26.0,3264.63,0.0,CONS-011,3.0,Sem retorno,32.0,,,0.48328644155194456,False
PR-005534,2025-08-08,Mídia paga,São Paulo,SP,Sala comercial,711257.61,399153.59,240.0,612.0,40.0,5233.17,0.0,CONS-022,2.0,Sem retorno,51.0,,,0.561194122056564,False
PR-005535,2024-05-09,Organico,Brasília,DF,Apartamento,1203663.11,798672.32,120.0,763.0,57.0,4737.7,0.0,CONS-024,5.0,Desistiu,31.0,,,0.6635347659695244,False
PR-005536,2025-07-31,Correspondente,Salvador,BA,Casa,619661.68,368786.78,60.0,739.0,40.0,10607.36,0.0,CONS-003,3.0,Reprovada crédito,26.0,,,0.5951421427253659,False
PR-005537,2025-07-03,Correspondente,Porto Alegre,RS,Apartamento,315571.29,130180.38,120.0,707.0,48.0,18406.56,0.0,CONS-014,5.0,Documentação pendente,18.0,,,0.4125228882513362,False
PR-005539,2024-12-20,Correspondente,Salvador,BA,Imóvel rural,844173.6,448775.04,180.0,516.0,40.0,3958.68,0.0,CONS-006,2.0,Desistiu,26.0,,,0.5316146347149449,False
PR-005541,2025-01-20,Indicação,Santos,SP,Casa,512629.83,179406.56,120.0,728.0,31.0,9277.49,0.0,CONS-002,2.0,Desistiu,13.0,,,0.3499729229569024,False
PR-005542,2024-09-04,Correspondente,Belo Horizonte,MG,Sala comercial,454793.99,226645.81,240.0,644.0,49.0,2428.42,0.0,CONS-027,6.0,Contratada,39.0,2024-05-18,1.09,0.49834829611534665,True
PR-005543,2024-05-30,Organico,Brasília,DF,Casa,1230124.96,704512.96,240.0,706.0,21.0,9650.22,0.0,CONS-026,3.0,Desistiu,13.0,,,0.5727165799481054,False
PR-005544,2024-06-12,Correspondente,Curitiba,PR,Apartamento,729350.08,365984.82,60.0,559.0,43.0,8617.19,0.0,CONS-022,4.0,Sem retorno,35.0,,,0.5017958179973052,False
PR-005545,2024-12-06,Correspondente,Campinas,SP,Sala comercial,1153545.6,483745.18,120.0,677.0,44.0,6025.44,0.0,CONS-028,5.0,Desistiu,33.0,,,0.41935505627172426,False
PR-005546,2025-01-25,Parceria,Belo Horizonte,MG,Sala comercial,623638.1,325789.28,84.0,754.0,51.0,6153.02,0.0,CONS-019,4.0,Problema garantia,26.0,,,0.522401181069598,False
PR-005547,2024-11-13,Correspondente,Recife,PE,Sala comercial,561456.16,275619.59,60.0,614.0,52.0,2435.86,0.0,CONS-002,5.0,Desistiu,32.0,,,0.4909013555038741,False
PR-005548,2025-05-08,Correspondente,Salvador,BA,Apartamento,266276.61,141411.25,240.0,680.0,35.0,4783.66,0.0,CONS-016,2.0,Sem retorno,19.0,,,0.5310689887482044,False
PR-005549,2025-06-07,Indicação,Santos,SP,Apartamento,1096405.19,762267.76,60.0,543.0,31.0,4813.06,0.0,CONS-019,5.0,Documentação pendente,42.0,,,0.6952427505382386,False
PR-005550,2025-06-16,Correspondente,São Paulo,SP,Casa,627887.06,381360.04,84.0,546.0,42.0,4180.5,1.0,CONS-001,2.0,Desistiu,26.0,,,0.6073704401552724,False
PR-005551,2025-08-15,Organico,Goiânia,GO,Sala comercial,1080677.75,564666.42,180.0,522.0,34.0,2864.64,0.0,CONS-003,4.0,Sem retorno,31.0,,,0.5225113776979308,False
PR-005552,2024-12-26,Indicação,Recife,PE,Sala comercial,1940045.17,1295421.46,60.0,594.0,44.0,8551.87,0.0,CONS-021,4.0,Problema garantia,33.0,,,0.6677274735824836,False
PR-005554,2024-08-07,Organico,Belo Horizonte,MG,Apartamento,1096244.32,451180.77,180.0,817.0,32.0,4092.54,0.0,CONS-019,1.0,Sem retorno,19.0,,,0.41156953953476355,False
PR-005555,2025-10-31,Correspondente,Salvador,BA,Apartamento,618833.56,316706.33,180.0,597.0,27.0,12915.14,0.0,CONS-027,6.0,Contratada,28.0,2025-11-28,1.51,0.5117795001292431,True
PR-005556,2025-10-17,Mídia paga,Curitiba,PR,Apartamento,706826.35,450344.58,180.0,779.0,31.0,4986.5,1.0,CONS-002,3.0,Reprovada crédito,24.0,,,0.6371360943179326,False
PR-005557,2024-11-14,Organico,Campinas,SP,Apartamento,513986.71,241704.6,120.0,785.0,47.0,6046.11,0.0,CONS-011,2.0,Desistiu,15.0,,,0.4702545713681974,False
PR-005559,2024-12-06,Indicação,Rio de Janeiro,RJ,Sala comercial,598302.0,167706.11,180.0,602.0,50.0,10443.09,0.0,CONS-015,4.0,Problema garantia,29.0,,,0.2803034420744039,False
PR-005560,2024-03-09,Parceria,Porto Alegre,RS,Casa,824979.38,459991.97,84.0,680.0,30.0,8123.75,0.0,CONS-003,6.0,Contratada,13.0,2024-09-16,1.18,0.5575799603621607,True
PR-005561,2025-11-01,Correspondente,Goiânia,GO,Casa,719228.99,439743.98,120.0,567.0,44.0,4650.89,0.0,CONS-025,3.0,Reprovada crédito,33.0,,,0.6114102547507158,False
PR-005562,2025-10-02,Correspondente,Curitiba,PR,Apartamento,1416974.4,771240.37,60.0,662.0,49.0,6011.9,0.0,CONS-002,4.0,Problema garantia,21.0,,,0.5442867351731973,False
PR-005563,2024-06-11,Correspondente,Santos,SP,Casa,1045991.24,679011.75,180.0,695.0,51.0,2877.77,0.0,CONS-030,3.0,Reprovada crédito,27.0,,,0.6491562491479375,False
PR-005564,2024-03-09,Mídia paga,Florianópolis,SC,Apartamento,496682.3,276838.15,120.0,564.0,38.0,1936.23,1.0,CONS-016,3.0,Desistiu,36.0,,,0.5573747041116626,False
PR-005565,2024-06-27,Mídia paga,Belo Horizonte,MG,Apartamento,731521.88,340802.05,240.0,763.0,39.0,6715.8,0.0,CONS-007,3.0,Sem retorno,23.0,,,0.4658808701661801,False
PR-005566,2025-07-22,Indicação,Curitiba,PR,Apartamento,865673.51,427476.99,84.0,684.0,35.0,12599.34,0.0,CONS-023,5.0,Desistiu,27.0,,,0.4938085606893527,False
PR-005567,2025-02-19,Mídia paga,Porto Alegre,RS,Casa,449345.35,151523.2,180.0,733.0,24.0,5834.77,0.0,CONS-030,6.0,Contratada,40.0,2025-03-31,1.3,0.3372087860706693,True
PR-005568,2025-01-15,Indicação,Recife,PE,Apartamento,1369700.99,449861.9,84.0,749.0,49.0,5303.44,0.0,CONS-016,5.0,Desistiu,30.0,,,0.3284380337638509,False
PR-005569,2025-07-01,Mídia paga,Goiânia,GO,Casa,1158846.42,688082.97,180.0,714.0,32.0,7437.75,0.0,CONS-004,3.0,Desistiu,16.0,,,0.5937654534066732,False
PR-005571,2024-10-08,Correspondente,Salvador,BA,Apartamento,552026.39,312846.77,84.0,661.0,46.0,6767.42,0.0,CONS-018,6.0,Contratada,37.0,2024-09-16,1.3,0.5667243009885814,True
PR-005572,2024-12-31,Parceria,São Paulo,SP,Casa,498789.59,216187.0,240.0,671.0,58.0,1877.67,1.0,CONS-027,6.0,Contratada,48.0,2025-02-17,1.33,0.43342323964700225,True
PR-005573,2024-10-23,Indicação,Goiânia,GO,Apartamento,1300558.68,563694.3,120.0,749.0,25.0,6341.59,0.0,CONS-022,6.0,Contratada,55.0,2024-12-17,1.39,0.43342473405352233,True
PR-005574,2025-01-15,Indicação,Goiânia,GO,Apartamento,484057.96,189381.43,120.0,637.0,43.0,15153.7,1.0,CONS-005,6.0,Contratada,59.0,2025-03-15,1.31,0.39123709483054464,True
PR-005575,2024-11-19,Correspondente,Belo Horizonte,MG,Casa,649833.31,338105.09,120.0,731.0,44.0,2381.68,1.0,CONS-015,2.0,Desistiu,33.0,,,0.520295104601517,False
PR-005576,2025-04-05,Indicação,Porto Alegre,RS,Sala comercial,676550.48,342628.22,180.0,837.0,31.0,10788.95,1.0,CONS-018,6.0,Contratada,37.0,2025-10-06,1.47,0.5064340801295418,True
PR-005577,2025-02-25,Indicação,Florianópolis,SC,Sala comercial,1275188.12,817369.37,60.0,842.0,29.0,3050.71,1.0,CONS-010,6.0,Contratada,37.0,2025-03-04,1.32,0.6409794423116174,True
PR-005578,2024-11-16,Mídia paga,Salvador,BA,Casa,866840.7,400985.46,120.0,703.0,59.0,3125.88,1.0,CONS-004,6.0,Contratada,31.0,2024-12-17,1.32,0.462582640616667,True
PR-005579,2025-10-04,Mídia paga,Santos,SP,Casa,680028.83,327022.6,240.0,721.0,49.0,7100.3,0.0,CONS-028,4.0,Sem retorno,27.0,,,0.48089519969322475,False
PR-005580,2025-10-02,Indicação,Porto Alegre,RS,Casa,432537.81,300137.5,60.0,683.0,28.0,4670.14,1.0,CONS-029,3.0,Desistiu,37.0,,,0.6938988755688202,False
PR-005581,2025-01-08,Organico,Curitiba,PR,Apartamento,599194.31,207186.79,240.0,588.0,21.0,6535.92,0.0,CONS-011,4.0,Sem retorno,51.0,,,0.3457756299454846,False
PR-005582,2024-06-25,Correspondente,Rio de Janeiro,RJ,Apartamento,482805.27,312703.23,240.0,818.0,33.0,6551.8,0.0,CONS-002,3.0,Desistiu,18.0,,,0.6476798192364387,False
PR-005583,2024-11-27,Organico,Goiânia,GO,Sala comercial,430005.13,265765.94,180.0,762.0,35.0,2964.12,0.0,CONS-024,3.0,Reprovada crédito,29.0,,,0.6180529520659439,False
PR-005584,2024-08-31,Organico,Campinas,SP,Apartamento,419807.23,162782.65,240.0,664.0,36.0,8116.19,0.0,CONS-025,5.0,Documentação pendente,19.0,,,0.38775570873326787,False
PR-005585,2025-05-23,Parceria,Campinas,SP,Casa,478783.84,202438.7,84.0,694.0,27.0,5942.08,0.0,CONS-017,6.0,Contratada,9.0,2025-01-06,1.55,0.4228185729911018,True
PR-005586,2024-11-28,Mídia paga,Salvador,BA,Apartamento,294988.02,130699.18,84.0,668.0,56.0,8991.51,0.0,CONS-002,3.0,Reprovada crédito,41.0,,,0.4430660607844345,False
PR-005587,2024-08-09,Indicação,Florianópolis,SC,Apartamento,1198409.5,608459.4,120.0,716.0,54.0,4391.88,0.0,CONS-022,3.0,Reprovada crédito,27.0,,,0.5077224437890387,False
PR-005588,2025-01-24,Correspondente,Recife,PE,Casa,982315.14,282063.71,240.0,728.0,36.0,1800.0,0.0,CONS-004,3.0,Desistiu,26.0,,,0.28714177203865554,False
PR-005589,2024-09-15,Mídia paga,Porto Alegre,RS,Imóvel rural,676573.8,403728.17,120.0,703.0,21.0,5330.31,0.0,CONS-010,3.0,Reprovada crédito,29.0,,,0.5967245110585127,False
PR-005590,2024-08-17,Organico,Rio de Janeiro,RJ,Casa,457518.01,163703.54,120.0,660.0,37.0,4127.91,0.0,CONS-030,5.0,Documentação pendente,35.0,,,0.3578078598479653,False
PR-005591,2024-08-12,Parceria,Belo Horizonte,MG,Imóvel rural,503509.83,306584.67,84.0,687.0,34.0,5586.47,0.0,CONS-001,3.0,Reprovada crédito,52.0,,,0.6088951033984777,False
PR-005592,2025-06-26,Organico,Belo Horizonte,MG,Apartamento,761394.69,482754.9,240.0,791.0,42.0,3482.13,0.0,CONS-011,2.0,Desistiu,38.0,,,0.6340402767978327,False
PR-005593,2025-11-04,Indicação,Porto Alegre,RS,Casa,843426.69,475655.0,60.0,822.0,31.0,2849.86,0.0,CONS-006,2.0,Reprovada crédito,36.0,,,0.5639553569261604,False
PR-005594,2024-10-19,Mídia paga,Goiânia,GO,Apartamento,1452802.01,613040.81,240.0,802.0,35.0,21629.09,0.0,CONS-014,6.0,Contratada,16.0,2024-04-11,1.51,0.42197133937060016,True
PR-005595,2025-08-28,Organico,Salvador,BA,Apartamento,1048043.78,482180.71,120.0,712.0,54.0,2250.14,0.0,CONS-020,4.0,Problema garantia,41.0,,,0.4600768777044791,False
PR-005596,2025-01-26,Mídia paga,Belo Horizonte,MG,Apartamento,1053334.43,328231.05,240.0,606.0,25.0,2973.41,0.0,CONS-014,3.0,Sem retorno,31.0,,,0.3116114318982244,False
PR-005597,2024-05-06,Parceria,Porto Alegre,RS,Casa,1231044.8,661982.12,60.0,712.0,41.0,8410.06,1.0,CONS-003,4.0,Sem retorno,35.0,,,0.5377400724977677,False
PR-005598,2025-07-28,Correspondente,Goiânia,GO,Apartamento,853893.6,269925.48,180.0,694.0,34.0,6892.02,0.0,CONS-011,4.0,Problema garantia,40.0,,,0.3161113750003513,False
PR-005599,2025-06-19,Organico,Recife,PE,Casa,1266514.33,404880.1,84.0,755.0,21.0,1875.19,0.0,CONS-020,4.0,Problema garantia,49.0,,,0.31968063085397536,False
PR-005600,2024-12-07,Organico,Porto Alegre,RS,Apartamento,1039265.7,475811.14,120.0,771.0,44.0,13227.85,0.0,CONS-030,6.0,Contratada,49.0,2024-08-30,1.41,0.4578339687338859,True
PR-005601,2025-10-09,Correspondente,Curitiba,PR,Apartamento,1199966.7,362262.39,60.0,611.0,34.0,4720.34,0.0,CONS-009,3.0,Sem retorno,22.0,,,0.3018937025502458,False
PR-005602,2025-07-14,Organico,Recife,PE,Casa,469140.83,237153.96,60.0,642.0,42.0,1890.16,0.0,CONS-026,3.0,Reprovada crédito,28.0,,,0.5055069711156882,False
PR-005603,2025-02-23,Correspondente,Brasília,DF,Apartamento,663517.06,419435.58,60.0,634.0,45.0,2102.4,0.0,CONS-015,3.0,Sem retorno,29.0,,,0.6321398578659002,False
PR-005604,2024-05-18,Correspondente,Goiânia,GO,Casa,912594.79,515938.85,180.0,742.0,71.0,10634.57,0.0,CONS-018,2.0,Reprovada crédito,33.0,,,0.5653537097225813,False
PR-005605,2024-11-29,Organico,Santos,SP,Apartamento,444716.47,282749.22,120.0,663.0,27.0,4757.37,1.0,CONS-021,2.0,Reprovada crédito,30.0,,,0.6357966009219312,False
PR-005606,2025-12-06,Indicação,Porto Alegre,RS,Apartamento,881507.15,589368.96,240.0,679.0,43.0,11956.53,0.0,CONS-003,3.0,Reprovada crédito,17.0,,,0.6685923761367109,False
PR-005607,2024-12-09,Mídia paga,Porto Alegre,RS,Casa,1597781.82,804855.13,60.0,643.0,34.0,6238.05,0.0,CONS-010,3.0,Desistiu,24.0,,,0.503732812531313,False
PR-005608,2025-05-14,Parceria,Salvador,BA,Apartamento,424087.35,284278.69,60.0,724.0,51.0,2545.82,1.0,CONS-002,2.0,Desistiu,9.0,,,0.6703305109195076,False
PR-005609,2024-10-16,Organico,Santos,SP,Apartamento,476700.62,233044.13,240.0,688.0,61.0,6416.36,0.0,CONS-013,6.0,Contratada,9.0,2024-10-25,1.33,0.4888689467196414,True
PR-005610,2025-05-26,Correspondente,Santos,SP,Casa,524831.59,240081.4,180.0,623.0,39.0,2466.27,0.0,CONS-009,4.0,Sem retorno,32.0,,,0.45744464429056186,False
PR-005611,2024-05-11,Parceria,Belo Horizonte,MG,Apartamento,413696.2,243081.1,240.0,674.0,41.0,7571.01,0.0,CONS-027,4.0,Sem retorno,30.0,,,0.5875835939513102,False
PR-005612,2025-05-22,Indicação,Curitiba,PR,Sala comercial,1118496.79,435621.29,240.0,562.0,57.0,8684.77,0.0,CONS-015,6.0,Contratada,56.0,2025-07-17,1.19,0.3894703086273497,True
PR-005613,2024-10-05,Organico,São Paulo,SP,Apartamento,964330.21,342197.62,60.0,677.0,38.0,9023.37,0.0,CONS-006,6.0,Contratada,38.0,2024-06-17,1.03,0.3548552315912617,True
PR-005614,2025-05-14,Organico,Belo Horizonte,MG,Sala comercial,589618.37,270350.18,60.0,664.0,35.0,12978.49,0.0,CONS-026,4.0,Sem retorno,30.0,,,0.45851722699888064,False
PR-005615,2025-03-03,Indicação,Recife,PE,Apartamento,914236.32,575490.76,60.0,691.0,47.0,3295.62,0.0,CONS-029,3.0,Desistiu,64.0,,,0.629477026246343,False
PR-005616,2024-12-12,Parceria,Recife,PE,Casa,599368.58,240774.54,180.0,668.0,30.0,3782.67,0.0,CONS-030,6.0,Contratada,36.0,2025-01-17,1.18,0.40171365005486276,True
PR-005617,2024-09-25,Mídia paga,Florianópolis,SC,Apartamento,347774.95,194353.12,120.0,463.0,54.0,17363.86,0.0,CONS-021,3.0,Reprovada crédito,42.0,,,0.5588473810434017,False
PR-005618,2025-10-10,Indicação,Recife,PE,Sala comercial,602012.96,290712.49,240.0,699.0,55.0,7303.94,0.0,CONS-014,2.0,Sem retorno,16.0,,,0.4829007169546649,False
PR-005619,2024-05-09,Indicação,Campinas,SP,Apartamento,373422.1,203201.78,180.0,573.0,31.0,3202.51,0.0,CONS-001,2.0,Reprovada crédito,12.0,,,0.5441610981246155,False
PR-005620,2025-08-05,Correspondente,Brasília,DF,Sala comercial,499352.09,259311.92,84.0,719.0,62.0,2098.81,0.0,CONS-030,4.0,Sem retorno,42.0,,,0.5192967551212212,False
PR-005621,2025-11-08,Organico,Curitiba,PR,Casa,791329.3,531843.58,240.0,653.0,70.0,4138.24,0.0,CONS-006,4.0,Sem retorno,38.0,,,0.6720888257265337,False
PR-005622,2024-09-27,Correspondente,Salvador,BA,Apartamento,338769.09,178984.68,240.0,491.0,52.0,14415.69,0.0,CONS-014,4.0,Problema garantia,40.0,,,0.5283382849362083,False
PR-005623,2025-02-28,Indicação,Rio de Janeiro,RJ,Casa,1031253.63,447004.49,120.0,590.0,55.0,3399.79,0.0,CONS-006,3.0,Desistiu,23.0,,,0.43345737362398423,False
PR-005624,2024-10-21,Indicação,Belo Horizonte,MG,Sala comercial,348085.2,188890.45,240.0,651.0,44.0,3389.5,0.0,CONS-022,6.0,Contratada,45.0,2024-05-12,1.33,0.542655792317513,True
PR-005625,2025-04-15,Correspondente,Goiânia,GO,Apartamento,604322.68,223288.85,240.0,653.0,27.0,9994.38,0.0,CONS-015,5.0,Desistiu,24.0,,,0.3694861328057388,False
PR-005626,2025-02-17,Indicação,Santos,SP,Apartamento,837166.62,445104.66,120.0,606.0,50.0,3475.87,0.0,CONS-008,3.0,Reprovada crédito,25.0,,,0.5316798942604759,False
PR-005627,2025-07-26,Mídia paga,Porto Alegre,RS,Apartamento,551495.32,214675.85,60.0,595.0,34.0,3332.33,0.0,CONS-026,3.0,Sem retorno,38.0,,,0.3892614174858275,False
PR-005629,2025-07-07,Mídia paga,Belo Horizonte,MG,Casa,784123.48,488212.15,120.0,664.0,36.0,5048.66,1.0,CONS-029,2.0,Reprovada crédito,41.0,,,0.6226215161928323,False
PR-005630,2024-05-09,Correspondente,Recife,PE,Casa,619000.84,293165.77,240.0,764.0,31.0,3977.21,1.0,CONS-014,4.0,Sem retorno,13.0,,,0.4736112635969929,False
PR-005631,2024-10-18,Parceria,Salvador,BA,Sala comercial,528227.28,227642.85,120.0,670.0,51.0,4124.71,0.0,CONS-019,6.0,Contratada,51.0,2024-08-12,1.13,0.43095625428508727,True
PR-005632,2024-06-08,Parceria,Salvador,BA,Sala comercial,457708.07,246615.7,120.0,579.0,45.0,18233.34,0.0,CONS-006,2.0,Desistiu,15.0,,,0.5388056627448147,False
PR-005633,2024-04-27,Parceria,Campinas,SP,Imóvel rural,997679.2,367582.39,120.0,641.0,49.0,3288.51,0.0,CONS-009,3.0,Desistiu,49.0,,,0.36843745965637054,False
PR-005634,2024-09-24,Correspondente,Campinas,SP,Apartamento,1373545.46,515927.87,84.0,728.0,39.0,2232.38,0.0,CONS-013,3.0,Desistiu,50.0,,,0.37561761516069514,False
PR-005635,2024-10-17,Parceria,Porto Alegre,RS,Apartamento,269437.43,147909.08,84.0,743.0,37.0,2696.66,0.0,CONS-023,2.0,Reprovada crédito,24.0,,,0.5489552064091466,False
PR-005636,2025-06-02,Correspondente,Brasília,DF,Apartamento,514852.67,175452.3,240.0,598.0,48.0,4443.58,0.0,CONS-002,4.0,Sem retorno,39.0,,,0.34078156766672685,False
PR-005638,2025-05-12,Indicação,Campinas,SP,Sala comercial,1053990.91,337914.02,84.0,892.0,33.0,2417.78,0.0,CONS-005,6.0,Contratada,51.0,2026-01-25,1.33,0.3206043019858682,True
PR-005640,2024-10-31,Correspondente,Goiânia,GO,Casa,1267446.34,693446.4,60.0,591.0,47.0,4557.49,0.0,CONS-023,5.0,Documentação pendente,29.0,,,0.5471209140104503,False
PR-005641,2025-03-21,Indicação,Salvador,BA,Apartamento,224876.96,110122.51,60.0,576.0,32.0,2256.2,0.0,CONS-005,3.0,Reprovada crédito,22.0,,,0.48970116814101367,False
PR-005642,2024-10-12,Organico,Recife,PE,Apartamento,549766.29,302980.2,60.0,671.0,35.0,5513.13,0.0,CONS-003,4.0,Sem retorno,32.0,,,0.5511072714189151,False
PR-005643,2024-10-10,Mídia paga,Santos,SP,Imóvel rural,2008331.16,936449.87,84.0,794.0,59.0,2802.99,0.0,CONS-021,5.0,Documentação pendente,56.0,,,0.4662825975373504,False
PR-005645,2025-08-14,Mídia paga,Campinas,SP,Apartamento,731523.0,389830.95,120.0,789.0,25.0,4503.51,0.0,CONS-013,6.0,Contratada,43.0,2025-09-26,1.44,0.5329032033169155,True
PR-005646,2025-06-15,Mídia paga,Campinas,SP,Apartamento,467625.74,231351.83,120.0,640.0,44.0,8750.62,0.0,CONS-026,4.0,Problema garantia,12.0,,,0.4947371588227799,False
PR-005647,2025-07-22,Mídia paga,Salvador,BA,Casa,555888.1,303729.26,180.0,673.0,36.0,16716.2,0.0,CONS-020,1.0,Sem retorno,7.0,,,0.5463856125000698,False
PR-005648,2025-08-29,Indicação,Porto Alegre,RS,Apartamento,371101.08,224466.88,120.0,669.0,59.0,4130.24,0.0,CONS-023,2.0,Sem retorno,17.0,,,0.6048672237763361,False
PR-005649,2025-10-07,Indicação,Porto Alegre,RS,Casa,768792.88,457544.28,180.0,817.0,59.0,2186.99,0.0,CONS-025,3.0,Sem retorno,20.0,,,0.5951463546332532,False
PR-005650,2025-04-06,Correspondente,Porto Alegre,RS,Apartamento,419153.49,200367.33,240.0,687.0,50.0,6247.76,0.0,CONS-014,6.0,Contratada,19.0,2025-06-23,1.26,0.47802853794680317,True
PR-005651,2025-02-13,Organico,Campinas,SP,Apartamento,716429.07,478203.58,84.0,766.0,60.0,4279.93,1.0,CONS-005,6.0,Contratada,57.0,2025-11-04,1.53,0.6674820997981001,True
PR-005652,2025-03-18,Indicação,Goiânia,GO,Casa,510510.26,250091.6,180.0,738.0,27.0,3017.29,0.0,CONS-006,5.0,Documentação pendente,45.0,,,0.48988555097795683,False
PR-005653,2024-04-21,Parceria,Salvador,BA,Apartamento,1139282.5,551731.93,240.0,820.0,57.0,5753.4,0.0,CONS-006,3.0,Reprovada crédito,29.0,,,0.48428017633905557,False
PR-005654,2025-02-11,Organico,Curitiba,PR,Apartamento,1114120.43,592553.36,240.0,550.0,34.0,4555.1,1.0,CONS-030,4.0,Problema garantia,32.0,,,0.5318575479313309,False
PR-005655,2024-06-09,Organico,Belo Horizonte,MG,Apartamento,545958.22,295009.86,120.0,622.0,27.0,4286.2,0.0,CONS-004,2.0,Desistiu,14.0,,,0.5403524467494967,False
PR-005656,2025-09-19,Indicação,São Paulo,SP,Sala comercial,362103.17,214192.17,60.0,749.0,29.0,2350.1,0.0,CONS-023,4.0,Sem retorno,25.0,,,0.5915224934374367,False
PR-005657,2024-10-09,Parceria,Porto Alegre,RS,Apartamento,1203604.47,720512.63,180.0,806.0,51.0,7821.61,0.0,CONS-016,6.0,Contratada,20.0,2024-09-30,1.71,0.5986290745497148,True
PR-005658,2025-08-08,Correspondente,Curitiba,PR,Apartamento,696271.88,320882.95,60.0,736.0,40.0,5627.41,0.0,CONS-029,4.0,Sem retorno,41.0,,,0.46085869502585686,False
PR-005659,2025-06-02,Correspondente,Santos,SP,Casa,1286643.7,715370.45,180.0,626.0,21.0,4178.64,0.0,CONS-024,5.0,Documentação pendente,12.0,,,0.5559973207811921,False
PR-005661,2024-03-04,Organico,Recife,PE,Apartamento,648925.55,407970.8,120.0,612.0,37.0,1800.0,0.0,CONS-013,4.0,Problema garantia,29.0,,,0.6286866035710875,False
PR-005662,2025-02-01,Indicação,Campinas,SP,Casa,574079.48,180976.74,180.0,535.0,46.0,3443.11,0.0,CONS-014,3.0,Desistiu,25.0,,,0.3152468365530153,False
PR-005663,2024-05-12,Mídia paga,Recife,PE,Apartamento,508617.34,237834.21,240.0,593.0,21.0,2025.4,0.0,CONS-023,3.0,Reprovada crédito,36.0,,,0.4676093229538733,False
PR-005664,2025-06-03,Organico,Santos,SP,Casa,991842.1,331337.73,84.0,719.0,23.0,5674.19,0.0,CONS-030,2.0,Desistiu,8.0,,,0.33406298240415483,False
PR-005666,2024-06-08,Correspondente,Belo Horizonte,MG,Apartamento,563092.8,252475.21,120.0,717.0,37.0,5327.99,1.0,CONS-024,6.0,Contratada,27.0,2024-02-09,1.13,0.44837229316375554,True
PR-005667,2025-06-15,Indicação,Campinas,SP,Apartamento,670300.09,327290.83,120.0,623.0,21.0,4064.93,0.0,CONS-003,3.0,Desistiu,39.0,,,0.4882750798974233,False
PR-005669,2025-09-04,Organico,Belo Horizonte,MG,Casa,424273.01,186455.2,84.0,779.0,55.0,3654.41,0.0,CONS-024,5.0,Documentação pendente,43.0,,,0.43946985927763826,False
PR-005670,2025-06-21,Mídia paga,Belo Horizonte,MG,Apartamento,821062.45,460532.93,120.0,634.0,29.0,10880.65,0.0,CONS-011,6.0,Contratada,33.0,2025-07-24,1.3,0.5608987842520383,True
PR-005671,2025-06-30,Organico,Rio de Janeiro,RJ,Casa,585301.18,357631.98,240.0,647.0,21.0,6934.99,0.0,CONS-018,6.0,Contratada,40.0,2025-09-08,1.43,0.611022140772038,True
PR-005673,2024-05-16,Mídia paga,Rio de Janeiro,RJ,Apartamento,624165.83,347894.15,180.0,693.0,43.0,5452.45,1.0,CONS-018,6.0,Contratada,51.0,2024-06-07,1.33,0.5573745522083451,True
PR-005674,2024-07-09,Correspondente,São Paulo,SP,Sala comercial,852004.73,503097.29,240.0,499.0,22.0,8823.04,0.0,CONS-005,1.0,Desistiu,13.0,,,0.5904864988249537,False
PR-005675,2025-11-19,Correspondente,Santos,SP,Apartamento,1423455.68,903406.7,60.0,782.0,46.0,4328.68,0.0,CONS-013,1.0,Sem retorno,28.0,,,0.6346574134292682,False
PR-005676,2025-08-02,Indicação,Belo Horizonte,MG,Casa,646395.19,287121.2,84.0,762.0,51.0,6415.87,0.0,CONS-011,3.0,Reprovada crédito,32.0,,,0.44418833005239416,False
PR-005677,2025-01-06,Correspondente,Campinas,SP,Apartamento,635235.63,268238.04,180.0,725.0,53.0,11119.11,0.0,CONS-030,5.0,Documentação pendente,39.0,,,0.4222654198411383,False
PR-005678,2024-11-20,Mídia paga,Rio de Janeiro,RJ,Apartamento,1039404.14,357138.37,240.0,714.0,61.0,7789.91,0.0,CONS-011,5.0,Documentação pendente,40.0,,,0.3435991413311092,False
PR-005679,2025-05-25,Correspondente,Salvador,BA,Casa,1284965.99,557773.64,120.0,713.0,33.0,17611.17,0.0,CONS-030,2.0,Desistiu,25.0,,,0.4340765781668665,False
PR-005680,2024-05-04,Organico,São Paulo,SP,Casa,1054557.39,677652.3,180.0,691.0,46.0,4978.82,0.0,CONS-004,4.0,Problema garantia,29.0,,,0.6425940460196292,False
PR-005681,2025-03-01,Mídia paga,Santos,SP,Apartamento,507098.45,144535.1,240.0,866.0,45.0,4322.37,0.0,CONS-014,5.0,Documentação pendente,30.0,,,0.28502374637508754,False
PR-005682,2025-04-03,Correspondente,Belo Horizonte,MG,Apartamento,631334.79,466790.61,84.0,809.0,58.0,2902.99,0.0,CONS-025,3.0,Sem retorno,16.0,,,0.7393709603742888,False
PR-005684,2025-03-20,Mídia paga,Florianópolis,SC,Apartamento,1156075.87,760761.07,180.0,755.0,44.0,3889.71,0.0,CONS-012,4.0,Problema garantia,43.0,,,0.6580546223147101,False
PR-005685,2024-08-13,Correspondente,Recife,PE,Apartamento,853670.69,546232.5,120.0,656.0,52.0,7458.0,0.0,CONS-016,1.0,Desistiu,18.0,,,0.6398632475012116,False
PR-005686,2025-10-22,Correspondente,Rio de Janeiro,RJ,Sala comercial,853348.66,403219.63,180.0,605.0,38.0,8684.75,0.0,CONS-001,5.0,Desistiu,49.0,,,0.47251451710254044,False
PR-005687,2025-06-19,Organico,Curitiba,PR,Imóvel rural,2017179.74,1050583.54,84.0,594.0,50.0,3682.42,0.0,CONS-025,3.0,Sem retorno,34.0,,,0.5208180109919208,False
PR-005688,2024-03-09,Organico,Salvador,BA,Apartamento,919717.27,514448.38,240.0,683.0,39.0,7812.54,0.0,CONS-008,4.0,Problema garantia,48.0,,,0.5593549200179746,False
PR-005689,2024-09-12,Mídia paga,Goiânia,GO,Casa,409764.97,247637.17,84.0,689.0,40.0,3949.83,1.0,CONS-013,5.0,Desistiu,46.0,,,0.604339531512418,False
PR-005690,2025-04-27,Mídia paga,Belo Horizonte,MG,Casa,1219249.54,531366.91,180.0,629.0,30.0,6247.74,0.0,CONS-005,5.0,Desistiu,26.0,,,0.43581473075642907,False
PR-005691,2024-03-25,Parceria,Salvador,BA,Apartamento,795365.61,392370.88,240.0,674.0,42.0,5605.94,0.0,CONS-005,4.0,Problema garantia,39.0,,,0.49332140473108965,False
PR-005693,2025-01-14,Mídia paga,São Paulo,SP,Apartamento,329605.68,214504.59,120.0,673.0,45.0,4719.02,0.0,CONS-005,3.0,Desistiu,40.0,,,0.6507915458253025,False
PR-005694,2024-03-12,Mídia paga,Belo Horizonte,MG,Casa,670907.15,278472.6,120.0,747.0,36.0,6227.8,0.0,CONS-005,6.0,Contratada,34.0,2025-06-01,1.32,0.415068761750415,True
PR-005695,2025-04-02,Mídia paga,Brasília,DF,Apartamento,1479232.29,588729.4,180.0,717.0,33.0,4891.4,0.0,CONS-007,2.0,Desistiu,14.0,,,0.3979965851069949,False
PR-005696,2024-08-19,Mídia paga,Rio de Janeiro,RJ,Casa,720202.8,435635.42,240.0,627.0,48.0,3074.76,0.0,CONS-024,6.0,Contratada,42.0,2024-09-30,1.27,0.6048788202434091,True
PR-005697,2025-09-12,Parceria,Campinas,SP,Apartamento,525248.16,302833.24,120.0,537.0,51.0,7123.78,0.0,CONS-004,2.0,Reprovada crédito,20.0,,,0.576552690827132,False
PR-005698,2025-05-29,Parceria,Recife,PE,Apartamento,1008401.89,430230.01,240.0,655.0,28.0,4290.63,0.0,CONS-029,1.0,Sem retorno,2.0,,,0.4266453824278334,False
PR-005699,2025-07-07,Mídia paga,Salvador,BA,Casa,377528.52,242174.72,60.0,671.0,21.0,4847.8,0.0,CONS-012,4.0,Sem retorno,38.0,,,0.6414739739397701,False
PR-005700,2025-07-08,Indicação,Salvador,BA,Casa,302322.47,212339.46,180.0,684.0,22.0,5987.0,0.0,CONS-019,3.0,Reprovada crédito,40.0,,,0.7023608268350018,False
PR-005701,2025-07-01,Indicação,Santos,SP,Casa,491003.68,182237.02,84.0,754.0,51.0,1800.0,0.0,CONS-011,6.0,Contratada,24.0,2025-01-31,1.29,0.37115204513334804,True
PR-005702,2025-11-02,Mídia paga,Belo Horizonte,MG,Apartamento,456339.33,193690.94,60.0,791.0,51.0,2487.33,0.0,CONS-014,4.0,Sem retorno,35.0,,,0.4244449848317917,False
PR-005703,2025-02-24,Organico,Brasília,DF,Casa,877113.77,275513.86,180.0,656.0,61.0,5657.9,0.0,CONS-015,3.0,Reprovada crédito,6.0,,,0.31411416560020483,False
PR-005704,2025-09-02,Indicação,Florianópolis,SC,Apartamento,1203924.46,454912.59,60.0,662.0,37.0,5701.2,0.0,CONS-013,5.0,Desistiu,21.0,,,0.37785808421900496,False
PR-005705,2025-05-28,Correspondente,Rio de Janeiro,RJ,Sala comercial,583141.17,317547.69,84.0,672.0,34.0,11984.39,1.0,CONS-029,2.0,Sem retorno,15.0,,,0.5445468547521691,False
PR-005707,2024-01-17,Indicação,Rio de Janeiro,RJ,Apartamento,1061263.89,477905.96,60.0,526.0,40.0,2806.26,1.0,CONS-012,3.0,Sem retorno,34.0,,,0.4503177433088768,False
PR-005708,2024-05-12,Parceria,Santos,SP,Casa,926469.87,290939.57,84.0,599.0,41.0,3707.36,1.0,CONS-005,3.0,Desistiu,41.0,,,0.3140302555117092,False
PR-005709,2025-08-08,Organico,Belo Horizonte,MG,Casa,696062.75,468453.58,240.0,570.0,56.0,6425.12,0.0,CONS-005,6.0,Contratada,31.0,2025-08-09,1.53,0.6730048117069906,True
PR-005710,2024-10-15,Mídia paga,Curitiba,PR,Apartamento,414895.17,223440.97,60.0,744.0,44.0,3979.73,1.0,CONS-012,5.0,Documentação pendente,37.0,,,0.5385480144297655,False
PR-005711,2024-01-04,Parceria,Goiânia,GO,Apartamento,480896.04,316831.03,60.0,754.0,41.0,5099.22,0.0,CONS-015,3.0,Reprovada crédito,32.0,,,0.6588347660338397,False
PR-005713,2024-08-09,Correspondente,Rio de Janeiro,RJ,Sala comercial,907523.37,401148.58,120.0,668.0,27.0,2844.89,0.0,CONS-010,2.0,Desistiu,34.0,,,0.44202561968183807,False
PR-005714,2025-05-19,Parceria,Florianópolis,SC,Apartamento,692023.72,356278.9,60.0,718.0,43.0,4344.03,0.0,CONS-022,2.0,Reprovada crédito,39.0,,,0.5148362544567114,False
PR-005716,2025-06-07,Organico,Belo Horizonte,MG,Casa,563385.92,268089.67,240.0,679.0,29.0,6799.5,0.0,CONS-001,3.0,Desistiu,28.0,,,0.47585440189914574,False
PR-005717,2025-02-15,Correspondente,São Paulo,SP,Casa,632841.28,215185.83,180.0,549.0,46.0,4396.85,1.0,CONS-019,3.0,Sem retorno,19.0,,,0.3400312792490401,False
PR-005718,2025-01-22,Correspondente,Porto Alegre,RS,Casa,839344.21,425109.06,60.0,654.0,46.0,9684.37,0.0,CONS-013,2.0,Sem retorno,27.0,,,0.506477622571555,False
PR-005719,2025-02-25,Mídia paga,Porto Alegre,RS,Apartamento,374435.02,153744.48,240.0,660.0,57.0,3124.57,0.0,CONS-011,5.0,Desistiu,24.0,,,0.410603901312436,False
PR-005720,2025-10-04,Parceria,Curitiba,PR,Apartamento,672561.03,388574.75,180.0,697.0,30.0,4031.34,0.0,CONS-029,2.0,Sem retorno,34.0,,,0.5777538880003202,False
PR-005721,2024-10-12,Organico,Rio de Janeiro,RJ,Casa,348610.93,119006.41,84.0,723.0,54.0,4943.23,0.0,CONS-016,3.0,Desistiu,46.0,,,0.3413731462751326,False
PR-005722,2024-11-27,Correspondente,Campinas,SP,Casa,448933.11,198001.64,60.0,579.0,56.0,3422.16,0.0,CONS-028,3.0,Desistiu,30.0,,,0.44104931356032084,False
PR-005723,2024-01-14,Parceria,Curitiba,PR,Casa,560007.76,208266.12,84.0,619.0,34.0,4856.92,0.0,CONS-013,4.0,Problema garantia,48.0,,,0.3718986322618101,False
PR-005724,2024-11-27,Organico,Salvador,BA,Casa,618388.27,252893.02,180.0,577.0,64.0,5340.69,0.0,CONS-002,3.0,Reprovada crédito,44.0,,,0.408955072837976,False
PR-005725,2025-05-22,Correspondente,Belo Horizonte,MG,Apartamento,1850567.32,742491.92,60.0,621.0,34.0,2984.63,0.0,CONS-022,5.0,Documentação pendente,18.0,,,0.40122394466579037,False
PR-005726,2025-04-18,Parceria,Brasília,DF,Imóvel rural,420671.84,238628.17,240.0,497.0,45.0,2880.32,1.0,CONS-029,2.0,Sem retorno,25.0,,,0.567254917752517,False
PR-005727,2024-07-31,Indicação,Salvador,BA,Apartamento,151299.01,50832.89,240.0,772.0,44.0,10778.47,0.0,CONS-002,5.0,Documentação pendente,30.0,,,0.3359763556945944,False
PR-005728,2025-09-07,Correspondente,Curitiba,PR,Casa,1484275.71,899957.44,120.0,610.0,51.0,7510.94,0.0,CONS-015,4.0,Problema garantia,48.0,,,0.6063276747956753,False
PR-005729,2024-08-15,Indicação,Salvador,BA,Casa,961281.79,416812.51,84.0,604.0,49.0,5852.59,0.0,CONS-028,3.0,Reprovada crédito,34.0,,,0.433600755091803,False
PR-005730,2025-07-02,Organico,São Paulo,SP,Apartamento,832312.75,386067.86,60.0,530.0,30.0,19727.61,0.0,CONS-008,2.0,Desistiu,34.0,,,0.4638495084930514,False
PR-005731,2024-12-22,Organico,Santos,SP,Casa,335240.33,194096.38,240.0,528.0,54.0,10650.68,0.0,CONS-008,5.0,Documentação pendente,34.0,,,0.5789768194059468,False
PR-005732,2025-08-01,Correspondente,Porto Alegre,RS,Imóvel rural,551676.79,321474.28,120.0,669.0,49.0,5470.67,0.0,CONS-015,4.0,Problema garantia,31.0,,,0.5827221406215042,False
PR-005733,2024-04-22,Parceria,Recife,PE,Apartamento,576079.97,199521.47,180.0,710.0,53.0,3137.08,0.0,CONS-017,5.0,Documentação pendente,13.0,,,0.34634335576708214,False
PR-005734,2024-03-13,Organico,Campinas,SP,Apartamento,782145.9,450464.7,180.0,534.0,31.0,5995.93,0.0,CONS-014,3.0,Reprovada crédito,38.0,,,0.575934362118372,False
PR-005735,2024-11-11,Indicação,Curitiba,PR,Sala comercial,663673.33,259448.69,60.0,651.0,29.0,5769.67,0.0,CONS-027,3.0,Sem retorno,20.0,,,0.39092830504429044,False
PR-005736,2025-03-06,Indicação,Campinas,SP,Casa,423717.12,163792.1,240.0,671.0,35.0,5341.27,0.0,CONS-012,5.0,Desistiu,46.0,,,0.38656002381966537,False
PR-005737,2024-03-26,Correspondente,Porto Alegre,RS,Apartamento,527724.12,256000.83,84.0,651.0,28.0,6452.74,0.0,CONS-002,3.0,Desistiu,25.0,,,0.4851035234091631,False
PR-005738,2025-02-13,Correspondente,Rio de Janeiro,RJ,Sala comercial,811153.22,466104.69,84.0,574.0,46.0,4486.15,0.0,CONS-012,4.0,Problema garantia,40.0,,,0.5746197863826517,False
PR-005739,2025-06-16,Correspondente,Campinas,SP,Casa,624058.31,276828.33,84.0,587.0,50.0,6101.53,0.0,CONS-013,2.0,Reprovada crédito,29.0,,,0.44359369239069985,False
PR-005740,2025-11-24,Parceria,São Paulo,SP,Casa,458160.04,297083.6,240.0,634.0,42.0,3379.9,0.0,CONS-013,3.0,Reprovada crédito,34.0,,,0.6484275669261771,False
PR-005741,2025-06-12,Indicação,Porto Alegre,RS,Casa,1275543.99,669265.21,180.0,622.0,50.0,4043.41,0.0,CONS-006,3.0,Sem retorno,29.0,,,0.5246900265666259,False
PR-005742,2024-01-12,Indicação,Florianópolis,SC,Casa,632915.79,231104.81,84.0,676.0,34.0,7690.14,0.0,CONS-008,4.0,Problema garantia,34.0,,,0.36514306271297164,False
PR-005743,2025-09-02,Parceria,Belo Horizonte,MG,Apartamento,304860.28,81739.54,240.0,711.0,34.0,4270.66,0.0,CONS-017,2.0,Sem retorno,29.0,,,0.2681213177393919,False
PR-005744,2025-11-03,Parceria,Florianópolis,SC,Apartamento,955568.48,556520.71,180.0,618.0,41.0,2378.28,0.0,CONS-030,4.0,Sem retorno,46.0,,,0.5823975169210269,False
PR-005746,2024-10-13,Correspondente,Recife,PE,Apartamento,531177.11,154030.64,84.0,755.0,31.0,5704.4,0.0,CONS-007,2.0,Desistiu,18.0,,,0.2899798148304998,False
PR-005747,2024-09-08,Mídia paga,Belo Horizonte,MG,Sala comercial,680908.04,196754.45,60.0,687.0,51.0,2406.97,0.0,CONS-003,6.0,Contratada,9.0,2024-08-18,1.51,0.28895891727170675,True
PR-005748,2025-09-20,Indicação,Porto Alegre,RS,Casa,1068205.16,327097.2,180.0,725.0,33.0,8452.41,0.0,CONS-002,6.0,Contratada,35.0,2025-10-25,1.48,0.3062119640013722,True
PR-005749,2024-03-25,Parceria,Porto Alegre,RS,Casa,489171.6,313055.97,240.0,696.0,33.0,6953.84,0.0,CONS-023,2.0,Desistiu,20.0,,,0.6399716786501914,False
PR-005750,2024-05-17,Correspondente,Campinas,SP,Apartamento,932070.35,309309.99,240.0,708.0,64.0,5006.1,0.0,CONS-030,2.0,Reprovada crédito,28.0,,,0.3318526224978619,False
PR-005752,2025-05-11,Correspondente,São Paulo,SP,Casa,972371.69,379258.49,120.0,653.0,45.0,3869.02,1.0,CONS-018,3.0,Reprovada crédito,24.0,,,0.390034483624261,False
PR-005753,2024-01-06,Mídia paga,Rio de Janeiro,RJ,Casa,1068830.89,544388.0,60.0,673.0,31.0,1800.0,1.0,CONS-013,3.0,Sem retorno,26.0,,,0.5093303394328359,False
PR-005754,2024-11-15,Correspondente,Campinas,SP,Casa,284252.73,141332.01,180.0,596.0,43.0,7677.09,0.0,CONS-014,2.0,Reprovada crédito,27.0,,,0.49720546219556105,False
PR-005755,2024-11-06,Correspondente,Goiânia,GO,Apartamento,1378822.11,785452.52,240.0,667.0,38.0,6189.93,1.0,CONS-003,3.0,Desistiu,36.0,,,0.5696547178228815,False
PR-005756,2024-02-04,Correspondente,Recife,PE,Apartamento,951649.19,591137.31,84.0,698.0,22.0,6520.79,0.0,CONS-003,2.0,Desistiu,31.0,,,0.6211714528964187,False
PR-005757,2024-12-10,Organico,Goiânia,GO,Apartamento,1305386.01,676833.57,240.0,601.0,36.0,4912.19,1.0,CONS-022,3.0,Reprovada crédito,23.0,,,0.5184930471255778,False
PR-005758,2024-05-18,Indicação,Brasília,DF,Sala comercial,1173515.21,593351.17,240.0,682.0,42.0,11301.77,0.0,CONS-029,5.0,Desistiu,47.0,,,0.5056186446871873,False
PR-005759,2025-08-05,Parceria,Goiânia,GO,Apartamento,1326532.96,487490.69,84.0,677.0,43.0,2023.16,0.0,CONS-016,3.0,Sem retorno,17.0,,,0.3674923312874186,False
PR-005760,2025-04-28,Correspondente,Brasília,DF,Apartamento,330288.55,178037.61,240.0,689.0,44.0,7080.21,1.0,CONS-001,3.0,Desistiu,26.0,,,0.539036578773318,False
PR-005761,2024-08-14,Indicação,Santos,SP,Apartamento,1040861.78,443560.61,240.0,549.0,50.0,4008.45,0.0,CONS-019,5.0,Desistiu,41.0,,,0.4261474659968781,False
PR-005762,2025-06-03,Indicação,Recife,PE,Apartamento,816011.77,263373.49,240.0,707.0,39.0,10126.45,0.0,CONS-030,3.0,Sem retorno,24.0,,,0.32275697444903273,False
PR-005763,2024-08-26,Correspondente,São Paulo,SP,Sala comercial,529306.03,295340.7,240.0,641.0,32.0,5370.09,1.0,CONS-023,3.0,Sem retorno,47.0,,,0.5579772064943224,False
PR-005764,2025-05-07,Organico,Porto Alegre,RS,Casa,665094.98,355776.51,180.0,530.0,49.0,4099.71,0.0,CONS-017,3.0,Desistiu,37.0,,,0.5349258687834331,False
PR-005765,2025-08-19,Parceria,Florianópolis,SC,Sala comercial,708421.25,231430.6,180.0,757.0,48.0,2628.66,0.0,CONS-009,4.0,Problema garantia,15.0,,,0.3266850055669561,False
PR-005766,2025-02-04,Organico,Florianópolis,SC,Apartamento,717591.58,398586.98,60.0,678.0,49.0,3014.11,0.0,CONS-011,2.0,Desistiu,7.0,,,0.5554510268919265,False
PR-005767,2024-10-25,Organico,Recife,PE,Casa,957237.66,289016.16,240.0,698.0,56.0,3938.33,0.0,CONS-008,4.0,Problema garantia,33.0,,,0.30192727686873494,False
PR-005768,2025-04-03,Mídia paga,Porto Alegre,RS,Apartamento,363332.98,105638.98,180.0,692.0,35.0,3528.76,0.0,CONS-010,6.0,Contratada,37.0,2025-10-04,1.44,0.2907497689860139,True
PR-005769,2024-07-17,Organico,Recife,PE,Casa,1514958.45,819056.11,60.0,613.0,47.0,8339.0,0.0,CONS-021,4.0,Sem retorno,42.0,,,0.5406459233254879,False
PR-005770,2025-06-05,Parceria,Brasília,DF,Casa,837663.73,283956.1,240.0,762.0,44.0,1800.0,0.0,CONS-016,1.0,Desistiu,27.0,,,0.33898578848579247,False
PR-005771,2024-10-15,Mídia paga,Goiânia,GO,Casa,683044.98,190219.58,180.0,800.0,48.0,4231.18,0.0,CONS-004,6.0,Contratada,50.0,2024-04-12,1.16,0.27848763342056915,True
PR-005772,2025-07-29,Mídia paga,Santos,SP,Casa,775313.52,494126.48,60.0,724.0,24.0,5868.66,1.0,CONS-014,5.0,Documentação pendente,28.0,,,0.637324730258799,False
PR-005773,2025-12-04,Organico,Recife,PE,Apartamento,703189.16,338966.7,60.0,702.0,67.0,8973.66,0.0,CONS-010,5.0,Documentação pendente,47.0,,,0.48204198710913004,False
PR-005774,2024-11-13,Correspondente,Goiânia,GO,Apartamento,442935.14,217674.17,84.0,693.0,42.0,1959.29,0.0,CONS-024,2.0,Reprovada crédito,29.0,,,0.4914357664194356,False
PR-005775,2025-08-23,Mídia paga,Curitiba,PR,Apartamento,656469.82,297166.05,84.0,695.0,38.0,5886.93,0.0,CONS-005,4.0,Problema garantia,40.0,,,0.4526728281278795,False
PR-005776,2024-11-12,Indicação,Rio de Janeiro,RJ,Casa,922566.84,561801.19,120.0,685.0,44.0,5360.73,0.0,CONS-018,5.0,Documentação pendente,33.0,,,0.608954457977267,False
PR-005777,2025-07-15,Correspondente,Santos,SP,Apartamento,369943.96,163985.38,240.0,664.0,59.0,4527.01,0.0,CONS-011,3.0,Sem retorno,30.0,,,0.44327086729568443,False
PR-005778,2024-11-30,Correspondente,Porto Alegre,RS,Casa,575593.61,290469.67,84.0,723.0,21.0,4460.19,1.0,CONS-020,1.0,Sem retorno,37.0,,,0.5046436669093668,False
PR-005779,2024-10-13,Organico,Porto Alegre,RS,Apartamento,691312.85,362493.71,84.0,798.0,25.0,5087.45,0.0,CONS-023,2.0,Desistiu,20.0,,,0.5243555215269036,False
PR-005780,2024-07-07,Correspondente,Belo Horizonte,MG,Apartamento,668999.8,250176.29,180.0,680.0,49.0,10886.82,0.0,CONS-025,4.0,Problema garantia,26.0,,,0.37395570222890945,False
PR-005781,2024-04-11,Correspondente,Belo Horizonte,MG,Apartamento,684353.05,402165.92,84.0,740.0,40.0,10965.88,0.0,CONS-023,3.0,Reprovada crédito,31.0,,,0.5876585484641297,False
PR-005782,2025-05-27,Mídia paga,São Paulo,SP,Casa,692279.09,430421.74,60.0,583.0,34.0,9964.65,1.0,CONS-008,2.0,Reprovada crédito,20.0,,,0.621745978200786,False
PR-005783,2025-07-01,Parceria,Brasília,DF,Apartamento,724224.41,375879.71,120.0,795.0,41.0,4321.76,0.0,CONS-016,3.0,Desistiu,27.0,,,0.5190099985721277,False
PR-005784,2025-03-31,Organico,Salvador,BA,Casa,759868.57,522283.6,180.0,678.0,58.0,2496.25,0.0,CONS-028,5.0,Desistiu,22.0,,,0.6873341267424707,False
PR-005785,2024-12-25,Organico,Santos,SP,Casa,369765.96,200567.08,60.0,551.0,29.0,2817.55,1.0,CONS-010,3.0,Desistiu,34.0,,,0.5424162894821362,False
PR-005786,2024-09-24,Organico,São Paulo,SP,Apartamento,1154631.05,408657.07,84.0,697.0,39.0,6662.76,0.0,CONS-004,5.0,Desistiu,60.0,,,0.3539287030259579,False
PR-005788,2024-05-08,Mídia paga,Recife,PE,Apartamento,649352.64,322353.53,180.0,683.0,54.0,9470.69,0.0,CONS-003,5.0,Documentação pendente,45.0,,,0.49642291436591374,False
PR-005789,2024-10-20,Mídia paga,Curitiba,PR,Casa,773237.54,398794.7,180.0,807.0,38.0,2504.48,1.0,CONS-028,3.0,Desistiu,20.0,,,0.515746687622021,False
PR-005790,2025-05-05,Organico,Curitiba,PR,Apartamento,332347.76,166038.58,180.0,736.0,45.0,1800.0,0.0,CONS-010,5.0,Documentação pendente,20.0,,,0.49959289630837284,False
PR-005791,2025-02-13,Parceria,Porto Alegre,RS,Apartamento,582382.82,350992.85,60.0,833.0,36.0,10390.71,1.0,CONS-007,2.0,Sem retorno,18.0,,,0.6026840729951478,False
PR-005792,2024-12-27,Organico,Recife,PE,Casa,1400318.14,776926.54,60.0,644.0,34.0,11077.36,0.0,CONS-002,6.0,Contratada,33.0,2025-01-29,1.49,0.5548214493600719,True
PR-005793,2025-03-23,Indicação,Porto Alegre,RS,Apartamento,915791.84,639766.6,120.0,678.0,59.0,11009.32,0.0,CONS-024,3.0,Reprovada crédito,20.0,,,0.6985939075412596,False
PR-005794,2025-01-23,Correspondente,Florianópolis,SC,Casa,578760.75,258094.42,60.0,744.0,45.0,6440.61,0.0,CONS-018,4.0,Problema garantia,40.0,,,0.4459431984632683,False
PR-005795,2024-04-04,Parceria,Campinas,SP,Casa,781614.75,292452.7,180.0,659.0,21.0,7467.04,0.0,CONS-009,3.0,Reprovada crédito,31.0,,,0.3741647659540714,False
PR-005797,2025-05-09,Mídia paga,Curitiba,PR,Casa,975279.91,536406.22,60.0,600.0,51.0,6754.17,0.0,CONS-009,1.0,Desistiu,32.0,,,0.5500023270242488,False
PR-005798,2024-10-16,Parceria,Rio de Janeiro,RJ,Casa,1216351.41,636365.21,84.0,609.0,51.0,10724.07,1.0,CONS-017,3.0,Desistiu,37.0,,,0.5231754612756193,False
PR-005799,2024-07-10,Mídia paga,Florianópolis,SC,Sala comercial,1240453.16,900192.09,120.0,762.0,35.0,7707.46,0.0,CONS-012,6.0,Contratada,26.0,2024-02-11,1.44,0.7256961560725115,True
PR-005800,2025-04-04,Indicação,Florianópolis,SC,Apartamento,555777.81,255669.87,60.0,614.0,48.0,6662.95,1.0,CONS-007,6.0,Contratada,57.0,2025-05-31,1.2,0.460021730626489,True
PR-005801,2025-01-22,Organico,Porto Alegre,RS,Casa,393332.35,194771.35,60.0,588.0,42.0,4872.77,0.0,CONS-020,3.0,Desistiu,17.0,,,0.49518263626167547,False
PR-005802,2025-04-18,Organico,Salvador,BA,Apartamento,477530.16,222243.64,120.0,718.0,42.0,6193.99,0.0,CONS-028,3.0,Sem retorno,32.0,,,0.4654023109241938,False
PR-005804,2025-01-31,Correspondente,São Paulo,SP,Casa,575829.18,268921.08,180.0,566.0,34.0,4212.48,0.0,CONS-009,5.0,Documentação pendente,30.0,,,0.4670153742469251,False
PR-005805,2024-12-20,Correspondente,Salvador,BA,Imóvel rural,485058.65,283740.34,180.0,618.0,53.0,17352.33,0.0,CONS-014,2.0,Sem retorno,46.0,,,0.5849608908118638,False
PR-005806,2024-06-08,Correspondente,Goiânia,GO,Apartamento,2557209.77,1195662.28,84.0,820.0,21.0,1831.84,1.0,CONS-017,4.0,Problema garantia,15.0,,,0.46756519313626743,False
PR-005807,2025-08-02,Organico,Curitiba,PR,Casa,454882.77,203460.96,180.0,642.0,33.0,5650.24,0.0,CONS-023,2.0,Desistiu,21.0,,,0.44728218657303725,False
PR-005808,2024-09-24,Correspondente,Goiânia,GO,Sala comercial,1056200.79,383161.1,84.0,722.0,51.0,4204.73,0.0,CONS-008,6.0,Contratada,39.0,2024-02-11,1.25,0.36277297236257505,True
PR-005809,2025-03-16,Correspondente,São Paulo,SP,Apartamento,382022.15,148135.58,180.0,615.0,41.0,9522.79,0.0,CONS-002,2.0,Desistiu,16.0,,,0.38776699204483295,False
PR-005810,2025-04-29,Mídia paga,Florianópolis,SC,Casa,354159.67,126944.83,180.0,664.0,48.0,2440.46,0.0,CONS-027,1.0,Sem retorno,19.0,,,0.35843954225505126,False
PR-005811,2024-12-25,Correspondente,Curitiba,PR,Apartamento,655281.53,378029.58,84.0,550.0,32.0,13922.19,0.0,CONS-017,3.0,Desistiu,24.0,,,0.5768964371695323,False
PR-005813,2024-09-10,Organico,Salvador,BA,Apartamento,361603.04,222310.39,60.0,716.0,21.0,1800.0,0.0,CONS-004,6.0,Contratada,46.0,2024-11-24,1.42,0.6147912639230025,True
PR-005814,2024-08-24,Correspondente,Campinas,SP,Casa,566722.14,295378.57,84.0,654.0,45.0,3872.02,0.0,CONS-029,4.0,Problema garantia,36.0,,,0.5212052770692883,False
PR-005815,2025-11-05,Correspondente,Santos,SP,Apartamento,1021622.04,459055.69,240.0,612.0,25.0,4517.49,0.0,CONS-026,3.0,Desistiu,25.0,,,0.44934004164593,False
PR-005816,2025-02-26,Mídia paga,Rio de Janeiro,RJ,Casa,1395601.81,700625.74,60.0,598.0,32.0,6249.63,0.0,CONS-008,3.0,Reprovada crédito,39.0,,,0.5020240981200791,False
PR-005817,2025-05-10,Parceria,Curitiba,PR,Apartamento,381685.1,176272.52,84.0,693.0,35.0,6437.28,0.0,CONS-019,4.0,Problema garantia,35.0,,,0.4618270925430414,False
PR-005818,2024-03-15,Organico,Belo Horizonte,MG,Apartamento,2505207.16,993587.6,180.0,812.0,47.0,3842.38,0.0,CONS-005,3.0,Reprovada crédito,45.0,,,0.39660895748038655,False
PR-005819,2025-08-30,Correspondente,Recife,PE,Apartamento,500573.41,173675.95,60.0,641.0,30.0,3953.51,0.0,CONS-019,3.0,Sem retorno,13.0,,,0.34695400620660216,False
PR-005820,2025-10-03,Correspondente,Florianópolis,SC,Apartamento,1631847.84,1046255.79,120.0,589.0,42.0,2603.28,1.0,CONS-024,3.0,Reprovada crédito,32.0,,,0.6411478842292061,False
PR-005821,2025-04-22,Correspondente,Salvador,BA,Casa,824239.85,377111.84,180.0,616.0,39.0,4393.18,0.0,CONS-013,4.0,Problema garantia,31.0,,,0.4575268230479272,False
PR-005822,2024-04-27,Parceria,Rio de Janeiro,RJ,Casa,1877441.45,774104.31,84.0,579.0,21.0,12686.53,0.0,CONS-012,4.0,Sem retorno,57.0,,,0.4123187490081249,False
PR-005823,2025-06-20,Correspondente,Goiânia,GO,Apartamento,1356040.55,676541.4,180.0,529.0,49.0,2655.16,1.0,CONS-028,5.0,Desistiu,43.0,,,0.4989094168312297,False
PR-005824,2024-11-25,Correspondente,Belo Horizonte,MG,Apartamento,200577.25,146403.92,120.0,613.0,58.0,4213.26,1.0,CONS-002,3.0,Desistiu,34.0,,,0.7299128889243421,False
PR-005826,2024-09-28,Parceria,Campinas,SP,Imóvel rural,455033.22,243631.21,120.0,646.0,36.0,7437.67,0.0,CONS-016,6.0,Contratada,44.0,2024-11-11,1.41,0.5354141176769468,True
PR-005828,2025-06-15,Correspondente,São Paulo,SP,Apartamento,1203240.94,652796.62,120.0,664.0,49.0,2759.44,1.0,CONS-027,5.0,Documentação pendente,34.0,,,0.5425319221601619,False
PR-005829,2025-03-24,Correspondente,São Paulo,SP,Apartamento,612178.62,233741.6,180.0,665.0,39.0,8255.35,0.0,CONS-018,4.0,Problema garantia,33.0,,,0.38181928013101796,False
PR-005830,2025-07-22,Mídia paga,Rio de Janeiro,RJ,Sala comercial,391699.66,168591.84,240.0,569.0,41.0,4293.81,0.0,CONS-011,5.0,Documentação pendente,25.0,,,0.4304109939743119,False
PR-005831,2025-07-09,Organico,Rio de Janeiro,RJ,Apartamento,255265.92,128943.77,60.0,597.0,25.0,11467.75,1.0,CONS-018,3.0,Sem retorno,24.0,,,0.50513507639406,False
PR-005832,2025-12-04,Indicação,Florianópolis,SC,Casa,939208.63,276963.53,120.0,674.0,40.0,5532.04,0.0,CONS-012,4.0,Problema garantia,31.0,,,0.2948903163293975,False
PR-005833,2025-07-03,Organico,Florianópolis,SC,Casa,1518153.74,816957.54,240.0,733.0,56.0,15880.91,1.0,CONS-016,2.0,Desistiu,25.0,,,0.5381256973355018,False
PR-005834,2024-08-30,Indicação,Belo Horizonte,MG,Apartamento,598951.62,283553.37,84.0,833.0,40.0,3010.23,0.0,CONS-020,2.0,Reprovada crédito,11.0,,,0.4734161500389631,False
PR-005835,2024-06-22,Mídia paga,Recife,PE,Casa,745278.78,490820.99,240.0,636.0,29.0,14049.23,1.0,CONS-002,6.0,Contratada,33.0,2024-07-25,1.06,0.6585736816497042,True
PR-005836,2025-11-15,Organico,Brasília,DF,Imóvel rural,318652.97,96736.71,120.0,724.0,36.0,4127.38,0.0,CONS-018,3.0,Desistiu,24.0,,,0.3035801298195966,False
PR-005837,2025-04-14,Parceria,Rio de Janeiro,RJ,Apartamento,642407.83,367328.57,120.0,628.0,50.0,1800.0,1.0,CONS-008,2.0,Reprovada crédito,9.0,,,0.5717996463399271,False
PR-005838,2025-02-24,Correspondente,Recife,PE,Casa,422861.99,217469.84,120.0,727.0,55.0,6561.32,0.0,CONS-009,1.0,Sem retorno,18.0,,,0.5142808886653539,False
PR-005840,2025-04-17,Organico,Porto Alegre,RS,Apartamento,648376.18,243703.64,84.0,840.0,38.0,2139.44,1.0,CONS-014,4.0,Sem retorno,45.0,,,0.37586766373804786,False
PR-005841,2025-05-17,Mídia paga,Brasília,DF,Apartamento,491409.77,333616.9,180.0,620.0,42.0,10551.83,0.0,CONS-023,4.0,Problema garantia,39.0,,,0.6788975725899793,False
PR-005842,2025-02-03,Organico,Santos,SP,Casa,962098.06,417395.27,240.0,753.0,46.0,4382.97,0.0,CONS-015,5.0,Desistiu,57.0,,,0.4338385943736338,False
PR-005843,2024-10-23,Parceria,Belo Horizonte,MG,Casa,1260474.05,565807.51,240.0,768.0,45.0,8070.76,0.0,CONS-003,5.0,Documentação pendente,30.0,,,0.44888469540487563,False
PR-005844,2024-10-07,Parceria,São Paulo,SP,Casa,512049.05,220226.49,240.0,657.0,30.0,6888.83,1.0,CONS-030,3.0,Desistiu,35.0,,,0.43008866045157196,False
PR-005845,2024-09-24,Indicação,Campinas,SP,Casa,486872.79,175519.23,60.0,618.0,46.0,4478.02,0.0,CONS-027,4.0,Sem retorno,21.0,,,0.3605032641072425,False
PR-005846,2025-04-08,Organico,São Paulo,SP,Imóvel rural,3253129.59,1647559.11,120.0,633.0,21.0,9606.9,0.0,CONS-005,4.0,Sem retorno,32.0,,,0.5064535747559937,False
PR-005847,2025-03-16,Organico,Rio de Janeiro,RJ,Apartamento,1206688.87,458554.79,84.0,603.0,34.0,3445.68,0.0,CONS-005,2.0,Sem retorno,25.0,,,0.38001078935948085,False
PR-005848,2025-01-30,Parceria,Florianópolis,SC,Apartamento,1096965.14,470471.19,60.0,671.0,35.0,1800.0,0.0,CONS-028,2.0,Sem retorno,21.0,,,0.42888435816656856,False
PR-005849,2024-05-10,Correspondente,Santos,SP,Apartamento,307841.25,165670.61,180.0,746.0,54.0,4023.32,0.0,CONS-010,4.0,Problema garantia,38.0,,,0.5381689750805001,False
PR-005850,2025-04-13,Correspondente,São Paulo,SP,Apartamento,756242.85,332020.36,84.0,602.0,33.0,6491.4,0.0,CONS-012,3.0,Reprovada crédito,26.0,,,0.4390393376942341,False
PR-005851,2024-12-06,Correspondente,São Paulo,SP,Apartamento,393903.29,198619.85,240.0,743.0,45.0,2888.66,0.0,CONS-011,6.0,Contratada,36.0,2024-07-18,1.45,0.5042350623677198,True
PR-005852,2025-04-09,Correspondente,Goiânia,GO,Casa,680105.98,198706.95,240.0,721.0,41.0,3880.03,0.0,CONS-011,3.0,Desistiu,23.0,,,0.29217056729893776,False
PR-005853,2025-06-24,Indicação,Rio de Janeiro,RJ,Sala comercial,705131.27,403821.13,60.0,755.0,52.0,7784.09,0.0,CONS-021,5.0,Desistiu,24.0,,,0.5726892951435837,False
PR-005854,2025-05-07,Organico,Salvador,BA,Sala comercial,392973.01,147197.67,84.0,648.0,45.0,5177.15,0.0,CONS-028,6.0,Contratada,40.0,2025-08-14,1.14,0.37457450322097186,True
PR-005855,2024-06-18,Mídia paga,Recife,PE,Casa,669615.07,306359.08,180.0,632.0,42.0,3270.54,0.0,CONS-025,3.0,Sem retorno,25.0,,,0.45751521094051845,False
PR-005856,2024-05-14,Correspondente,Salvador,BA,Apartamento,934021.9,379204.15,60.0,593.0,53.0,12020.99,0.0,CONS-016,2.0,Sem retorno,40.0,,,0.40599064111880034,False
PR-005857,2025-02-24,Indicação,Porto Alegre,RS,Sala comercial,626959.75,179672.78,120.0,627.0,45.0,4425.15,0.0,CONS-013,2.0,Reprovada crédito,25.0,,,0.2865778544794941,False
PR-005858,2025-02-05,Mídia paga,Rio de Janeiro,RJ,Casa,893827.47,324297.73,120.0,749.0,53.0,7638.88,1.0,CONS-009,6.0,Contratada,49.0,2025-06-20,1.42,0.3628191579298855,True
PR-005859,2025-11-22,Mídia paga,São Paulo,SP,Apartamento,684232.44,252003.68,120.0,686.0,47.0,2906.8,0.0,CONS-028,4.0,Problema garantia,28.0,,,0.3683012749293208,False
PR-005860,2025-05-05,Mídia paga,São Paulo,SP,Casa,183175.07,75302.5,120.0,695.0,44.0,1800.0,0.0,CONS-015,6.0,Contratada,62.0,2025-06-07,1.27,0.41109578939972563,True
PR-005861,2024-07-11,Mídia paga,Rio de Janeiro,RJ,Casa,826786.71,411371.74,60.0,819.0,46.0,2402.21,1.0,CONS-011,5.0,Desistiu,28.0,,,0.4975548530527299,False
PR-005862,2024-07-26,Correspondente,Salvador,BA,Casa,489790.9,243051.42,240.0,530.0,31.0,3564.99,0.0,CONS-019,6.0,Contratada,9.0,2024-04-08,1.49,0.49623506684178903,True
PR-005863,2024-06-23,Indicação,São Paulo,SP,Casa,874221.69,242828.0,120.0,781.0,29.0,5060.33,0.0,CONS-016,3.0,Desistiu,31.0,,,0.27776478526859705,False
PR-005864,2025-04-08,Parceria,Santos,SP,Apartamento,544628.7,189558.22,240.0,708.0,41.0,13961.58,0.0,CONS-022,4.0,Problema garantia,14.0,,,0.34805036899450953,False
PR-005865,2025-10-31,Indicação,São Paulo,SP,Casa,1319812.81,803127.43,120.0,657.0,50.0,5699.83,0.0,CONS-010,1.0,Desistiu,19.0,,,0.6085161652583142,False
PR-005866,2025-01-30,Organico,Rio de Janeiro,RJ,Casa,962178.17,423964.45,240.0,699.0,44.0,4443.75,0.0,CONS-027,6.0,Contratada,36.0,2025-07-03,1.09,0.44062987835194806,True
PR-005867,2025-02-21,Mídia paga,Salvador,BA,Casa,1046067.09,551044.81,84.0,734.0,35.0,4749.51,1.0,CONS-027,6.0,Contratada,23.0,2025-03-16,1.43,0.5267776945358257,True
PR-005868,2025-12-05,Mídia paga,Curitiba,PR,Casa,502702.03,270803.79,180.0,739.0,49.0,3577.67,0.0,CONS-006,6.0,Contratada,77.0,2025-07-28,1.58,0.5386964321588277,True
PR-005869,2025-05-06,Correspondente,Curitiba,PR,Casa,818581.99,513064.23,120.0,574.0,51.0,10881.99,0.0,CONS-017,4.0,Sem retorno,41.0,,,0.6267719498690656,False
PR-005870,2024-09-13,Mídia paga,Curitiba,PR,Apartamento,1172171.92,309085.74,84.0,744.0,26.0,5368.37,0.0,CONS-001,4.0,Sem retorno,42.0,,,0.2636863541313974,False
PR-005871,2024-11-21,Correspondente,Porto Alegre,RS,Apartamento,574756.42,287699.51,84.0,647.0,49.0,5243.6,0.0,CONS-007,3.0,Reprovada crédito,17.0,,,0.5005590194190436,False
PR-005872,2025-09-29,Organico,Florianópolis,SC,Casa,1338304.9,820430.28,240.0,736.0,56.0,7753.57,0.0,CONS-016,6.0,Contratada,18.0,2025-10-17,1.52,0.6130368946568155,True
PR-005873,2024-11-11,Correspondente,Belo Horizonte,MG,Apartamento,462222.35,235382.44,84.0,565.0,56.0,5725.66,0.0,CONS-011,3.0,Desistiu,38.0,,,0.5092407149935524,False
PR-005874,2024-07-08,Correspondente,Santos,SP,Apartamento,1095217.6,453099.2,84.0,656.0,45.0,5157.47,0.0,CONS-018,6.0,Contratada,47.0,2024-09-23,1.25,0.41370701128250675,True
PR-005875,2025-07-22,Mídia paga,Belo Horizonte,MG,Apartamento,768248.6,363961.28,120.0,721.0,62.0,5261.67,1.0,CONS-010,5.0,Desistiu,42.0,,,0.47375456330151466,False
PR-005876,2024-11-21,Organico,Santos,SP,Apartamento,581245.75,359780.32,60.0,658.0,48.0,3153.88,1.0,CONS-028,3.0,Desistiu,18.0,,,0.6189814205093113,False
PR-005877,2024-09-14,Correspondente,Florianópolis,SC,Casa,1337494.65,681950.88,84.0,631.0,44.0,7668.82,0.0,CONS-005,2.0,Desistiu,27.0,,,0.5098718563098552,False
PR-005879,2025-03-04,Indicação,São Paulo,SP,Casa,491137.0,268084.27,180.0,691.0,34.0,4502.95,0.0,CONS-030,4.0,Problema garantia,29.0,,,0.545844173825226,False
PR-005880,2024-07-25,Correspondente,Curitiba,PR,Apartamento,877867.95,498369.91,180.0,568.0,53.0,4823.21,1.0,CONS-004,4.0,Problema garantia,35.0,,,0.5677048695079938,False
PR-005881,2024-03-09,Parceria,Belo Horizonte,MG,Casa,1650709.82,715346.46,120.0,612.0,57.0,8672.78,0.0,CONS-022,2.0,Desistiu,36.0,,,0.4333568815868557,False
PR-005882,2025-08-09,Correspondente,Santos,SP,Casa,383219.54,175877.97,180.0,610.0,38.0,3626.6,0.0,CONS-003,2.0,Desistiu,26.0,,,0.45894833546326996,False
PR-005883,2025-04-17,Mídia paga,São Paulo,SP,Casa,835107.16,277677.08,240.0,670.0,52.0,13942.45,0.0,CONS-029,3.0,Desistiu,31.0,,,0.332504729093689,False
PR-005884,2025-07-02,Correspondente,Santos,SP,Apartamento,1018299.01,498826.03,240.0,667.0,50.0,5882.92,0.0,CONS-001,6.0,Contratada,62.0,2025-10-04,1.57,0.4898620396380431,True
PR-005885,2024-12-31,Organico,Curitiba,PR,Casa,971888.28,448341.55,60.0,682.0,29.0,6937.62,0.0,CONS-019,5.0,Desistiu,42.0,,,0.4613097608297118,False
PR-005886,2025-05-22,Organico,Brasília,DF,Apartamento,710704.84,362020.57,60.0,695.0,33.0,4394.33,1.0,CONS-003,3.0,Desistiu,30.0,,,0.509382446304995,False
PR-005887,2025-08-06,Parceria,Rio de Janeiro,RJ,Apartamento,752641.17,372977.2,240.0,753.0,35.0,8322.07,0.0,CONS-001,5.0,Documentação pendente,43.0,,,0.49555779681836964,False
PR-005888,2025-05-13,Mídia paga,Goiânia,GO,Apartamento,976622.24,548298.18,84.0,652.0,51.0,7315.74,0.0,CONS-027,2.0,Reprovada crédito,33.0,,,0.5614229919646311,False
PR-005889,2025-11-04,Mídia paga,Rio de Janeiro,RJ,Apartamento,274299.96,147918.49,240.0,792.0,21.0,1800.0,0.0,CONS-013,6.0,Contratada,40.0,2025-05-21,1.41,0.5392581537379735,True
PR-005890,2025-01-14,Mídia paga,Curitiba,PR,Imóvel rural,440954.79,191576.65,120.0,632.0,36.0,6919.01,0.0,CONS-020,1.0,Sem retorno,15.0,,,0.4344587117423081,False
PR-005891,2025-10-05,Mídia paga,Belo Horizonte,MG,Apartamento,991162.05,517048.4,120.0,727.0,45.0,2695.3,0.0,CONS-025,3.0,Reprovada crédito,29.0,,,0.52165879434145,False
PR-005892,2025-02-13,Organico,Campinas,SP,Sala comercial,1489278.82,703567.48,240.0,630.0,21.0,3812.39,1.0,CONS-011,6.0,Contratada,50.0,2025-04-04,1.18,0.47242159799197303,True
PR-005893,2025-03-28,Correspondente,Salvador,BA,Casa,1217277.69,812755.39,60.0,774.0,42.0,7381.99,0.0,CONS-018,4.0,Sem retorno,36.0,,,0.6676828111422958,False
PR-005894,2025-04-18,Parceria,Curitiba,PR,Apartamento,498156.16,213438.64,84.0,705.0,49.0,4841.99,0.0,CONS-011,1.0,Desistiu,3.0,,,0.42845729339169475,False
PR-005895,2025-07-26,Parceria,Florianópolis,SC,Apartamento,489555.93,386749.18,180.0,732.0,58.0,5792.75,1.0,CONS-025,2.0,Desistiu,20.0,,,0.7899999903994627,False
PR-005896,2025-06-22,Organico,Campinas,SP,Apartamento,1391198.05,709523.64,60.0,555.0,60.0,6704.73,1.0,CONS-027,6.0,Contratada,25.0,2025-07-17,1.29,0.5100090817407342,True
PR-005897,2024-05-09,Organico,São Paulo,SP,Apartamento,738172.09,347453.25,120.0,660.0,49.0,4479.28,0.0,CONS-010,2.0,Desistiu,29.0,,,0.4706941033221671,False
PR-005898,2024-06-26,Mídia paga,Recife,PE,Apartamento,293378.58,151792.22,84.0,673.0,49.0,4285.44,0.0,CONS-005,2.0,Sem retorno,26.0,,,0.5173936692992378,False
PR-005899,2025-03-17,Mídia paga,Brasília,DF,Casa,466986.39,314323.35,84.0,654.0,49.0,6287.54,0.0,CONS-010,3.0,Reprovada crédito,45.0,,,0.6730888880937194,False
PR-005900,2024-04-23,Mídia paga,Belo Horizonte,MG,Sala comercial,414026.67,194507.98,120.0,585.0,42.0,2769.24,0.0,CONS-013,2.0,Reprovada crédito,12.0,,,0.46979577426739205,False
PR-005901,2025-03-07,Indicação,Curitiba,PR,Casa,871013.4,456629.06,120.0,587.0,45.0,8718.51,1.0,CONS-011,4.0,Problema garantia,12.0,,,0.5242503272624738,False
PR-005902,2025-10-03,Organico,Brasília,DF,Apartamento,789631.26,510125.99,180.0,655.0,35.0,5813.53,0.0,CONS-017,5.0,Desistiu,37.0,,,0.6460306422012725,False
PR-005903,2024-07-11,Correspondente,Belo Horizonte,MG,Apartamento,1944418.27,950333.09,120.0,751.0,40.0,5430.13,0.0,CONS-007,4.0,Problema garantia,27.0,,,0.48874931112429837,False
PR-005904,2024-08-24,Correspondente,Campinas,SP,Apartamento,797487.36,492079.39,60.0,658.0,41.0,7498.62,0.0,CONS-026,3.0,Desistiu,37.0,,,0.6170372280257834,False
PR-005905,2024-11-05,Correspondente,Santos,SP,Sala comercial,431524.93,216244.07,84.0,707.0,32.0,5262.12,0.0,CONS-012,5.0,Desistiu,34.0,,,0.5011160537121228,False
PR-005906,2025-09-05,Organico,Salvador,BA,Sala comercial,854184.4,398016.98,60.0,725.0,46.0,4281.44,1.0,CONS-020,2.0,Desistiu,32.0,,,0.4659614247228116,False
PR-005907,2025-01-15,Correspondente,Campinas,SP,Apartamento,773338.88,320647.89,60.0,725.0,29.0,10970.02,0.0,CONS-019,4.0,Problema garantia,49.0,,,0.4146279183583787,False
PR-005908,2025-05-20,Organico,Goiânia,GO,Casa,561915.18,255698.04,84.0,626.0,38.0,3204.21,0.0,CONS-021,3.0,Sem retorno,29.0,,,0.4550473970110578,False
PR-005909,2024-05-11,Organico,Campinas,SP,Casa,299717.9,170378.03,120.0,610.0,47.0,8700.86,1.0,CONS-008,3.0,Sem retorno,17.0,,,0.5684613097849678,False
PR-005910,2024-05-17,Correspondente,Rio de Janeiro,RJ,Apartamento,285258.69,169689.27,180.0,518.0,50.0,5960.47,0.0,CONS-022,3.0,Desistiu,10.0,,,0.5948610014299651,False
PR-005911,2025-10-16,Organico,Brasília,DF,Apartamento,558776.11,245927.23,120.0,695.0,48.0,6408.99,0.0,CONS-028,5.0,Documentação pendente,35.0,,,0.44011765284668314,False
PR-005912,2025-09-03,Correspondente,Brasília,DF,Apartamento,468545.67,222836.36,120.0,642.0,40.0,2199.27,0.0,CONS-010,2.0,Reprovada crédito,6.0,,,0.47559154692433714,False
PR-005913,2024-04-21,Indicação,Curitiba,PR,Apartamento,476767.94,303466.84,84.0,586.0,53.0,11053.62,0.0,CONS-020,5.0,Documentação pendente,34.0,,,0.6365084867073907,False
PR-005914,2025-06-01,Organico,Santos,SP,Sala comercial,229385.71,104477.78,60.0,625.0,42.0,9610.31,0.0,CONS-010,6.0,Contratada,39.0,2025-02-14,1.48,0.4554676923858945,True
PR-005915,2025-03-02,Organico,Porto Alegre,RS,Apartamento,642153.04,320428.06,60.0,652.0,41.0,2860.22,0.0,CONS-001,3.0,Sem retorno,20.0,,,0.4989901784160361,False
PR-005916,2024-06-23,Organico,Curitiba,PR,Apartamento,349017.54,187356.37,120.0,832.0,33.0,4049.67,0.0,CONS-012,6.0,Contratada,54.0,2024-08-16,1.52,0.5368107574192403,True
PR-005917,2025-06-08,Correspondente,Belo Horizonte,MG,Apartamento,1169677.89,771082.07,60.0,786.0,42.0,4054.96,0.0,CONS-030,4.0,Problema garantia,39.0,,,0.6592259942606934,False
PR-005918,2024-05-29,Indicação,Curitiba,PR,Casa,556690.42,280857.26,240.0,616.0,35.0,7727.66,0.0,CONS-030,6.0,Contratada,17.0,2024-06-15,1.33,0.504512472120501,True
PR-005919,2025-07-08,Correspondente,Santos,SP,Apartamento,775933.12,412185.85,240.0,687.0,35.0,7654.93,0.0,CONS-006,5.0,Desistiu,26.0,,,0.5312131153777789,False
PR-005920,2024-05-31,Mídia paga,Salvador,BA,Casa,886080.58,349952.55,240.0,773.0,30.0,1915.35,0.0,CONS-004,3.0,Desistiu,41.0,,,0.39494438530635667,False
PR-005922,2024-10-26,Organico,Brasília,DF,Sala comercial,341567.9,138578.55,180.0,698.0,47.0,2244.04,0.0,CONS-021,2.0,Reprovada crédito,2.0,,,0.40571303685153076,False
PR-005923,2025-06-03,Indicação,Salvador,BA,Apartamento,1103681.91,536781.32,180.0,572.0,37.0,5429.23,0.0,CONS-028,4.0,Problema garantia,39.0,,,0.48635509482981376,False
PR-005924,2024-03-07,Indicação,Porto Alegre,RS,Apartamento,746038.04,389863.38,240.0,693.0,31.0,13611.82,0.0,CONS-011,4.0,Problema garantia,22.0,,,0.5225784197277661,False
PR-005925,2024-09-25,Parceria,São Paulo,SP,Apartamento,745353.85,350846.0,84.0,732.0,27.0,3273.74,0.0,CONS-006,6.0,Contratada,41.0,2024-05-11,1.29,0.47071065642177873,True
PR-005926,2024-11-18,Mídia paga,Porto Alegre,RS,Sala comercial,342296.49,256015.13,180.0,707.0,46.0,7412.3,0.0,CONS-027,2.0,Reprovada crédito,37.0,,,0.7479338453046948,False
PR-005927,2024-03-04,Mídia paga,São Paulo,SP,Apartamento,785813.97,238952.7,60.0,716.0,50.0,4642.99,0.0,CONS-029,5.0,Documentação pendente,44.0,,,0.3040830388902351,False
PR-005928,2025-10-03,Organico,Porto Alegre,RS,Apartamento,602604.16,317670.25,84.0,590.0,50.0,4577.56,0.0,CONS-022,3.0,Reprovada crédito,22.0,,,0.527162391311736,False
PR-005929,2024-11-15,Organico,Salvador,BA,Casa,197632.39,134536.1,180.0,711.0,35.0,3037.89,0.0,CONS-021,3.0,Reprovada crédito,16.0,,,0.6807391237843149,False
PR-005930,2024-08-18,Mídia paga,Belo Horizonte,MG,Apartamento,418194.59,166952.74,84.0,703.0,43.0,6347.04,0.0,CONS-014,4.0,Sem retorno,18.0,,,0.3992226202639302,False
PR-005931,2024-10-19,Correspondente,Salvador,BA,Sala comercial,627218.13,270830.57,60.0,608.0,40.0,2908.1,0.0,CONS-006,3.0,Desistiu,8.0,,,0.43179646289880047,False
PR-005932,2025-02-05,Mídia paga,Brasília,DF,Apartamento,304408.13,155129.25,60.0,550.0,41.0,4850.75,0.0,CONS-019,5.0,Documentação pendente,37.0,,,0.5096094181190233,False
PR-005933,2025-05-18,Mídia paga,Salvador,BA,Apartamento,656897.72,292747.73,84.0,622.0,39.0,2244.98,0.0,CONS-022,2.0,Reprovada crédito,21.0,,,0.44565191975396107,False
PR-005934,2024-01-12,Parceria,Porto Alegre,RS,Apartamento,834200.77,592244.87,240.0,649.0,33.0,1800.0,0.0,CONS-025,2.0,Sem retorno,32.0,,,0.7099548349733602,False
PR-005935,2025-02-15,Organico,Campinas,SP,Casa,407703.17,266699.02,84.0,615.0,49.0,13988.9,0.0,CONS-026,1.0,Sem retorno,13.0,,,0.6541499787700941,False
PR-005936,2025-04-29,Correspondente,Belo Horizonte,MG,Apartamento,467670.54,252039.9,84.0,804.0,43.0,6838.18,0.0,CONS-013,6.0,Contratada,29.0,2025-05-28,1.18,0.5389261850874764,True
PR-005937,2025-10-10,Correspondente,Curitiba,PR,Casa,578808.55,224805.83,180.0,704.0,41.0,7172.46,0.0,CONS-007,3.0,Desistiu,27.0,,,0.38839410717066974,False
PR-005938,2024-03-12,Parceria,Recife,PE,Sala comercial,493488.66,309799.78,240.0,582.0,21.0,3858.72,0.0,CONS-024,1.0,Desistiu,26.0,,,0.6277748712604664,False
PR-005939,2025-01-20,Organico,Curitiba,PR,Casa,370379.44,217352.13,180.0,663.0,32.0,5668.97,0.0,CONS-027,4.0,Problema garantia,37.0,,,0.5868363805507131,False
PR-005941,2025-02-26,Mídia paga,Goiânia,GO,Imóvel rural,572758.73,180709.15,180.0,669.0,51.0,7565.57,0.0,CONS-020,5.0,Desistiu,46.0,,,0.31550658337411985,False
PR-005942,2024-12-12,Correspondente,Campinas,SP,Apartamento,892950.44,453206.49,84.0,640.0,50.0,4547.38,1.0,CONS-021,5.0,Desistiu,41.0,,,0.5075382347087483,False
PR-005943,2025-01-02,Correspondente,Florianópolis,SC,Casa,458938.57,214090.32,120.0,751.0,37.0,8804.99,0.0,CONS-019,6.0,Contratada,41.0,2025-03-14,1.55,0.4664901448575133,True
PR-005944,2025-07-15,Correspondente,Santos,SP,Casa,1537505.59,630085.89,180.0,603.0,35.0,5982.25,0.0,CONS-006,4.0,Sem retorno,27.0,,,0.40981047099802737,False
PR-005945,2024-06-28,Correspondente,Campinas,SP,Apartamento,800221.58,489366.95,240.0,571.0,29.0,3160.98,0.0,CONS-016,4.0,Sem retorno,48.0,,,0.6115393064006097,False
PR-005946,2024-09-09,Mídia paga,Rio de Janeiro,RJ,Sala comercial,985319.89,563022.83,84.0,828.0,29.0,1800.0,1.0,CONS-006,3.0,Sem retorno,23.0,,,0.5714112094093624,False
PR-005948,2024-10-09,Correspondente,Florianópolis,SC,Apartamento,804108.47,331375.03,60.0,664.0,29.0,6513.3,0.0,CONS-016,2.0,Reprovada crédito,11.0,,,0.41210239956805833,False
PR-005949,2024-07-30,Indicação,Florianópolis,SC,Casa,709671.43,391628.96,60.0,626.0,39.0,6874.3,1.0,CONS-018,6.0,Contratada,64.0,2024-02-10,1.63,0.5518454645976096,True
PR-005951,2024-11-30,Indicação,Rio de Janeiro,RJ,Apartamento,322735.96,151513.25,84.0,750.0,46.0,10279.17,0.0,CONS-024,4.0,Sem retorno,20.0,,,0.46946503885095414,False
PR-005952,2025-05-27,Organico,Salvador,BA,Casa,938743.85,451307.98,84.0,585.0,24.0,9903.11,0.0,CONS-005,2.0,Reprovada crédito,21.0,,,0.48075732267114185,False
PR-005953,2025-01-29,Mídia paga,Recife,PE,Casa,534320.68,225291.63,180.0,652.0,51.0,3493.77,0.0,CONS-019,4.0,Problema garantia,38.0,,,0.42164123237753026,False
PR-005954,2025-05-17,Indicação,Porto Alegre,RS,Apartamento,970425.65,412259.42,60.0,596.0,34.0,2479.48,0.0,CONS-010,6.0,Contratada,9.0,2025-05-26,1.21,0.42482329274787817,True
PR-005955,2025-12-05,Mídia paga,Porto Alegre,RS,Casa,673631.56,248997.79,120.0,640.0,52.0,4729.92,0.0,CONS-026,4.0,Sem retorno,11.0,,,0.3696349826602542,False
PR-005956,2025-12-02,Indicação,São Paulo,SP,Apartamento,553647.64,296027.62,120.0,619.0,59.0,2144.28,0.0,CONS-005,2.0,Desistiu,14.0,,,0.5346859601894085,False
PR-005957,2024-07-16,Parceria,Florianópolis,SC,Sala comercial,1102602.42,614270.15,84.0,792.0,39.0,5811.24,1.0,CONS-015,6.0,Contratada,56.0,2024-10-09,1.27,0.557109379462454,True
PR-005958,2025-06-06,Organico,Recife,PE,Apartamento,1647812.05,806889.05,180.0,736.0,51.0,2734.41,0.0,CONS-009,4.0,Sem retorno,54.0,,,0.4896729878871805,False
PR-005959,2024-09-16,Organico,Brasília,DF,Apartamento,796517.89,427774.84,180.0,739.0,34.0,2804.21,0.0,CONS-002,3.0,Reprovada crédito,23.0,,,0.537056160785039,False
PR-005960,2024-05-17,Mídia paga,Porto Alegre,RS,Casa,644746.12,366384.3,180.0,656.0,41.0,4134.96,0.0,CONS-027,3.0,Reprovada crédito,22.0,,,0.5682613491338265,False
PR-005961,2024-01-09,Correspondente,Goiânia,GO,Apartamento,450404.84,169260.17,60.0,701.0,54.0,13605.24,0.0,CONS-028,4.0,Sem retorno,34.0,,,0.37579562866153926,False
PR-005962,2024-09-20,Correspondente,Recife,PE,Apartamento,845264.61,448665.71,180.0,497.0,40.0,8332.14,0.0,CONS-014,3.0,Desistiu,42.0,,,0.5307991186333946,False
PR-005963,2024-10-24,Parceria,São Paulo,SP,Casa,569119.57,367556.72,84.0,688.0,21.0,2500.67,0.0,CONS-024,2.0,Reprovada crédito,32.0,,,0.6458339150066479,False
PR-005964,2025-04-23,Organico,Campinas,SP,Imóvel rural,1070376.47,434895.59,60.0,723.0,52.0,6739.66,0.0,CONS-014,4.0,Sem retorno,30.0,,,0.4063015230519782,False
PR-005965,2024-08-05,Correspondente,Florianópolis,SC,Casa,561725.03,269740.44,120.0,623.0,39.0,11901.2,1.0,CONS-006,6.0,Contratada,53.0,2024-06-30,1.36,0.48020014347589246,True
PR-005966,2025-08-17,Mídia paga,Salvador,BA,Casa,906001.75,346534.91,60.0,753.0,30.0,7713.88,0.0,CONS-006,6.0,Contratada,72.0,2025-10-28,1.34,0.38248812433309315,True
PR-005967,2024-03-10,Organico,Rio de Janeiro,RJ,Imóvel rural,1825099.83,1168014.6,60.0,708.0,37.0,6575.07,0.0,CONS-001,6.0,Contratada,70.0,2024-12-12,1.38,0.6399729926006295,True
PR-005968,2025-12-06,Indicação,Curitiba,PR,Apartamento,714904.06,276953.95,240.0,841.0,36.0,4418.66,0.0,CONS-007,4.0,Problema garantia,20.0,,,0.3874001638765347,False
PR-005969,2025-09-06,Indicação,Florianópolis,SC,Casa,627585.74,215507.83,180.0,732.0,47.0,3732.36,0.0,CONS-008,6.0,Contratada,52.0,2025-07-31,1.45,0.3433918527211915,True
PR-005970,2025-02-17,Indicação,Goiânia,GO,Casa,477052.2,207271.01,60.0,719.0,33.0,4438.19,0.0,CONS-007,5.0,Desistiu,50.0,,,0.4344828721049814,False
PR-005971,2025-02-15,Mídia paga,Goiânia,GO,Casa,825638.87,382130.19,60.0,607.0,35.0,7815.94,0.0,CONS-014,3.0,Desistiu,15.0,,,0.4628296993817648,False
PR-005972,2024-11-18,Indicação,Curitiba,PR,Casa,830323.66,389287.92,60.0,755.0,33.0,10737.28,0.0,CONS-004,5.0,Documentação pendente,51.0,,,0.46883876583740847,False
PR-005973,2025-03-19,Mídia paga,Belo Horizonte,MG,Casa,937066.15,637615.96,84.0,707.0,31.0,1800.0,0.0,CONS-003,3.0,Sem retorno,29.0,,,0.6804385794962287,False
PR-005974,2025-10-03,Parceria,São Paulo,SP,Apartamento,665479.16,309746.9,60.0,646.0,21.0,8917.49,0.0,CONS-028,5.0,Documentação pendente,43.0,,,0.4654494364631944,False
PR-005975,2025-01-15,Mídia paga,Campinas,SP,Casa,1324026.38,739306.1,84.0,579.0,41.0,7596.95,0.0,CONS-021,2.0,Desistiu,23.0,,,0.558377167681508,False
PR-005977,2024-09-22,Mídia paga,São Paulo,SP,Apartamento,593836.45,325722.76,60.0,660.0,45.0,3539.51,0.0,CONS-006,3.0,Desistiu,31.0,,,0.5485058386025311,False
PR-005978,2024-11-22,Parceria,Santos,SP,Apartamento,1520334.03,549589.24,84.0,537.0,48.0,6046.73,0.0,CONS-030,3.0,Sem retorno,39.0,,,0.361492428081742,False
PR-005979,2024-10-08,Parceria,Brasília,DF,Apartamento,778469.92,398766.2,60.0,775.0,32.0,6330.04,0.0,CONS-011,3.0,Desistiu,17.0,,,0.512243555923137,False
PR-005980,2025-08-02,Organico,Goiânia,GO,Imóvel rural,1276690.86,446563.23,240.0,609.0,28.0,6812.6,0.0,CONS-021,5.0,Documentação pendente,40.0,,,0.3497818023072555,False
PR-005981,2024-04-12,Correspondente,Rio de Janeiro,RJ,Apartamento,882909.9,496133.92,120.0,668.0,54.0,4153.72,0.0,CONS-007,3.0,Desistiu,35.0,,,0.5619304076214345,False
PR-005982,2025-01-02,Indicação,Belo Horizonte,MG,Sala comercial,305892.87,71881.42,84.0,520.0,38.0,5466.26,0.0,CONS-013,6.0,Contratada,33.0,2025-06-03,1.31,0.23498887044997158,True
PR-005983,2025-11-08,Mídia paga,Brasília,DF,Apartamento,319456.81,107060.22,60.0,843.0,24.0,5717.26,0.0,CONS-008,6.0,Contratada,43.0,2025-09-23,1.42,0.3351320637052627,True
PR-005985,2024-10-29,Correspondente,Recife,PE,Apartamento,654580.83,280853.23,84.0,648.0,37.0,3205.18,0.0,CONS-023,4.0,Sem retorno,38.0,,,0.42905813480666705,False
PR-005986,2025-04-16,Correspondente,Goiânia,GO,Apartamento,469508.14,264247.67,120.0,685.0,21.0,4513.12,0.0,CONS-006,6.0,Contratada,42.0,2025-05-28,1.18,0.5628180802147541,True
PR-005987,2025-04-16,Organico,Florianópolis,SC,Apartamento,840865.92,511773.1,84.0,624.0,28.0,2175.01,0.0,CONS-003,2.0,Desistiu,17.0,,,0.6086262837242826,False
PR-005988,2024-10-26,Indicação,Rio de Janeiro,RJ,Apartamento,951058.74,422467.3,240.0,562.0,36.0,9243.17,0.0,CONS-024,2.0,Reprovada crédito,14.0,,,0.44420736830618895,False
PR-005989,2025-02-25,Indicação,Santos,SP,Apartamento,1857893.42,994608.71,180.0,487.0,59.0,2018.27,0.0,CONS-004,2.0,Reprovada crédito,28.0,,,0.5353421780243993,False
PR-005990,2024-04-07,Mídia paga,Santos,SP,Apartamento,490233.05,112753.6,120.0,792.0,30.0,2761.8,0.0,CONS-027,4.0,Problema garantia,18.0,,,0.2299999969402308,False
PR-005991,2024-09-30,Mídia paga,Recife,PE,Apartamento,515548.91,204390.41,240.0,746.0,30.0,11836.97,0.0,CONS-028,2.0,Desistiu,48.0,,,0.39645202624907117,False
PR-005992,2025-06-01,Indicação,Brasília,DF,Casa,1649224.94,829019.03,60.0,781.0,47.0,5531.55,0.0,CONS-017,4.0,Sem retorno,33.0,,,0.5026718975035631,False
PR-005993,2024-12-20,Correspondente,Brasília,DF,Casa,1104830.86,677037.65,120.0,572.0,53.0,3537.31,0.0,CONS-024,2.0,Desistiu,27.0,,,0.6127975552746598,False
PR-005994,2024-02-11,Parceria,Porto Alegre,RS,Casa,946430.06,391303.51,240.0,599.0,34.0,6652.28,0.0,CONS-005,2.0,Desistiu,23.0,,,0.41345211499305085,False
PR-005995,2025-09-02,Correspondente,Brasília,DF,Sala comercial,846953.7,305872.25,120.0,628.0,39.0,10020.69,1.0,CONS-019,6.0,Contratada,42.0,2025-03-23,1.18,0.3611440035033793,True
PR-005996,2025-05-07,Organico,Porto Alegre,RS,Casa,680043.63,298560.8,180.0,604.0,46.0,3482.53,0.0,CONS-008,3.0,Reprovada crédito,18.0,,,0.4390318309429646,False
PR-005997,2024-11-28,Correspondente,Salvador,BA,Imóvel rural,400626.32,180473.65,240.0,815.0,31.0,17640.18,0.0,CONS-022,5.0,Documentação pendente,57.0,,,0.45047876534921616,False
PR-005998,2025-08-20,Organico,Salvador,BA,Apartamento,719022.71,383393.29,180.0,852.0,44.0,7572.52,0.0,CONS-029,3.0,Desistiu,25.0,,,0.5332144376914048,False
PR-005999,2024-08-22,Correspondente,Florianópolis,SC,Apartamento,1783817.52,875469.68,84.0,537.0,25.0,4057.77,0.0,CONS-025,4.0,Sem retorno,28.0,,,0.4907843264147333,False
PR-006000,2024-11-30,Correspondente,Florianópolis,SC,Apartamento,497076.06,182455.17,240.0,667.0,47.0,5401.06,0.0,CONS-006,2.0,Sem retorno,24.0,,,0.36705684437910774,False
PR-006001,2025-09-05,Parceria,Salvador,BA,Apartamento,1169119.22,484230.71,84.0,736.0,55.0,4157.02,0.0,CONS-015,4.0,Sem retorno,40.0,,,0.4141842009919228,False
PR-006002,2025-03-01,Indicação,Recife,PE,Apartamento,1833230.86,1220891.98,84.0,617.0,62.0,2264.15,1.0,CONS-002,4.0,Sem retorno,22.0,,,0.6659783045546156,False
PR-006003,2024-09-23,Mídia paga,Campinas,SP,Apartamento,962558.87,418601.88,84.0,727.0,39.0,11619.93,0.0,CONS-013,4.0,Problema garantia,41.0,,,0.4348844450417874,False
PR-006004,2024-05-04,Indicação,Santos,SP,Apartamento,355330.52,217676.41,120.0,730.0,45.0,1800.0,0.0,CONS-001,4.0,Sem retorno,44.0,,,0.6126026269851517,False
PR-006005,2025-10-02,Mídia paga,Santos,SP,Apartamento,528418.46,265774.88,240.0,672.0,27.0,7052.3,0.0,CONS-016,6.0,Contratada,27.0,2025-09-03,1.5,0.5029628980032227,True
PR-006007,2025-05-03,Correspondente,Brasília,DF,Casa,817354.65,537344.1,84.0,608.0,46.0,7100.46,0.0,CONS-001,2.0,Reprovada crédito,11.0,,,0.6574185391861415,False
PR-006008,2024-07-15,Parceria,Salvador,BA,Sala comercial,721075.96,254535.74,240.0,787.0,37.0,4415.56,1.0,CONS-003,3.0,Sem retorno,22.0,,,0.3529943502762178,False
PR-006009,2025-01-28,Organico,Rio de Janeiro,RJ,Apartamento,1208153.47,740225.9,120.0,584.0,30.0,8604.88,0.0,CONS-001,6.0,Contratada,43.0,2025-12-03,1.24,0.6126919455025859,True
PR-006011,2024-08-04,Parceria,Recife,PE,Casa,735863.01,278730.99,180.0,636.0,47.0,3891.74,0.0,CONS-016,6.0,Contratada,52.0,2024-05-30,1.28,0.3787810858980396,True
PR-006012,2024-05-14,Correspondente,Salvador,BA,Apartamento,433648.53,224494.94,60.0,634.0,36.0,2207.74,0.0,CONS-018,3.0,Sem retorno,23.0,,,0.5176886913464228,False
PR-006013,2024-05-14,Mídia paga,Recife,PE,Sala comercial,1571101.46,955179.48,60.0,714.0,31.0,4444.06,1.0,CONS-017,6.0,Contratada,46.0,2024-06-29,1.21,0.6079680430059559,True
PR-006014,2024-07-27,Organico,Campinas,SP,Apartamento,1008406.34,346239.92,60.0,827.0,43.0,6270.55,1.0,CONS-009,6.0,Contratada,18.0,2024-08-14,1.25,0.3433535731241039,True
PR-006016,2025-11-09,Indicação,Curitiba,PR,Sala comercial,253256.12,126292.02,60.0,775.0,46.0,5956.32,1.0,CONS-002,4.0,Sem retorno,36.0,,,0.49867312189731094,False
PR-006017,2025-01-30,Indicação,Santos,SP,Apartamento,698366.27,274720.34,180.0,638.0,43.0,3327.82,1.0,CONS-012,4.0,Sem retorno,22.0,,,0.3933757281834359,False
PR-006018,2025-07-07,Parceria,Porto Alegre,RS,Apartamento,822772.64,318204.61,84.0,677.0,46.0,4282.69,0.0,CONS-012,6.0,Contratada,42.0,2025-08-18,1.29,0.3867467080577691,True
PR-006019,2025-12-02,Organico,Porto Alegre,RS,Apartamento,1251942.1,798535.98,60.0,685.0,48.0,4284.93,1.0,CONS-024,4.0,Sem retorno,28.0,,,0.6378377881852523,False
PR-006020,2025-02-22,Mídia paga,Campinas,SP,Casa,562537.77,285720.86,84.0,667.0,50.0,5514.02,1.0,CONS-006,4.0,Problema garantia,36.0,,,0.5079140908174041,False
PR-006021,2025-05-22,Mídia paga,Curitiba,PR,Apartamento,1048396.69,492341.81,240.0,676.0,31.0,2221.11,0.0,CONS-015,6.0,Contratada,43.0,2025-04-07,1.29,0.4696140446609003,True
PR-006022,2025-02-27,Mídia paga,Florianópolis,SC,Imóvel rural,555612.61,307085.0,240.0,737.0,53.0,2634.41,0.0,CONS-028,2.0,Desistiu,23.0,,,0.5526962392016265,False
PR-006023,2025-10-04,Parceria,Brasília,DF,Casa,767923.42,537498.95,180.0,709.0,35.0,3238.35,0.0,CONS-029,6.0,Contratada,45.0,2025-05-25,1.51,0.6999382177978111,True
PR-006024,2025-08-20,Organico,Porto Alegre,RS,Apartamento,779907.85,475852.26,60.0,698.0,32.0,3413.31,0.0,CONS-002,4.0,Sem retorno,45.0,,,0.6101390824569852,False
PR-006025,2024-07-26,Parceria,Santos,SP,Imóvel rural,1089481.13,391689.19,240.0,617.0,42.0,8305.61,0.0,CONS-015,3.0,Reprovada crédito,28.0,,,0.3595190216832852,False
PR-006026,2024-12-23,Correspondente,São Paulo,SP,Apartamento,2442263.65,1378395.48,60.0,590.0,50.0,2297.19,0.0,CONS-019,2.0,Reprovada crédito,38.0,,,0.5643925789912158,False
PR-006027,2024-08-30,Indicação,Florianópolis,SC,Apartamento,1254061.27,854871.99,60.0,652.0,63.0,9481.15,1.0,CONS-028,3.0,Desistiu,26.0,,,0.6816827936963559,False
PR-006028,2024-06-13,Mídia paga,Salvador,BA,Casa,875435.36,488548.14,120.0,714.0,39.0,5292.86,1.0,CONS-005,3.0,Sem retorno,19.0,,,0.5580630647590018,False
PR-006030,2025-06-14,Correspondente,Rio de Janeiro,RJ,Casa,914021.21,551588.19,120.0,638.0,37.0,3667.66,0.0,CONS-012,2.0,Reprovada crédito,40.0,,,0.6034741688324716,False
PR-006031,2025-03-22,Correspondente,Salvador,BA,Apartamento,723328.56,286382.89,60.0,677.0,37.0,9578.24,0.0,CONS-028,4.0,Problema garantia,31.0,,,0.3959236588141909,False
PR-006032,2024-08-18,Mídia paga,Brasília,DF,Casa,303144.53,82681.14,180.0,729.0,34.0,4476.39,0.0,CONS-002,6.0,Contratada,41.0,2024-09-28,1.2,0.27274495106344154,True
PR-006033,2025-10-01,Correspondente,Goiânia,GO,Apartamento,354361.01,150837.31,180.0,749.0,44.0,6790.43,1.0,CONS-002,6.0,Contratada,37.0,2025-02-16,1.06,0.42566000700810736,True
PR-006034,2025-04-04,Organico,Belo Horizonte,MG,Casa,841855.36,403177.24,120.0,763.0,46.0,4197.73,1.0,CONS-021,4.0,Sem retorno,41.0,,,0.4789150953436942,False
PR-006035,2025-03-01,Organico,Santos,SP,Apartamento,373670.0,227846.9,84.0,667.0,32.0,4521.97,0.0,CONS-021,2.0,Reprovada crédito,31.0,,,0.6097543286857388,False
PR-006036,2024-10-04,Organico,Rio de Janeiro,RJ,Apartamento,656975.17,226571.77,120.0,788.0,40.0,3864.7,0.0,CONS-022,2.0,Desistiu,18.0,,,0.34487113112661466,False
PR-006038,2025-05-15,Indicação,Brasília,DF,Sala comercial,775889.2,308513.85,60.0,743.0,37.0,5204.55,0.0,CONS-008,1.0,Desistiu,2.0,,,0.39762616878801765,False
PR-006039,2024-08-18,Mídia paga,Curitiba,PR,Casa,641554.47,333827.65,240.0,728.0,40.0,10898.48,1.0,CONS-016,6.0,Contratada,38.0,2024-09-25,1.28,0.5203418659057898,True
PR-006040,2025-08-14,Mídia paga,Salvador,BA,Sala comercial,967254.37,604642.04,180.0,622.0,37.0,2204.48,1.0,CONS-003,3.0,Reprovada crédito,32.0,,,0.6251117169933282,False
PR-006041,2025-01-19,Correspondente,Brasília,DF,Apartamento,775598.42,479991.28,60.0,659.0,57.0,3797.37,0.0,CONS-011,3.0,Reprovada crédito,15.0,,,0.6188657269312127,False
PR-006042,2025-09-22,Mídia paga,Goiânia,GO,Casa,528512.09,183398.12,84.0,542.0,47.0,3793.05,0.0,CONS-027,2.0,Reprovada crédito,22.0,,,0.3470083721263595,False
PR-006043,2025-02-20,Correspondente,Curitiba,PR,Casa,799001.08,582447.41,120.0,759.0,31.0,3706.73,1.0,CONS-022,3.0,Reprovada crédito,32.0,,,0.7289694902540057,False
PR-006044,2025-01-31,Organico,Santos,SP,Casa,948518.85,389950.67,240.0,621.0,23.0,6633.79,0.0,CONS-025,3.0,Reprovada crédito,39.0,,,0.4111153615977163,False
PR-006045,2025-05-17,Organico,Salvador,BA,Casa,899912.78,288185.01,180.0,642.0,52.0,7358.06,0.0,CONS-021,3.0,Reprovada crédito,38.0,,,0.3202366011515027,False
PR-006046,2025-04-28,Correspondente,Florianópolis,SC,Casa,942017.39,517973.44,120.0,683.0,36.0,4564.21,0.0,CONS-015,3.0,Desistiu,23.0,,,0.5498554968289917,False
PR-006047,2025-05-03,Parceria,Salvador,BA,Casa,521495.32,197728.27,60.0,732.0,34.0,5121.7,0.0,CONS-023,6.0,Contratada,43.0,2025-04-17,1.37,0.37915636519997914,True
PR-006048,2024-12-15,Correspondente,Goiânia,GO,Casa,584380.61,231853.57,180.0,670.0,23.0,4942.33,1.0,CONS-020,5.0,Documentação pendente,43.0,,,0.39675096338326493,False
PR-006049,2025-04-27,Parceria,Recife,PE,Casa,735915.54,363487.24,60.0,589.0,48.0,2305.83,0.0,CONS-021,3.0,Sem retorno,32.0,,,0.4939252132112878,False
PR-006050,2025-01-01,Correspondente,Rio de Janeiro,RJ,Apartamento,637462.41,253861.29,180.0,691.0,60.0,2855.87,0.0,CONS-023,1.0,Sem retorno,16.0,,,0.3982372701788016,False
PR-006051,2025-05-02,Mídia paga,Salvador,BA,Apartamento,1387743.8,536624.6,84.0,581.0,57.0,4203.3,0.0,CONS-024,3.0,Desistiu,18.0,,,0.3866885227662339,False
PR-006053,2025-01-21,Correspondente,São Paulo,SP,Casa,742806.42,438193.86,240.0,697.0,42.0,3602.7,1.0,CONS-005,4.0,Sem retorno,48.0,,,0.5899166299612757,False
PR-006054,2024-02-08,Mídia paga,Santos,SP,Casa,439908.94,224981.43,180.0,627.0,42.0,15526.73,1.0,CONS-009,6.0,Contratada,43.0,2024-09-14,1.36,0.5114272740172091,True
PR-006056,2024-03-06,Indicação,Curitiba,PR,Casa,1453851.83,1148542.95,240.0,455.0,41.0,3845.62,0.0,CONS-022,4.0,Sem retorno,39.0,,,0.7900000029576604,False
PR-006057,2025-07-31,Indicação,Santos,SP,Sala comercial,757875.45,327257.92,60.0,627.0,43.0,24499.02,0.0,CONS-011,2.0,Sem retorno,13.0,,,0.4318096331000034,False
PR-006058,2025-02-13,Parceria,Rio de Janeiro,RJ,Apartamento,345956.04,196890.85,120.0,618.0,52.0,3444.83,0.0,CONS-016,3.0,Reprovada crédito,28.0,,,0.569121007397356,False
PR-006059,2025-03-17,Indicação,Brasília,DF,Casa,250292.06,127792.09,180.0,561.0,32.0,5476.44,1.0,CONS-015,2.0,Desistiu,32.0,,,0.5105718894958154,False
PR-006060,2024-06-21,Indicação,Goiânia,GO,Apartamento,326762.3,188422.67,60.0,682.0,23.0,1933.97,0.0,CONS-004,3.0,Reprovada crédito,33.0,,,0.5766352789168151,False
PR-006061,2025-04-28,Mídia paga,Goiânia,GO,Apartamento,914644.2,346809.15,240.0,640.0,51.0,6579.93,0.0,CONS-020,3.0,Reprovada crédito,13.0,,,0.3791738361211934,False
PR-006063,2025-06-20,Indicação,Campinas,SP,Casa,1079355.31,465378.32,180.0,732.0,44.0,3182.63,0.0,CONS-029,6.0,Contratada,9.0,2025-06-29,1.34,0.43116322835341403,True
PR-006064,2025-01-24,Correspondente,Rio de Janeiro,RJ,Apartamento,759545.49,247914.37,120.0,719.0,22.0,4982.01,0.0,CONS-017,4.0,Problema garantia,32.0,,,0.3263983174990612,False
PR-006065,2024-05-26,Mídia paga,Florianópolis,SC,Casa,271839.57,195433.66,60.0,710.0,50.0,3004.85,0.0,CONS-022,4.0,Sem retorno,55.0,,,0.7189301395672455,False
PR-006066,2025-05-14,Correspondente,Salvador,BA,Apartamento,577521.56,342413.39,84.0,691.0,76.0,5129.79,0.0,CONS-011,2.0,Desistiu,16.0,,,0.5929014840588808,False
PR-006068,2025-06-23,Organico,Belo Horizonte,MG,Casa,576756.74,218298.49,120.0,696.0,53.0,1909.96,0.0,CONS-027,5.0,Desistiu,46.0,,,0.3784931754763715,False
PR-006069,2025-09-28,Correspondente,Santos,SP,Casa,583301.93,319121.69,120.0,505.0,30.0,9290.15,0.0,CONS-007,5.0,Documentação pendente,30.0,,,0.5470952067653881,False
PR-006070,2024-12-26,Indicação,Goiânia,GO,Apartamento,630575.56,213995.75,240.0,655.0,55.0,3254.88,0.0,CONS-018,2.0,Reprovada crédito,5.0,,,0.33936575340788655,False
PR-006071,2025-08-02,Mídia paga,Curitiba,PR,Apartamento,922626.87,269279.4,60.0,674.0,63.0,5443.3,0.0,CONS-005,2.0,Desistiu,20.0,,,0.2918616493360962,False
PR-006072,2024-12-27,Organico,Salvador,BA,Casa,621936.2,190519.45,60.0,635.0,39.0,2648.28,0.0,CONS-016,6.0,Contratada,27.0,2025-01-23,1.25,0.3063327878325784,True
PR-006073,2025-08-02,Indicação,Campinas,SP,Apartamento,775937.45,466910.07,60.0,634.0,41.0,4335.67,0.0,CONS-027,5.0,Documentação pendente,37.0,,,0.6017367379290689,False
PR-006074,2025-01-29,Organico,Porto Alegre,RS,Sala comercial,1496709.96,858936.9,84.0,806.0,49.0,4451.67,1.0,CONS-006,6.0,Contratada,24.0,2025-02-22,1.53,0.5738833327467133,True
PR-006075,2024-06-19,Indicação,Brasília,DF,Casa,1438771.76,582972.82,240.0,744.0,36.0,8213.33,0.0,CONS-024,6.0,Contratada,40.0,2024-07-29,1.21,0.40518783882719517,True
PR-006076,2024-11-12,Correspondente,Porto Alegre,RS,Casa,616784.12,301842.32,120.0,518.0,62.0,6260.93,0.0,CONS-013,2.0,Reprovada crédito,17.0,,,0.4893808225801923,False
PR-006078,2025-08-16,Mídia paga,Recife,PE,Sala comercial,712104.73,206317.74,60.0,675.0,42.0,7085.55,1.0,CONS-009,3.0,Reprovada crédito,34.0,,,0.28972948964964745,False
PR-006079,2025-01-29,Indicação,Salvador,BA,Apartamento,656105.44,304232.97,84.0,710.0,57.0,11021.32,0.0,CONS-006,3.0,Desistiu,32.0,,,0.46369524081373265,False
PR-006081,2025-09-02,Correspondente,Florianópolis,SC,Imóvel rural,643701.37,290227.82,180.0,617.0,49.0,6530.55,1.0,CONS-007,6.0,Contratada,27.0,2025-08-03,1.21,0.45087339180278585,True
PR-006082,2025-06-24,Indicação,Campinas,SP,Sala comercial,365182.23,151761.68,84.0,569.0,43.0,3592.78,0.0,CONS-027,6.0,Contratada,25.0,2025-07-19,1.33,0.4155779430998053,True
PR-006084,2025-03-19,Organico,Campinas,SP,Casa,803355.53,506306.38,60.0,640.0,35.0,10440.99,0.0,CONS-004,4.0,Problema garantia,58.0,,,0.6302394906026227,False
PR-006085,2025-05-04,Mídia paga,Brasília,DF,Sala comercial,692266.88,298592.98,60.0,749.0,35.0,6712.3,1.0,CONS-007,5.0,Desistiu,31.0,,,0.43132639828154135,False
PR-006086,2025-05-31,Parceria,Curitiba,PR,Apartamento,718396.45,336334.68,240.0,627.0,39.0,8716.83,0.0,CONS-012,2.0,Reprovada crédito,10.0,,,0.4681741954599024,False
PR-006087,2025-03-22,Mídia paga,Belo Horizonte,MG,Imóvel rural,355907.54,158417.06,180.0,596.0,35.0,7181.85,0.0,CONS-027,6.0,Contratada,32.0,2025-04-23,1.3,0.44510734445243844,True
PR-006088,2024-08-20,Indicação,Brasília,DF,Casa,766203.75,557308.22,84.0,697.0,48.0,2826.42,0.0,CONS-003,2.0,Desistiu,24.0,,,0.7273629501291269,False
PR-006089,2024-02-23,Correspondente,Santos,SP,Apartamento,600785.1,294054.05,60.0,667.0,52.0,5313.99,0.0,CONS-021,4.0,Problema garantia,34.0,,,0.48944963848138046,False
PR-006090,2024-10-26,Parceria,Recife,PE,Sala comercial,645730.47,383246.57,60.0,706.0,36.0,6643.96,1.0,CONS-020,3.0,Sem retorno,39.0,,,0.5935085733216213,False
PR-006091,2024-04-21,Parceria,Rio de Janeiro,RJ,Sala comercial,818880.47,390242.24,240.0,619.0,49.0,2035.41,1.0,CONS-002,3.0,Reprovada crédito,11.0,,,0.4765558030709903,False
PR-006092,2025-01-16,Correspondente,Brasília,DF,Apartamento,585028.31,301284.89,60.0,715.0,39.0,11264.33,0.0,CONS-007,1.0,Desistiu,15.0,,,0.5149919838921982,False
PR-006093,2024-04-19,Correspondente,Porto Alegre,RS,Apartamento,994766.65,527498.61,120.0,772.0,37.0,4086.3,0.0,CONS-028,1.0,Desistiu,8.0,,,0.5302737179618958,False
PR-006094,2025-05-01,Parceria,Rio de Janeiro,RJ,Sala comercial,413155.79,110408.4,120.0,727.0,56.0,8754.53,0.0,CONS-026,5.0,Desistiu,47.0,,,0.2672318836436977,False
PR-006097,2024-11-17,Organico,Recife,PE,Apartamento,1039789.31,583512.71,180.0,825.0,24.0,11009.51,0.0,CONS-029,3.0,Desistiu,24.0,,,0.5611836017048492,False
PR-006098,2024-10-26,Mídia paga,Goiânia,GO,Apartamento,641823.87,201388.5,180.0,653.0,50.0,22708.95,0.0,CONS-002,3.0,Sem retorno,12.0,,,0.3137753352800668,False
PR-006099,2024-11-27,Organico,Recife,PE,Sala comercial,797831.66,483314.29,84.0,615.0,45.0,9044.39,0.0,CONS-009,4.0,Problema garantia,6.0,,,0.6057847967577521,False
PR-006101,2025-04-02,Mídia paga,Rio de Janeiro,RJ,Apartamento,1406655.25,498387.03,120.0,689.0,44.0,2260.31,0.0,CONS-003,4.0,Problema garantia,43.0,,,0.3543064514208439,False
PR-006103,2024-09-15,Correspondente,Brasília,DF,Apartamento,919344.38,361378.09,120.0,594.0,32.0,12653.53,0.0,CONS-022,4.0,Sem retorno,32.0,,,0.39308239421662644,False
PR-006104,2025-09-09,Correspondente,Santos,SP,Casa,932400.45,354482.79,84.0,703.0,22.0,6505.89,0.0,CONS-030,3.0,Reprovada crédito,30.0,,,0.3801829889721739,False
PR-006105,2024-12-28,Correspondente,São Paulo,SP,Apartamento,394532.74,235754.65,120.0,682.0,43.0,8255.39,0.0,CONS-005,3.0,Sem retorno,43.0,,,0.5975540838511907,False
PR-006106,2025-12-03,Mídia paga,Brasília,DF,Sala comercial,742368.03,346758.02,120.0,714.0,36.0,11893.12,0.0,CONS-025,1.0,Sem retorno,20.0,,,0.4670971889778174,False
PR-006107,2024-12-22,Organico,Recife,PE,Casa,405312.12,180423.21,60.0,639.0,38.0,11946.01,1.0,CONS-010,3.0,Reprovada crédito,33.0,,,0.4451463479552499,False
PR-006108,2024-09-13,Indicação,Santos,SP,Casa,724970.17,376111.93,120.0,798.0,45.0,3468.27,0.0,CONS-027,4.0,Problema garantia,35.0,,,0.5187964216513901,False
PR-006109,2025-12-02,Correspondente,São Paulo,SP,Apartamento,1624400.79,731668.51,84.0,673.0,57.0,9682.05,1.0,CONS-027,3.0,Sem retorno,10.0,,,0.45042363590576684,False
PR-006111,2025-12-02,Organico,Campinas,SP,Sala comercial,876445.98,505978.91,240.0,679.0,34.0,4511.29,0.0,CONS-014,2.0,Desistiu,41.0,,,0.5773075826076582,False
PR-006112,2025-06-28,Indicação,Brasília,DF,Casa,787048.07,437210.79,120.0,743.0,32.0,3718.63,0.0,CONS-024,5.0,Documentação pendente,26.0,,,0.5555070988230745,False
PR-006113,2024-04-11,Organico,Belo Horizonte,MG,Casa,444129.99,210266.99,84.0,764.0,43.0,4211.74,0.0,CONS-011,6.0,Contratada,56.0,2024-12-30,1.27,0.4734356939057414,True
PR-006115,2024-10-15,Mídia paga,Curitiba,PR,Casa,508674.92,249636.07,120.0,669.0,42.0,3370.64,0.0,CONS-007,2.0,Reprovada crédito,33.0,,,0.49075757460186953,False
PR-006116,2025-03-28,Mídia paga,Salvador,BA,Apartamento,318509.03,126537.5,120.0,683.0,25.0,3872.61,1.0,CONS-026,3.0,Sem retorno,16.0,,,0.3972807301570068,False
PR-006117,2024-02-06,Parceria,Florianópolis,SC,Casa,1115316.24,697765.31,120.0,680.0,48.0,7261.51,0.0,CONS-024,5.0,Documentação pendente,38.0,,,0.6256210435884983,False
PR-006118,2024-08-16,Correspondente,Recife,PE,Sala comercial,574092.23,290796.95,60.0,628.0,40.0,2558.28,0.0,CONS-001,3.0,Sem retorno,24.0,,,0.5065335059490355,False
PR-006119,2025-04-24,Indicação,Recife,PE,Apartamento,389718.87,234541.36,84.0,844.0,51.0,8910.04,0.0,CONS-011,4.0,Problema garantia,38.0,,,0.6018219235830177,False
PR-006120,2025-12-06,Correspondente,Curitiba,PR,Apartamento,441160.28,168330.18,240.0,704.0,22.0,3265.59,0.0,CONS-023,5.0,Desistiu,39.0,,,0.3815624108317276,False
PR-006121,2025-03-16,Organico,Salvador,BA,Apartamento,1175755.75,303343.04,180.0,553.0,51.0,5288.01,0.0,CONS-030,4.0,Sem retorno,34.0,,,0.25799834702062907,False
PR-006122,2025-03-27,Mídia paga,Rio de Janeiro,RJ,Casa,450090.3,224027.33,60.0,584.0,36.0,3722.1,0.0,CONS-014,4.0,Sem retorno,27.0,,,0.4977386315590449,False
PR-006123,2024-10-16,Organico,Santos,SP,Apartamento,1018548.0,573937.74,84.0,730.0,39.0,5801.27,0.0,CONS-026,3.0,Reprovada crédito,17.0,,,0.5634861979995052,False
PR-006124,2025-05-16,Parceria,Campinas,SP,Casa,1011899.74,458125.93,60.0,654.0,43.0,2838.86,0.0,CONS-003,3.0,Reprovada crédito,18.0,,,0.45273846003755275,False
PR-006125,2025-10-28,Correspondente,Porto Alegre,RS,Sala comercial,973468.73,483267.16,180.0,730.0,53.0,11620.34,0.0,CONS-001,5.0,Desistiu,38.0,,,0.496438298536821,False
PR-006126,2024-09-17,Correspondente,Santos,SP,Casa,315329.14,193445.4,120.0,650.0,35.0,12174.28,0.0,CONS-008,1.0,Sem retorno,21.0,,,0.613471371532615,False
PR-006127,2025-06-16,Correspondente,Campinas,SP,Apartamento,789964.07,352998.55,120.0,711.0,41.0,5423.56,0.0,CONS-015,4.0,Problema garantia,51.0,,,0.44685393096422726,False
PR-006128,2025-12-03,Parceria,Belo Horizonte,MG,Apartamento,1569948.42,946955.17,120.0,763.0,36.0,11654.88,0.0,CONS-017,4.0,Sem retorno,37.0,,,0.6031759756795068,False
PR-006129,2025-06-29,Organico,Salvador,BA,Apartamento,255907.7,111491.5,240.0,710.0,44.0,3019.8,1.0,CONS-014,6.0,Contratada,14.0,2025-07-13,1.28,0.4356707516030193,True
PR-006130,2024-03-15,Organico,Recife,PE,Casa,1095616.99,533139.87,240.0,610.0,42.0,9989.7,1.0,CONS-008,5.0,Documentação pendente,35.0,,,0.48661153931174433,False
PR-006131,2024-07-06,Correspondente,Salvador,BA,Casa,957631.24,334006.87,240.0,541.0,41.0,3764.92,0.0,CONS-026,6.0,Contratada,14.0,2024-06-21,1.34,0.3487844339748148,True
PR-006132,2025-03-25,Parceria,Salvador,BA,Apartamento,292752.8,159768.17,84.0,633.0,24.0,2579.7,0.0,CONS-023,1.0,Sem retorno,20.0,,,0.5457442934790036,False
PR-006133,2024-09-21,Mídia paga,São Paulo,SP,Casa,806759.04,392910.93,84.0,728.0,44.0,5823.14,0.0,CONS-025,6.0,Contratada,20.0,2024-11-10,1.31,0.4870238950157906,True
PR-006134,2025-01-16,Mídia paga,Santos,SP,Casa,692656.46,229972.8,180.0,497.0,40.0,5022.61,0.0,CONS-019,3.0,Sem retorno,37.0,,,0.3320156719537417,False
PR-006135,2025-11-01,Correspondente,São Paulo,SP,Apartamento,742229.94,412804.15,84.0,756.0,53.0,8204.46,0.0,CONS-013,4.0,Sem retorno,39.0,,,0.5561674728454097,False
PR-006137,2024-11-19,Correspondente,Belo Horizonte,MG,Casa,386354.41,148832.32,180.0,726.0,35.0,2204.56,0.0,CONS-012,3.0,Reprovada crédito,24.0,,,0.38522226263704357,False
PR-006138,2025-02-18,Correspondente,Campinas,SP,Sala comercial,1651270.7,509974.45,84.0,770.0,36.0,3286.0,0.0,CONS-014,6.0,Contratada,49.0,2025-08-04,1.3,0.3088375818695263,True
PR-006139,2025-07-13,Correspondente,São Paulo,SP,Casa,647627.52,322812.85,240.0,761.0,46.0,3346.19,1.0,CONS-014,6.0,Contratada,28.0,2025-10-08,1.43,0.49845449742469244,True
PR-006140,2024-08-06,Indicação,Goiânia,GO,Apartamento,158505.53,76783.57,84.0,675.0,64.0,3401.33,0.0,CONS-001,1.0,Sem retorno,23.0,,,0.4844220261589612,False
PR-006141,2024-11-14,Correspondente,Brasília,DF,Casa,443957.91,214099.22,60.0,691.0,34.0,5696.63,0.0,CONS-023,3.0,Sem retorno,33.0,,,0.4822511665576586,False
PR-006142,2025-09-02,Correspondente,Brasília,DF,Casa,468743.8,252424.56,240.0,675.0,55.0,2650.23,0.0,CONS-009,3.0,Sem retorno,34.0,,,0.5385128507299723,False
PR-006143,2025-03-26,Organico,Santos,SP,Casa,516590.12,228577.57,180.0,649.0,25.0,8201.67,0.0,CONS-023,3.0,Desistiu,15.0,,,0.4424737546277502,False
PR-006144,2025-11-05,Organico,Rio de Janeiro,RJ,Apartamento,1042573.02,649758.75,240.0,502.0,58.0,8802.51,0.0,CONS-002,4.0,Problema garantia,31.0,,,0.6232261314416135,False
PR-006145,2024-02-09,Organico,Rio de Janeiro,RJ,Casa,1499521.47,573000.61,60.0,565.0,42.0,3044.45,0.0,CONS-003,5.0,Documentação pendente,39.0,,,0.38212231132642605,False
PR-006146,2025-08-19,Organico,Santos,SP,Apartamento,508940.19,312850.33,240.0,737.0,27.0,11315.05,0.0,CONS-028,5.0,Documentação pendente,48.0,,,0.6147094219460247,False
PR-006147,2024-11-14,Correspondente,Salvador,BA,Casa,1713298.98,1059075.78,84.0,688.0,46.0,3034.34,1.0,CONS-007,2.0,Sem retorno,28.0,,,0.6181500090544617,False
PR-006148,2024-10-10,Correspondente,Florianópolis,SC,Sala comercial,680951.66,371435.49,84.0,581.0,35.0,3431.23,0.0,CONS-008,6.0,Contratada,42.0,2024-11-21,1.24,0.545465283101006,True
PR-006150,2025-03-17,Indicação,Rio de Janeiro,RJ,Apartamento,1446538.26,894346.25,120.0,718.0,51.0,2778.35,0.0,CONS-024,3.0,Desistiu,35.0,,,0.6182665711171719,False
PR-006151,2025-08-17,Correspondente,Campinas,SP,Apartamento,267690.36,196253.63,84.0,818.0,51.0,6804.21,1.0,CONS-030,2.0,Sem retorno,21.0,,,0.7331367106383659,False
PR-006152,2025-06-30,Parceria,São Paulo,SP,Imóvel rural,1190136.09,603968.82,60.0,653.0,54.0,9320.32,0.0,CONS-002,3.0,Reprovada crédito,12.0,,,0.5074787875729404,False
PR-006153,2024-09-12,Correspondente,Santos,SP,Casa,454994.16,246638.48,240.0,643.0,38.0,5840.82,1.0,CONS-030,4.0,Sem retorno,30.0,,,0.5420695509586322,False
PR-006154,2025-12-05,Indicação,Goiânia,GO,Casa,633624.41,277524.03,84.0,744.0,41.0,2597.2,0.0,CONS-004,6.0,Contratada,50.0,2025-01-07,1.19,0.43799453685819967,True
PR-006155,2025-05-16,Indicação,Santos,SP,Imóvel rural,703745.29,428581.46,60.0,648.0,43.0,3783.58,0.0,CONS-018,2.0,Reprovada crédito,35.0,,,0.6090008218740618,False
PR-006156,2025-02-19,Organico,Curitiba,PR,Casa,365103.5,185735.07,60.0,586.0,32.0,2449.29,1.0,CONS-019,3.0,Reprovada crédito,34.0,,,0.5087189522970884,False
PR-006157,2025-04-19,Indicação,Florianópolis,SC,Casa,960212.56,544757.9,180.0,612.0,64.0,4940.15,0.0,CONS-018,1.0,Sem retorno,16.0,,,0.5673305293986156,False
PR-006158,2024-09-20,Parceria,Recife,PE,Apartamento,681375.06,328035.25,240.0,703.0,29.0,11841.32,1.0,CONS-015,6.0,Contratada,48.0,2024-07-11,1.39,0.4814312546162168,True
PR-006159,2024-09-20,Parceria,Rio de Janeiro,RJ,Apartamento,441314.45,253723.01,240.0,644.0,39.0,12282.69,0.0,CONS-020,4.0,Sem retorno,8.0,,,0.5749256794106787,False
PR-006160,2024-06-28,Correspondente,Recife,PE,Apartamento,896439.9,327893.68,180.0,712.0,37.0,6718.83,0.0,CONS-003,3.0,Desistiu,36.0,,,0.3657731879181192,False
PR-006161,2025-01-24,Mídia paga,Santos,SP,Apartamento,665337.04,379172.09,84.0,733.0,21.0,7551.6,1.0,CONS-030,2.0,Desistiu,28.0,,,0.5698947558969512,False
PR-006162,2024-10-12,Mídia paga,Belo Horizonte,MG,Sala comercial,809652.34,466420.83,180.0,672.0,28.0,5956.28,0.0,CONS-022,2.0,Desistiu,33.0,,,0.5760754424547208,False
PR-006163,2025-01-30,Correspondente,Campinas,SP,Apartamento,334574.6,204280.94,60.0,694.0,36.0,2556.47,0.0,CONS-029,2.0,Sem retorno,22.0,,,0.6105691824782874,False
PR-006164,2025-03-19,Mídia paga,Recife,PE,Apartamento,946058.27,493416.13,180.0,716.0,43.0,7236.44,0.0,CONS-008,2.0,Desistiu,23.0,,,0.5215494073108203,False
PR-006165,2025-03-26,Organico,Rio de Janeiro,RJ,Apartamento,888693.48,504214.64,120.0,635.0,30.0,3388.88,0.0,CONS-024,3.0,Desistiu,29.0,,,0.567366196947906,False
PR-006166,2024-03-08,Mídia paga,Florianópolis,SC,Casa,538234.61,351698.84,60.0,671.0,41.0,8063.48,0.0,CONS-027,3.0,Desistiu,35.0,,,0.6534303693328083,False
PR-006167,2024-10-26,Parceria,Campinas,SP,Apartamento,595479.87,370455.64,60.0,693.0,42.0,5574.84,0.0,CONS-020,2.0,Desistiu,10.0,,,0.6221127844338382,False
PR-006169,2025-04-29,Parceria,Santos,SP,Apartamento,527723.54,298496.02,84.0,744.0,43.0,12112.15,0.0,CONS-012,4.0,Sem retorno,38.0,,,0.5656295339790982,False
PR-006170,2024-05-30,Mídia paga,Rio de Janeiro,RJ,Apartamento,422268.52,223494.07,120.0,771.0,32.0,3783.67,1.0,CONS-013,6.0,Contratada,31.0,2024-06-30,1.08,0.5292700246752943,True
PR-006171,2025-01-01,Correspondente,Campinas,SP,Casa,581633.9,280402.93,120.0,693.0,53.0,13040.46,0.0,CONS-029,3.0,Reprovada crédito,34.0,,,0.48209523206952,False
PR-006172,2025-06-20,Parceria,Belo Horizonte,MG,Apartamento,421747.5,258955.42,84.0,652.0,40.0,4649.03,0.0,CONS-006,1.0,Desistiu,30.0,,,0.6140058210185004,False
PR-006173,2024-07-10,Parceria,Curitiba,PR,Apartamento,576931.43,293270.79,84.0,604.0,37.0,5018.75,0.0,CONS-030,1.0,Desistiu,14.0,,,0.5083286760785418,False
PR-006174,2024-10-30,Organico,Santos,SP,Apartamento,1946700.55,1213263.01,240.0,803.0,49.0,5549.34,1.0,CONS-029,3.0,Desistiu,13.0,,,0.6232406982162716,False
PR-006175,2025-04-23,Parceria,São Paulo,SP,Imóvel rural,389730.44,227875.91,84.0,646.0,36.0,8153.59,0.0,CONS-005,3.0,Sem retorno,33.0,,,0.5847013386996407,False
PR-006176,2024-09-27,Mídia paga,Brasília,DF,Apartamento,871344.52,263772.62,60.0,759.0,41.0,11336.95,0.0,CONS-006,6.0,Contratada,30.0,2024-10-27,1.49,0.30271908980388146,True
PR-006177,2025-04-25,Organico,Salvador,BA,Casa,874298.69,416705.49,60.0,598.0,46.0,16763.07,0.0,CONS-013,4.0,Sem retorno,47.0,,,0.4766168527600104,False
PR-006179,2025-08-02,Correspondente,Rio de Janeiro,RJ,Casa,1683832.44,863987.25,60.0,606.0,41.0,6744.23,0.0,CONS-012,5.0,Desistiu,28.0,,,0.5131076165749604,False
PR-006180,2024-08-05,Correspondente,Goiânia,GO,Imóvel rural,1359461.57,550730.36,120.0,693.0,53.0,3023.18,1.0,CONS-028,1.0,Sem retorno,11.0,,,0.4051091786287125,False
PR-006181,2025-06-04,Organico,São Paulo,SP,Apartamento,760244.18,349902.42,240.0,619.0,48.0,3981.8,0.0,CONS-004,3.0,Desistiu,27.0,,,0.46025004755708876,False
PR-006183,2025-10-28,Parceria,Belo Horizonte,MG,Apartamento,545000.92,384624.36,120.0,742.0,29.0,7213.97,0.0,CONS-023,2.0,Reprovada crédito,9.0,,,0.705731579315499,False
PR-006184,2025-02-21,Organico,Belo Horizonte,MG,Casa,595354.68,220639.59,120.0,621.0,36.0,7681.49,1.0,CONS-021,5.0,Documentação pendente,39.0,,,0.37060192421767807,False
PR-006185,2024-12-25,Organico,Brasília,DF,Casa,749516.68,346996.12,60.0,738.0,48.0,4248.8,1.0,CONS-004,6.0,Contratada,46.0,2025-09-02,1.4,0.4629598369978904,True
PR-006186,2025-04-16,Organico,Salvador,BA,Sala comercial,397682.56,217373.1,84.0,775.0,21.0,9093.44,0.0,CONS-017,4.0,Sem retorno,24.0,,,0.5465995290313963,False
PR-006187,2025-03-03,Correspondente,Porto Alegre,RS,Apartamento,415288.42,264175.06,60.0,627.0,27.0,3358.97,0.0,CONS-016,4.0,Sem retorno,29.0,,,0.6361243109066225,False
PR-006188,2025-09-26,Mídia paga,Campinas,SP,Apartamento,855143.34,515625.84,84.0,723.0,35.0,4953.0,0.0,CONS-008,4.0,Sem retorno,26.0,,,0.6029700704913401,False
PR-006189,2025-03-06,Mídia paga,Rio de Janeiro,RJ,Casa,462630.85,114138.86,240.0,781.0,25.0,10361.39,0.0,CONS-022,6.0,Contratada,26.0,2025-06-29,1.31,0.24671692343906595,True
PR-006190,2024-09-24,Mídia paga,São Paulo,SP,Sala comercial,285662.22,172995.73,180.0,660.0,55.0,8304.18,0.0,CONS-003,4.0,Problema garantia,44.0,,,0.6055954126520476,False
PR-006191,2025-03-18,Mídia paga,Curitiba,PR,Casa,639112.99,317105.6,84.0,722.0,33.0,2920.28,0.0,CONS-021,4.0,Problema garantia,30.0,,,0.4961651616563137,False
PR-006192,2025-07-04,Organico,Florianópolis,SC,Apartamento,642302.19,324724.22,120.0,700.0,33.0,8281.24,0.0,CONS-004,6.0,Contratada,38.0,2025-05-15,1.26,0.5055629967570249,True
PR-006193,2024-09-05,Indicação,Salvador,BA,Casa,425932.29,242286.18,84.0,651.0,38.0,4722.2,1.0,CONS-008,6.0,Contratada,40.0,2024-06-18,1.39,0.5688373144942827,True
PR-006194,2024-05-07,Correspondente,Florianópolis,SC,Casa,1082836.3,434767.19,60.0,583.0,46.0,5679.28,0.0,CONS-024,1.0,Desistiu,32.0,,,0.4015077717656861,False
PR-006195,2024-08-18,Parceria,Porto Alegre,RS,Imóvel rural,1748002.98,720998.48,60.0,594.0,48.0,5684.75,1.0,CONS-009,4.0,Problema garantia,38.0,,,0.4124698231349697,False
PR-006196,2025-09-23,Correspondente,Campinas,SP,Apartamento,588038.19,184272.17,240.0,776.0,48.0,10282.99,0.0,CONS-027,6.0,Contratada,77.0,2025-09-12,1.26,0.31336769130589975,True
PR-006197,2025-01-20,Mídia paga,Goiânia,GO,Apartamento,826682.64,364630.34,240.0,708.0,39.0,2095.46,1.0,CONS-009,6.0,Contratada,57.0,2025-03-18,1.33,0.4410765659721608,True
PR-006198,2025-04-01,Correspondente,Belo Horizonte,MG,Apartamento,594009.0,322428.66,60.0,753.0,62.0,5828.64,1.0,CONS-003,4.0,Problema garantia,44.0,,,0.5428009676621061,False
PR-006199,2025-09-11,Correspondente,Rio de Janeiro,RJ,Apartamento,454033.76,258458.28,240.0,560.0,49.0,6380.37,1.0,CONS-004,3.0,Desistiu,18.0,,,0.5692490355783235,False
PR-006200,2025-08-01,Organico,Porto Alegre,RS,Apartamento,575494.05,392972.81,84.0,794.0,30.0,11055.99,0.0,CONS-019,2.0,Sem retorno,34.0,,,0.682844262247368,False
PR-006201,2024-04-20,Indicação,Recife,PE,Apartamento,602830.96,329382.75,84.0,629.0,39.0,6985.78,1.0,CONS-027,6.0,Contratada,42.0,2024-01-06,1.36,0.5463932210780946,True
PR-006202,2024-08-11,Organico,Recife,PE,Apartamento,1433801.74,917941.12,240.0,696.0,48.0,6988.54,0.0,CONS-028,2.0,Desistiu,20.0,,,0.6402148179845283,False
PR-006203,2024-05-21,Mídia paga,Goiânia,GO,Apartamento,1121679.8,659160.11,84.0,523.0,46.0,3994.61,0.0,CONS-017,2.0,Desistiu,20.0,,,0.5876544357846152,False
PR-006205,2024-03-09,Organico,Florianópolis,SC,Casa,762442.15,353403.35,180.0,790.0,43.0,2984.63,0.0,CONS-023,2.0,Sem retorno,21.0,,,0.4635149696275317,False
PR-006206,2024-09-12,Parceria,Rio de Janeiro,RJ,Casa,1216781.61,453050.01,84.0,599.0,41.0,5080.21,1.0,CONS-011,5.0,Documentação pendente,34.0,,,0.37233469529507435,False
PR-006207,2024-04-08,Parceria,São Paulo,SP,Apartamento,1890694.59,1205478.87,120.0,599.0,31.0,12596.47,0.0,CONS-019,3.0,Reprovada crédito,37.0,,,0.6375851903188658,False
PR-006208,2025-01-28,Indicação,Curitiba,PR,Apartamento,645103.95,239432.79,120.0,657.0,45.0,3974.96,0.0,CONS-009,6.0,Contratada,29.0,2025-02-26,1.49,0.37115381172290146,True
PR-006210,2025-02-25,Organico,Belo Horizonte,MG,Apartamento,651181.6,149771.77,84.0,677.0,21.0,4469.95,0.0,CONS-023,4.0,Sem retorno,23.0,,,0.23000000307133986,False
PR-006211,2025-06-27,Parceria,Goiânia,GO,Sala comercial,695275.66,294656.14,180.0,576.0,33.0,8822.85,1.0,CONS-020,6.0,Contratada,43.0,2025-09-08,1.5,0.4237975769207856,True
PR-006212,2025-04-29,Mídia paga,Rio de Janeiro,RJ,Apartamento,269564.95,100155.23,120.0,727.0,60.0,1867.84,0.0,CONS-020,3.0,Desistiu,43.0,,,0.3715439637089317,False
PR-006213,2025-04-30,Correspondente,Brasília,DF,Sala comercial,434363.82,186965.41,240.0,584.0,43.0,9172.69,1.0,CONS-026,6.0,Contratada,48.0,2025-06-17,1.43,0.43043504406052974,True
PR-006214,2025-11-03,Mídia paga,Porto Alegre,RS,Apartamento,985572.4,383969.57,60.0,608.0,49.0,5204.55,0.0,CONS-018,5.0,Desistiu,30.0,,,0.3895904248130325,False
PR-006215,2025-03-27,Correspondente,Santos,SP,Sala comercial,1061218.86,354366.15,240.0,698.0,46.0,1894.95,0.0,CONS-016,3.0,Reprovada crédito,22.0,,,0.3339237205037988,False
PR-006216,2025-02-15,Indicação,Recife,PE,Sala comercial,638770.29,462757.42,180.0,692.0,42.0,14779.74,0.0,CONS-016,2.0,Sem retorno,27.0,,,0.7244504436798398,False
PR-006217,2024-03-13,Correspondente,Santos,SP,Apartamento,660231.72,366607.59,180.0,779.0,27.0,2472.98,0.0,CONS-008,3.0,Reprovada crédito,47.0,,,0.5552710948210728,False
PR-006218,2025-03-16,Mídia paga,Porto Alegre,RS,Apartamento,389940.04,222466.33,180.0,710.0,30.0,3620.6,1.0,CONS-028,3.0,Desistiu,31.0,,,0.5705142000806073,False
PR-006219,2025-06-26,Organico,Salvador,BA,Apartamento,374503.36,184100.78,84.0,742.0,41.0,8543.87,1.0,CONS-011,4.0,Problema garantia,40.0,,,0.49158645732844697,False
PR-006220,2025-09-16,Parceria,Campinas,SP,Apartamento,811512.92,469131.55,180.0,690.0,30.0,2414.93,0.0,CONS-013,3.0,Reprovada crédito,26.0,,,0.5780949858444644,False
PR-006222,2025-06-05,Organico,Campinas,SP,Apartamento,1581323.94,798730.94,120.0,670.0,46.0,4574.09,0.0,CONS-018,6.0,Contratada,37.0,2025-12-06,1.67,0.5051026673257093,True
PR-006223,2024-11-09,Indicação,Campinas,SP,Casa,338621.53,160852.39,120.0,599.0,38.0,4165.55,0.0,CONS-018,2.0,Reprovada crédito,25.0,,,0.4750211541481134,False
PR-006224,2024-07-12,Mídia paga,Goiânia,GO,Casa,381568.2,164780.37,240.0,784.0,22.0,6420.36,0.0,CONS-006,4.0,Problema garantia,47.0,,,0.4318503743236464,False
PR-006225,2025-04-03,Organico,Florianópolis,SC,Casa,731090.25,435628.41,120.0,697.0,56.0,5694.92,0.0,CONS-002,1.0,Desistiu,8.0,,,0.5958613317576045,False
PR-006226,2024-03-12,Indicação,Recife,PE,Apartamento,491278.87,289116.42,120.0,708.0,42.0,10494.77,0.0,CONS-009,5.0,Documentação pendente,37.0,,,0.5884975675831529,False
PR-006227,2024-01-29,Mídia paga,Brasília,DF,Apartamento,722179.29,442241.56,240.0,724.0,30.0,13820.35,0.0,CONS-024,6.0,Contratada,64.0,2024-02-04,1.49,0.6123708698431383,True
PR-006228,2025-05-29,Parceria,Belo Horizonte,MG,Apartamento,1024374.76,533889.33,180.0,716.0,34.0,3465.9,0.0,CONS-020,4.0,Problema garantia,38.0,,,0.5211855571295021,False
PR-006229,2025-03-07,Organico,Porto Alegre,RS,Apartamento,2032883.93,898211.12,60.0,642.0,34.0,8366.05,0.0,CONS-007,4.0,Problema garantia,26.0,,,0.44184082856122536,False
PR-006231,2025-02-22,Organico,Salvador,BA,Casa,264823.5,110117.99,180.0,676.0,46.0,2915.11,0.0,CONS-029,4.0,Problema garantia,53.0,,,0.4158165344087666,False
PR-006232,2024-11-26,Correspondente,Campinas,SP,Apartamento,897640.5,479293.05,84.0,539.0,33.0,4757.84,0.0,CONS-014,2.0,Reprovada crédito,2.0,,,0.5339476661313745,False
PR-006233,2025-02-28,Indicação,Brasília,DF,Sala comercial,830012.52,387620.87,84.0,689.0,54.0,11353.47,0.0,CONS-002,2.0,Reprovada crédito,23.0,,,0.467006051908711,False
PR-006235,2024-12-29,Correspondente,São Paulo,SP,Casa,409538.34,213886.56,180.0,628.0,21.0,5242.0,0.0,CONS-019,5.0,Documentação pendente,34.0,,,0.5222626042777826,False
PR-006238,2024-02-11,Parceria,Santos,SP,Apartamento,684772.38,363900.05,120.0,679.0,39.0,4283.22,1.0,CONS-016,6.0,Contratada,47.0,2024-12-19,1.05,0.5314175346850292,True
PR-006239,2024-05-17,Parceria,Porto Alegre,RS,Casa,1093271.18,577402.97,180.0,644.0,40.0,2002.32,0.0,CONS-004,2.0,Desistiu,33.0,,,0.5281424961737307,False
PR-006240,2025-04-23,Correspondente,Curitiba,PR,Apartamento,826028.32,459698.05,60.0,709.0,28.0,6072.33,1.0,CONS-015,4.0,Sem retorno,46.0,,,0.5565160889399047,False
PR-006241,2025-06-16,Correspondente,Santos,SP,Apartamento,707905.78,377106.1,240.0,722.0,37.0,6186.5,0.0,CONS-003,4.0,Sem retorno,54.0,,,0.5327066265795993,False
PR-006242,2024-11-27,Indicação,Rio de Janeiro,RJ,Sala comercial,1036692.54,406732.74,120.0,759.0,50.0,5526.28,0.0,CONS-024,3.0,Reprovada crédito,24.0,,,0.39233690251113407,False
PR-006243,2024-04-12,Mídia paga,Florianópolis,SC,Apartamento,1400011.79,600868.26,240.0,714.0,35.0,6453.54,0.0,CONS-009,6.0,Contratada,44.0,2025-01-17,1.45,0.4291879999096293,True
PR-006244,2025-04-16,Parceria,Brasília,DF,Casa,227739.12,126872.64,240.0,658.0,41.0,2094.03,0.0,CONS-022,3.0,Desistiu,31.0,,,0.5570963829139236,False
PR-006245,2025-06-09,Correspondente,Brasília,DF,Apartamento,533407.84,339178.93,180.0,597.0,44.0,3575.19,0.0,CONS-018,4.0,Sem retorno,39.0,,,0.6358716624787517,False
PR-006246,2025-01-05,Correspondente,Recife,PE,Apartamento,698357.34,422552.99,120.0,755.0,37.0,4464.79,0.0,CONS-022,3.0,Reprovada crédito,20.0,,,0.6050670134003318,False
PR-006247,2024-06-04,Parceria,Campinas,SP,Apartamento,517050.56,279919.74,60.0,613.0,38.0,3868.9,0.0,CONS-002,4.0,Sem retorno,16.0,,,0.541377887686651,False
PR-006248,2025-03-29,Mídia paga,Rio de Janeiro,RJ,Casa,724501.41,456491.21,60.0,729.0,45.0,4365.19,1.0,CONS-027,5.0,Desistiu,42.0,,,0.6300763583055,False
PR-006249,2025-01-20,Organico,Goiânia,GO,Casa,1633248.09,668478.27,180.0,728.0,38.0,3442.86,0.0,CONS-007,5.0,Documentação pendente,47.0,,,0.40929377116246923,False
PR-006250,2024-10-16,Correspondente,Curitiba,PR,Casa,612074.85,333219.53,240.0,676.0,50.0,5078.64,1.0,CONS-004,4.0,Problema garantia,36.0,,,0.5444097727590017,False
PR-006251,2025-08-29,Organico,Brasília,DF,Sala comercial,412792.34,158338.95,84.0,764.0,57.0,13696.98,0.0,CONS-007,6.0,Contratada,54.0,2025-10-22,1.15,0.38358015558137537,True
PR-006252,2025-02-24,Organico,Salvador,BA,Casa,369983.41,247863.15,120.0,646.0,50.0,14413.61,0.0,CONS-006,3.0,Sem retorno,25.0,,,0.6699304436379999,False
PR-006253,2024-07-25,Organico,Belo Horizonte,MG,Sala comercial,672931.08,327810.3,240.0,693.0,35.0,1800.0,0.0,CONS-022,4.0,Problema garantia,24.0,,,0.4871379993327103,False
PR-006256,2024-07-13,Mídia paga,Porto Alegre,RS,Apartamento,906256.15,496174.49,60.0,613.0,40.0,9355.56,0.0,CONS-030,6.0,Contratada,32.0,2024-08-14,1.37,0.5474991700745976,True
PR-006257,2024-02-10,Organico,Rio de Janeiro,RJ,Sala comercial,639077.26,279626.77,240.0,638.0,57.0,4287.36,0.0,CONS-005,3.0,Reprovada crédito,24.0,,,0.43754767616046925,False
PR-006258,2024-04-11,Parceria,Campinas,SP,Apartamento,691695.3,252825.36,180.0,747.0,31.0,6127.17,0.0,CONS-027,6.0,Contratada,36.0,2024-10-12,1.44,0.36551550950252226,True
PR-006259,2024-09-27,Parceria,Santos,SP,Casa,416974.11,243667.38,60.0,692.0,43.0,2179.52,0.0,CONS-005,2.0,Reprovada crédito,26.0,,,0.5843705260261842,False
PR-006261,2024-12-22,Correspondente,Rio de Janeiro,RJ,Apartamento,423854.94,196244.8,120.0,450.0,33.0,5004.87,0.0,CONS-009,4.0,Sem retorno,28.0,,,0.46299991218693826,False
PR-006262,2025-03-17,Parceria,Porto Alegre,RS,Sala comercial,780006.93,353482.31,240.0,683.0,56.0,1944.49,0.0,CONS-002,3.0,Desistiu,37.0,,,0.45317842240196504,False
PR-006263,2024-08-31,Correspondente,Goiânia,GO,Casa,450918.81,248705.38,84.0,654.0,44.0,3413.26,0.0,CONS-015,3.0,Desistiu,31.0,,,0.5515524624044847,False
PR-006264,2025-07-25,Parceria,Belo Horizonte,MG,Casa,927677.5,641057.48,60.0,630.0,24.0,11067.96,0.0,CONS-020,5.0,Desistiu,60.0,,,0.6910348477784575,False
PR-006265,2025-08-29,Mídia paga,São Paulo,SP,Apartamento,357254.72,145137.68,60.0,753.0,28.0,3377.3,0.0,CONS-025,6.0,Contratada,48.0,2025-10-16,1.42,0.40625825741364596,True
PR-006267,2025-08-13,Correspondente,Santos,SP,Apartamento,1372470.62,591494.78,84.0,693.0,41.0,6342.89,1.0,CONS-029,6.0,Contratada,38.0,2025-09-20,1.53,0.43097081378689184,True
PR-006268,2024-03-31,Parceria,Curitiba,PR,Casa,1437532.37,779957.99,180.0,771.0,53.0,2619.87,0.0,CONS-018,6.0,Contratada,30.0,2024-04-30,1.39,0.5425672536333912,True
PR-006269,2024-09-13,Organico,Porto Alegre,RS,Casa,796748.6,333339.53,240.0,595.0,38.0,23783.82,1.0,CONS-022,2.0,Reprovada crédito,37.0,,,0.41837479224939966,False
PR-006270,2024-09-26,Organico,Brasília,DF,Apartamento,1626189.07,969056.1,84.0,660.0,29.0,1800.0,0.0,CONS-016,3.0,Sem retorno,19.0,,,0.5959061697542956,False
PR-006271,2025-03-08,Correspondente,Belo Horizonte,MG,Apartamento,904698.28,406415.73,180.0,674.0,34.0,2543.99,1.0,CONS-019,5.0,Desistiu,17.0,,,0.4492279238112401,False
PR-006272,2025-03-21,Mídia paga,Salvador,BA,Apartamento,510011.21,278746.98,240.0,788.0,37.0,17666.77,1.0,CONS-007,3.0,Desistiu,29.0,,,0.5465506924837985,False
PR-006273,2024-07-15,Correspondente,São Paulo,SP,Casa,511753.36,275767.05,240.0,695.0,25.0,3808.93,0.0,CONS-002,4.0,Problema garantia,19.0,,,0.538867101918002,False
PR-006274,2025-06-06,Indicação,Salvador,BA,Apartamento,1241770.0,730792.02,60.0,708.0,41.0,6675.07,0.0,CONS-003,3.0,Desistiu,35.0,,,0.5885083550093818,False
PR-006275,2024-10-12,Organico,Porto Alegre,RS,Apartamento,679554.18,315170.29,84.0,589.0,32.0,4501.06,0.0,CONS-002,6.0,Contratada,60.0,2025-08-02,1.33,0.46378978935866444,True
PR-006276,2024-11-19,Correspondente,Brasília,DF,Casa,676130.79,273058.74,120.0,648.0,23.0,11234.33,0.0,CONS-004,3.0,Reprovada crédito,25.0,,,0.40385491097070136,False
PR-006277,2024-12-25,Mídia paga,São Paulo,SP,Casa,981150.85,418717.33,180.0,741.0,31.0,5772.8,0.0,CONS-029,3.0,Desistiu,29.0,,,0.42676142002017325,False
PR-006278,2025-06-30,Indicação,Porto Alegre,RS,Apartamento,1020934.19,398098.79,60.0,726.0,25.0,2443.85,0.0,CONS-013,4.0,Problema garantia,24.0,,,0.38993579987756116,False
PR-006279,2024-12-10,Correspondente,Florianópolis,SC,Casa,665995.93,340352.18,120.0,660.0,42.0,2993.17,0.0,CONS-020,4.0,Problema garantia,43.0,,,0.5110424323463958,False
PR-006280,2024-08-30,Indicação,Salvador,BA,Apartamento,676521.64,341588.57,84.0,607.0,52.0,4383.87,1.0,CONS-019,6.0,Contratada,59.0,2024-10-28,1.34,0.5049189113891464,True
PR-006281,2024-10-25,Mídia paga,Rio de Janeiro,RJ,Apartamento,508320.8,306604.0,60.0,699.0,47.0,1800.0,0.0,CONS-009,5.0,Desistiu,45.0,,,0.6031702814443163,False
PR-006282,2024-06-05,Organico,Belo Horizonte,MG,Apartamento,659359.4,284722.74,84.0,630.0,34.0,4498.2,0.0,CONS-003,3.0,Reprovada crédito,27.0,,,0.43181721531535,False
PR-006283,2025-08-11,Correspondente,Goiânia,GO,Apartamento,2233065.34,688761.42,120.0,649.0,42.0,6934.46,0.0,CONS-009,4.0,Sem retorno,22.0,,,0.3084376474178763,False
PR-006284,2024-08-15,Correspondente,São Paulo,SP,Casa,823289.96,640894.0,120.0,692.0,50.0,4156.82,0.0,CONS-023,3.0,Reprovada crédito,37.0,,,0.7784547743057623,False
PR-006285,2024-05-28,Correspondente,Belo Horizonte,MG,Casa,542234.88,220085.7,240.0,709.0,39.0,1800.0,1.0,CONS-029,3.0,Desistiu,14.0,,,0.4058862830808671,False
PR-006286,2024-11-28,Correspondente,Belo Horizonte,MG,Sala comercial,674145.39,415856.38,60.0,756.0,43.0,7742.27,0.0,CONS-003,4.0,Problema garantia,32.0,,,0.6168645312548974,False
PR-006287,2024-06-17,Parceria,Campinas,SP,Apartamento,528441.15,121541.46,180.0,570.0,45.0,5573.98,0.0,CONS-018,3.0,Desistiu,42.0,,,0.22999999148438763,False
PR-006288,2025-02-08,Mídia paga,Campinas,SP,Imóvel rural,1001366.02,454044.22,240.0,601.0,57.0,5273.5,1.0,CONS-026,3.0,Desistiu,32.0,,,0.4534248326101578,False
PR-006289,2025-05-22,Mídia paga,São Paulo,SP,Apartamento,703609.38,324340.69,240.0,644.0,38.0,2053.34,0.0,CONS-017,3.0,Sem retorno,34.0,,,0.4609669785812122,False
PR-006290,2025-04-18,Organico,Brasília,DF,Apartamento,532547.35,214223.7,84.0,588.0,44.0,2960.5,0.0,CONS-004,5.0,Documentação pendente,23.0,,,0.40226225893340756,False
PR-006292,2024-07-11,Organico,Goiânia,GO,Apartamento,572251.97,222106.55,84.0,583.0,37.0,3694.18,0.0,CONS-011,3.0,Reprovada crédito,36.0,,,0.3881271915935912,False
PR-006293,2024-08-26,Mídia paga,Salvador,BA,Apartamento,417263.12,207287.18,60.0,818.0,36.0,8481.48,0.0,CONS-005,3.0,Reprovada crédito,20.0,,,0.49677810011102824,False
PR-006294,2024-12-13,Correspondente,Campinas,SP,Sala comercial,1044756.7,277249.96,84.0,822.0,30.0,4538.23,0.0,CONS-028,4.0,Problema garantia,23.0,,,0.2653727513783832,False
PR-006295,2024-10-26,Organico,Curitiba,PR,Apartamento,898058.71,412150.93,120.0,605.0,62.0,1800.0,0.0,CONS-020,3.0,Reprovada crédito,28.0,,,0.45893539632837593,False
PR-006296,2025-08-07,Organico,Campinas,SP,Apartamento,990473.6,453371.87,84.0,557.0,44.0,7284.94,0.0,CONS-011,2.0,Desistiu,31.0,,,0.4577324120501546,False
PR-006297,2024-02-10,Mídia paga,Porto Alegre,RS,Sala comercial,677055.79,370838.25,120.0,663.0,47.0,4723.67,0.0,CONS-017,4.0,Sem retorno,23.0,,,0.5477218502185764,False
PR-006298,2024-11-22,Mídia paga,Brasília,DF,Apartamento,601099.09,362113.69,240.0,712.0,52.0,6685.87,0.0,CONS-003,3.0,Sem retorno,13.0,,,0.602419294961834,False
PR-006299,2025-09-04,Indicação,Campinas,SP,Apartamento,491394.75,235031.73,120.0,623.0,51.0,7249.41,0.0,CONS-006,4.0,Problema garantia,35.0,,,0.478295158831062,False
PR-006300,2025-05-10,Parceria,Brasília,DF,Sala comercial,801753.39,294180.7,60.0,611.0,46.0,7257.24,0.0,CONS-001,6.0,Contratada,36.0,2025-10-11,1.41,0.36692167899658024,True
PR-006302,2025-09-08,Mídia paga,Campinas,SP,Casa,859418.34,346002.38,84.0,673.0,43.0,8784.82,0.0,CONS-028,2.0,Sem retorno,35.0,,,0.40260064731688183,False
PR-006303,2025-03-30,Correspondente,Santos,SP,Apartamento,935686.27,551084.52,60.0,360.0,27.0,3837.9,1.0,CONS-015,5.0,Desistiu,27.0,,,0.5889629223692681,False
PR-006304,2024-08-20,Correspondente,Curitiba,PR,Apartamento,393092.74,304023.08,180.0,683.0,48.0,2394.63,0.0,CONS-010,3.0,Desistiu,30.0,,,0.7734131136586242,False
PR-006305,2024-12-17,Correspondente,Brasília,DF,Apartamento,424889.54,210877.29,240.0,679.0,52.0,8544.28,1.0,CONS-023,6.0,Contratada,22.0,2025-08-01,1.35,0.49631085293368254,True
PR-006306,2025-11-06,Organico,Santos,SP,Apartamento,820468.71,454809.9,180.0,724.0,31.0,2971.43,0.0,CONS-004,1.0,Desistiu,22.0,,,0.5543293661984989,False
PR-006307,2024-12-22,Mídia paga,Goiânia,GO,Casa,621131.46,370284.94,84.0,565.0,43.0,3737.98,0.0,CONS-017,6.0,Contratada,39.0,2025-01-30,1.16,0.5961458464847361,True
PR-006308,2025-09-11,Indicação,Campinas,SP,Casa,599348.53,286573.97,84.0,733.0,41.0,5556.09,0.0,CONS-024,6.0,Contratada,42.0,2025-12-21,1.14,0.4781424424282812,True
PR-006309,2024-12-28,Mídia paga,Goiânia,GO,Apartamento,512023.99,340761.58,120.0,763.0,27.0,10007.81,0.0,CONS-025,3.0,Desistiu,23.0,,,0.665518777743207,False
PR-006310,2025-08-24,Indicação,São Paulo,SP,Apartamento,900847.63,425151.5,60.0,634.0,24.0,2205.91,0.0,CONS-027,6.0,Contratada,45.0,2025-08-10,1.36,0.47194607150157014,True
PR-006311,2025-06-24,Correspondente,Curitiba,PR,Casa,510340.44,256905.92,180.0,673.0,21.0,2156.19,0.0,CONS-019,6.0,Contratada,37.0,2025-07-31,1.36,0.5034010630237338,True
PR-006312,2025-05-10,Correspondente,Rio de Janeiro,RJ,Sala comercial,377106.45,167329.06,84.0,659.0,41.0,8038.05,0.0,CONS-021,5.0,Desistiu,29.0,,,0.443718371828432,False
PR-006313,2025-07-21,Correspondente,Campinas,SP,Casa,1026089.11,434795.78,84.0,604.0,59.0,6416.95,0.0,CONS-028,5.0,Desistiu,48.0,,,0.4237407606830561,False
PR-006314,2024-04-06,Organico,Goiânia,GO,Apartamento,337306.04,185425.74,240.0,675.0,46.0,9091.86,0.0,CONS-029,6.0,Contratada,28.0,2024-02-07,1.52,0.5497255252233254,True
PR-006315,2024-06-22,Organico,São Paulo,SP,Casa,494515.93,296493.28,120.0,595.0,28.0,9319.0,0.0,CONS-004,2.0,Reprovada crédito,16.0,,,0.599562647051633,False
PR-006316,2025-02-16,Correspondente,Recife,PE,Casa,511911.11,353691.23,240.0,752.0,21.0,8768.9,0.0,CONS-028,2.0,Desistiu,37.0,,,0.6909231370266607,False
PR-006317,2024-08-24,Parceria,Porto Alegre,RS,Casa,938612.95,615654.31,84.0,591.0,32.0,4286.82,0.0,CONS-019,2.0,Desistiu,31.0,,,0.6559192583055669,False
PR-006318,2025-04-16,Mídia paga,Recife,PE,Casa,975623.89,455646.42,84.0,692.0,55.0,5754.68,0.0,CONS-017,3.0,Desistiu,25.0,,,0.4670308145078325,False
PR-006319,2025-04-30,Organico,Recife,PE,Casa,319866.0,147732.33,120.0,578.0,55.0,6142.39,0.0,CONS-029,3.0,Sem retorno,35.0,,,0.4618569338410459,False
PR-006320,2025-09-09,Correspondente,Recife,PE,Casa,1264582.17,555284.4,180.0,625.0,46.0,11491.65,1.0,CONS-003,3.0,Sem retorno,24.0,,,0.43910503656713745,False
PR-006321,2025-08-30,Correspondente,Brasília,DF,Apartamento,1278797.31,753835.54,60.0,628.0,39.0,3522.72,1.0,CONS-021,3.0,Reprovada crédito,38.0,,,0.5894878993763288,False
PR-006322,2025-09-29,Correspondente,Recife,PE,Casa,803847.13,457450.13,120.0,653.0,37.0,5304.83,1.0,CONS-026,3.0,Reprovada crédito,16.0,,,0.5690760256866253,False
PR-006323,2025-05-05,Mídia paga,Brasília,DF,Casa,240630.43,107081.47,120.0,542.0,33.0,1850.06,0.0,CONS-012,4.0,Sem retorno,20.0,,,0.4450038592375869,False
PR-006324,2024-09-23,Indicação,Recife,PE,Casa,965093.2,477053.82,240.0,671.0,26.0,4958.92,1.0,CONS-022,5.0,Desistiu,44.0,,,0.4943085496820411,False
PR-006325,2025-02-25,Parceria,Campinas,SP,Apartamento,1095144.23,717266.58,84.0,751.0,51.0,7522.67,0.0,CONS-022,6.0,Contratada,33.0,2025-03-30,1.27,0.6549517043978764,True
PR-006326,2024-04-09,Indicação,São Paulo,SP,Apartamento,834072.82,572160.97,120.0,680.0,42.0,3185.6,0.0,CONS-014,5.0,Documentação pendente,13.0,,,0.6859844323904476,False
PR-006327,2025-11-02,Parceria,Porto Alegre,RS,Apartamento,783012.09,323002.71,84.0,657.0,21.0,1800.0,0.0,CONS-010,3.0,Sem retorno,21.0,,,0.4125130558328927,False
PR-006329,2024-09-05,Mídia paga,São Paulo,SP,Sala comercial,472204.82,252661.3,120.0,759.0,44.0,6407.17,0.0,CONS-006,1.0,Desistiu,12.0,,,0.5350671769932378,False
PR-006330,2025-05-02,Organico,São Paulo,SP,Apartamento,1291169.84,828141.7,84.0,717.0,44.0,1879.83,0.0,CONS-025,1.0,Desistiu,16.0,,,0.6413886650264383,False
PR-006331,2025-03-30,Correspondente,Recife,PE,Imóvel rural,1461719.34,732392.72,180.0,652.0,46.0,4552.74,0.0,CONS-013,4.0,Sem retorno,10.0,,,0.5010487991490897,False
PR-006332,2025-03-21,Indicação,Salvador,BA,Apartamento,445760.23,184607.45,120.0,644.0,38.0,3718.58,0.0,CONS-015,5.0,Documentação pendente,32.0,,,0.4141406917346575,False
PR-006333,2025-07-05,Indicação,Goiânia,GO,Apartamento,1566297.28,600682.46,240.0,603.0,22.0,5690.63,0.0,CONS-004,6.0,Contratada,33.0,2025-09-06,1.38,0.3835047584325754,True
PR-006334,2025-01-28,Parceria,Belo Horizonte,MG,Apartamento,1087200.48,394066.4,240.0,609.0,33.0,7647.89,0.0,CONS-005,5.0,Desistiu,26.0,,,0.36245973695670186,False
PR-006335,2024-12-06,Parceria,Santos,SP,Apartamento,998306.73,639551.69,120.0,682.0,43.0,7867.44,0.0,CONS-012,3.0,Reprovada crédito,33.0,,,0.6406364604994699,False
PR-006336,2024-11-02,Correspondente,São Paulo,SP,Apartamento,747730.98,344588.75,60.0,721.0,35.0,6152.27,0.0,CONS-027,6.0,Contratada,36.0,2024-03-18,1.14,0.46084589139265036,True
PR-006337,2025-03-03,Organico,Curitiba,PR,Casa,1376829.01,800573.23,120.0,717.0,21.0,1800.0,0.0,CONS-015,5.0,Desistiu,30.0,,,0.5814616224566622,False
PR-006338,2024-12-17,Organico,Curitiba,PR,Casa,375636.4,160083.05,84.0,722.0,41.0,6026.89,0.0,CONS-002,6.0,Contratada,45.0,2025-01-31,1.21,0.42616490308180993,True
PR-006339,2025-07-16,Correspondente,São Paulo,SP,Sala comercial,286292.73,112729.62,180.0,656.0,33.0,6390.39,0.0,CONS-015,3.0,Desistiu,31.0,,,0.3937564883327635,False
PR-006340,2024-08-15,Mídia paga,São Paulo,SP,Apartamento,1033276.12,657206.65,84.0,546.0,48.0,11951.97,0.0,CONS-016,4.0,Sem retorno,5.0,,,0.6360416516739011,False
PR-006341,2025-05-03,Correspondente,Rio de Janeiro,RJ,Apartamento,863880.75,261468.11,120.0,730.0,49.0,4475.93,0.0,CONS-009,2.0,Sem retorno,17.0,,,0.30266690165280336,False
PR-006342,2025-09-07,Correspondente,Goiânia,GO,Apartamento,837701.88,332473.59,84.0,651.0,21.0,8439.66,0.0,CONS-010,3.0,Sem retorno,33.0,,,0.39688772096345304,False
PR-006343,2024-12-18,Mídia paga,Santos,SP,Casa,591331.69,298469.21,240.0,772.0,38.0,4778.61,0.0,CONS-014,5.0,Desistiu,41.0,,,0.5047407657113727,False
PR-006344,2025-09-09,Correspondente,Goiânia,GO,Apartamento,881185.13,579106.04,120.0,589.0,26.0,10175.19,1.0,CONS-005,3.0,Reprovada crédito,27.0,,,0.6571899823139322,False
PR-006346,2025-02-14,Parceria,Santos,SP,Imóvel rural,733602.57,346387.53,60.0,607.0,36.0,9168.4,0.0,CONS-009,6.0,Contratada,19.0,2025-05-03,1.22,0.4721732776917617,True
PR-006347,2024-11-16,Correspondente,São Paulo,SP,Apartamento,630562.63,316739.74,180.0,769.0,21.0,2145.09,0.0,CONS-014,4.0,Problema garantia,30.0,,,0.502312894755593,False
PR-006348,2025-01-23,Correspondente,Goiânia,GO,Casa,489782.18,282270.7,84.0,768.0,49.0,5949.17,0.0,CONS-021,4.0,Sem retorno,11.0,,,0.5763188444299873,False
PR-006349,2024-09-11,Parceria,Porto Alegre,RS,Casa,825414.14,437234.02,84.0,593.0,47.0,5334.34,0.0,CONS-028,3.0,Reprovada crédito,29.0,,,0.5297147199344078,False
PR-006350,2024-10-11,Parceria,Curitiba,PR,Casa,790196.85,390514.58,84.0,669.0,53.0,4277.11,0.0,CONS-009,3.0,Sem retorno,43.0,,,0.49419911000657624,False
PR-006351,2024-06-21,Organico,Santos,SP,Casa,1156750.38,495466.6,84.0,621.0,23.0,9801.99,0.0,CONS-018,2.0,Reprovada crédito,17.0,,,0.42832629110525994,False
PR-006352,2024-03-27,Organico,Recife,PE,Casa,701352.47,229975.22,240.0,691.0,31.0,8343.38,0.0,CONS-026,6.0,Contratada,14.0,2024-10-04,1.25,0.32790248817402756,True
PR-006353,2025-11-08,Parceria,Salvador,BA,Sala comercial,264963.21,128237.77,120.0,752.0,51.0,3763.81,1.0,CONS-014,6.0,Contratada,39.0,2025-09-19,1.4,0.4839833047010564,True
PR-006355,2024-08-31,Organico,Belo Horizonte,MG,Apartamento,836541.82,296942.87,180.0,647.0,57.0,5610.21,1.0,CONS-021,5.0,Documentação pendente,47.0,,,0.3549647643437599,False
PR-006356,2024-11-25,Parceria,Salvador,BA,Casa,1133042.69,457128.73,180.0,639.0,60.0,4993.32,0.0,CONS-018,5.0,Documentação pendente,47.0,,,0.40345234476557984,False
PR-006357,2025-05-23,Mídia paga,Florianópolis,SC,Sala comercial,1344178.09,380717.21,60.0,632.0,45.0,3130.93,0.0,CONS-023,2.0,Reprovada crédito,37.0,,,0.28323420299165863,False
PR-006358,2025-10-06,Correspondente,Salvador,BA,Casa,1184721.41,576543.94,84.0,712.0,34.0,1859.21,0.0,CONS-015,4.0,Sem retorno,22.0,,,0.48664938029608157,False
PR-006359,2025-01-23,Parceria,Rio de Janeiro,RJ,Sala comercial,369682.71,262992.47,60.0,644.0,35.0,6901.75,0.0,CONS-021,4.0,Problema garantia,37.0,,,0.7114005142409824,False
PR-006361,2024-10-26,Organico,Goiânia,GO,Casa,772025.11,453791.9,180.0,636.0,39.0,13107.66,0.0,CONS-019,6.0,Contratada,16.0,2024-11-11,1.45,0.5877942234288209,True
PR-006362,2024-02-15,Organico,Goiânia,GO,Casa,590113.93,309856.44,120.0,561.0,43.0,6423.63,0.0,CONS-009,4.0,Sem retorno,37.0,,,0.5250790131322607,False
PR-006363,2025-03-15,Correspondente,São Paulo,SP,Apartamento,501896.32,160742.64,240.0,617.0,42.0,6925.51,0.0,CONS-026,4.0,Sem retorno,34.0,,,0.3202706088779452,False
PR-006364,2024-12-20,Organico,Rio de Janeiro,RJ,Casa,553519.45,295222.73,84.0,671.0,37.0,4162.6,0.0,CONS-002,2.0,Desistiu,17.0,,,0.5333556571498979,False
PR-006365,2025-01-08,Organico,Florianópolis,SC,Apartamento,825280.51,580085.22,84.0,609.0,28.0,4065.37,0.0,CONS-018,4.0,Sem retorno,20.0,,,0.7028946073135787,False
PR-006366,2024-07-22,Mídia paga,Goiânia,GO,Apartamento,1012514.19,677853.34,180.0,737.0,33.0,12282.77,0.0,CONS-027,2.0,Desistiu,12.0,,,0.6694753976731921,False
PR-006367,2024-07-07,Mídia paga,Campinas,SP,Apartamento,334789.26,148361.89,240.0,782.0,36.0,8335.83,0.0,CONS-014,4.0,Problema garantia,24.0,,,0.4431500879090327,False
PR-006368,2025-03-03,Mídia paga,Rio de Janeiro,RJ,Apartamento,981885.63,463742.1,180.0,629.0,36.0,11052.35,1.0,CONS-014,3.0,Reprovada crédito,38.0,,,0.47229747114233656,False
PR-006369,2024-10-23,Correspondente,Goiânia,GO,Apartamento,631377.37,303212.48,84.0,594.0,34.0,3814.32,0.0,CONS-018,4.0,Problema garantia,26.0,,,0.48023970197094645,False
PR-006370,2025-08-21,Correspondente,Porto Alegre,RS,Sala comercial,482195.55,234956.3,60.0,684.0,35.0,3704.62,0.0,CONS-002,6.0,Contratada,53.0,2025-10-13,1.1,0.487263517881905,True
PR-006371,2024-08-06,Correspondente,Recife,PE,Casa,308456.41,168066.02,84.0,658.0,47.0,7630.36,0.0,CONS-009,3.0,Reprovada crédito,46.0,,,0.5448614927470627,False
PR-006372,2024-11-14,Correspondente,Salvador,BA,Casa,943907.93,570742.26,84.0,703.0,33.0,9659.67,0.0,CONS-016,3.0,Desistiu,32.0,,,0.6046588251462195,False
PR-006374,2025-04-27,Parceria,Campinas,SP,Apartamento,397712.3,208393.08,120.0,596.0,42.0,3113.01,0.0,CONS-005,4.0,Sem retorno,43.0,,,0.5239794695814034,False
PR-006375,2024-01-07,Mídia paga,Belo Horizonte,MG,Apartamento,513919.58,255564.97,60.0,682.0,47.0,14060.65,1.0,CONS-011,5.0,Documentação pendente,36.0,,,0.4972859177694689,False
PR-006376,2025-06-04,Organico,Salvador,BA,Apartamento,586573.93,211838.06,180.0,796.0,36.0,5578.37,0.0,CONS-029,3.0,Desistiu,26.0,,,0.36114468980917713,False
PR-006377,2025-02-21,Indicação,Belo Horizonte,MG,Apartamento,1363185.27,674140.45,180.0,624.0,43.0,5303.74,0.0,CONS-005,5.0,Documentação pendente,33.0,,,0.49453325592345926,False
PR-006378,2024-07-15,Organico,Brasília,DF,Apartamento,693658.2,336762.19,120.0,706.0,49.0,8321.7,0.0,CONS-016,2.0,Sem retorno,33.0,,,0.48548721834471215,False
PR-006379,2025-01-01,Organico,Goiânia,GO,Apartamento,1352991.02,647349.82,180.0,578.0,33.0,10336.21,0.0,CONS-002,5.0,Desistiu,30.0,,,0.47845832709222264,False
PR-006380,2025-01-14,Correspondente,Rio de Janeiro,RJ,Sala comercial,1397339.81,773973.66,180.0,587.0,45.0,9626.73,0.0,CONS-003,2.0,Desistiu,7.0,,,0.5538907962552072,False
PR-006381,2024-09-11,Organico,Salvador,BA,Apartamento,706339.25,234077.44,240.0,595.0,45.0,5583.56,0.0,CONS-023,5.0,Desistiu,52.0,,,0.3313952042166707,False
PR-006382,2025-12-09,Indicação,São Paulo,SP,Imóvel rural,297881.95,172168.58,180.0,531.0,46.0,7875.16,1.0,CONS-025,5.0,Documentação pendente,46.0,,,0.5779758726569367,False
PR-006383,2024-05-12,Parceria,Recife,PE,Apartamento,1750364.98,953466.33,84.0,774.0,30.0,3228.82,0.0,CONS-002,3.0,Desistiu,30.0,,,0.5447242951581447,False
PR-006384,2025-08-25,Correspondente,Salvador,BA,Apartamento,709038.4,370415.52,180.0,598.0,54.0,3876.07,0.0,CONS-002,3.0,Sem retorno,15.0,,,0.5224195473757134,False
PR-006385,2025-09-07,Organico,Salvador,BA,Apartamento,990922.84,611631.19,60.0,780.0,38.0,4447.94,0.0,CONS-022,3.0,Sem retorno,21.0,,,0.6172339210588788,False
PR-006386,2025-07-15,Organico,Curitiba,PR,Apartamento,529537.58,179482.91,60.0,670.0,44.0,6763.74,0.0,CONS-017,3.0,Desistiu,23.0,,,0.3389427243294046,False
PR-006387,2025-09-02,Parceria,Salvador,BA,Casa,717187.54,282974.97,240.0,757.0,36.0,5487.12,0.0,CONS-020,5.0,Documentação pendente,43.0,,,0.39456202766712867,False
PR-006388,2025-07-11,Indicação,Rio de Janeiro,RJ,Sala comercial,559892.25,259142.11,240.0,731.0,37.0,7185.61,1.0,CONS-022,4.0,Problema garantia,38.0,,,0.4628428237754675,False
PR-006389,2025-04-14,Correspondente,Rio de Janeiro,RJ,Apartamento,1631899.43,770062.28,120.0,654.0,39.0,5995.48,0.0,CONS-022,6.0,Contratada,50.0,2025-03-06,1.15,0.4718809663411673,True
PR-006390,2024-12-11,Mídia paga,Rio de Janeiro,RJ,Apartamento,839171.1,382833.07,240.0,642.0,37.0,5007.02,0.0,CONS-028,2.0,Desistiu,8.0,,,0.4562038301843331,False
PR-006391,2025-04-14,Mídia paga,Salvador,BA,Casa,691955.36,272477.28,60.0,537.0,51.0,2364.37,0.0,CONS-008,2.0,Reprovada crédito,31.0,,,0.39377869693790657,False
PR-006392,2025-09-28,Correspondente,Porto Alegre,RS,Casa,538164.49,186156.53,240.0,670.0,34.0,6505.64,0.0,CONS-009,4.0,Problema garantia,21.0,,,0.3459100952573069,False
PR-006393,2024-07-19,Indicação,Salvador,BA,Casa,978716.11,490929.17,240.0,585.0,35.0,3739.67,0.0,CONS-022,2.0,Desistiu,28.0,,,0.5016052816377979,False
PR-006394,2025-06-18,Organico,São Paulo,SP,Casa,572844.39,250207.89,180.0,747.0,45.0,6298.47,0.0,CONS-006,5.0,Desistiu,26.0,,,0.4367816013699637,False
PR-006395,2024-01-09,Correspondente,Goiânia,GO,Imóvel rural,1077994.06,767116.12,60.0,669.0,34.0,7654.76,1.0,CONS-021,5.0,Desistiu,40.0,,,0.7116144220683368,False
PR-006396,2025-11-07,Parceria,Campinas,SP,Apartamento,532316.17,274677.05,240.0,687.0,38.0,5580.07,0.0,CONS-024,2.0,Desistiu,31.0,,,0.5160035811048159,False
PR-006397,2025-02-18,Correspondente,Curitiba,PR,Casa,222716.3,84634.51,84.0,602.0,55.0,3221.26,0.0,CONS-027,3.0,Reprovada crédito,30.0,,,0.38001039887965093,False
PR-006398,2025-08-02,Mídia paga,Santos,SP,Apartamento,931517.3,298472.28,120.0,738.0,40.0,6071.87,0.0,CONS-012,2.0,Desistiu,35.0,,,0.32041517640091066,False
PR-006400,2025-03-26,Organico,Santos,SP,Casa,763963.55,350892.78,120.0,726.0,31.0,7612.35,0.0,CONS-027,3.0,Desistiu,12.0,,,0.45930565666385526,False
